Company,User_ID,User_Tweet,Company_Reply,Cleaned_User_Tweet,Cleaned_Company_Reply
AppleSupport,743475,@115858 why is it that my iPhone X i pre ordered weeks ago still is not shipping yet every week units show up in my local  store.  They won’t let me just buy it because my number is now tied to the useless preorder.  Lesson learned. Never preorder an Apple device again.,"@743475 Have you contacted our to our Sales Support team in regard to your pre-order yet? If not, we recommend doing so. They're the team best suited to explore all your options. The following page offers the 800 number where they can be reached: https://t.co/8yjRd1Xo0i",iphone x pre order week ship week unit local store let buy number tie useless preorder lesson learn preorder apple device,contact sales support team regard pre - order recommend team suit explore option following page offer number reach url
AppleSupport,299677,"@AppleSupport I have an iPhone 7 plus. Should I update IOS 11.0.3, I am confused as I am hearing a lot of complaints about battery and all.",@299677 iOS updates contain important security upgrades as well as new features. We advise all customers to stay up to date.,iphone plus update ios confuse hear lot complaint battery,ios update contain important security upgrade new feature advise customer stay date
AppleSupport,743474,why does my phone have the cheek to turn on bluetooth whenever i restart it ? ? ? @115858 please stop this X,@743474 We can help you. Are you using the Settings app to turn off Bluetooth or the Control Center?,phone cheek turn bluetooth restart stop x,help settings app turn bluetooth control center
AppleSupport,355313,@AppleSupport Hi. update 11.0.3 doesnt work well on the notifs. It’s gone.,@355313 We can work together on this. Can you give us more information about what's not working properly?,. update 11.0.3 work notif go,work information work
AppleSupport,355313,"@AppleSupport No previews of notifs was shown. Now I dont know when a tweet, email or message comes in.",@355313 Got it! Thanks for those additional details. Let's meet up in DM and pick up our chat there. https://t.co/GDrqU22YpT,preview notif show know tweet email message come,get thank additional detail let meet dm pick chat url
AppleSupport,355313,"@AppleSupport I dont get any notifications on my apps like messenger, viber etc... I need to open the app to check if i got messages",@355313 Does restarting your iPhone help the issue? Does this happen to every app or specific ones?,notification app messenger viber need open app check get message,restart iphone help issue happen app specific one
AppleSupport,355312,@115858 this update has killed my phone,@355312 We're here to help. Let's take this to DM so we can better assist you. https://t.co/GDrqU22YpT,update kill phone,help let dm assist url
AppleSupport,355310,Encore un gros bug #ios11 !! Logo pomme pendant 2 minutes et batterie qui perd 30% d’un coup ! Sérieusement @115858 @AppleSupport ??! 😡,@355310 We offer support via Twitter in English. Contact us for help in your preferred language here: https://t.co/IBIY3vMgPj,encore un gros bug ios11 logo pomme pendant minute et batterie qui perd % d’un coup sérieusement 😡,offer support twitter english contact help preferred language url
AppleSupport,187933,My iphone 6S Plus battery started draining after shifting to iOS 11.0.3. It has reduced to one third. @AppleSupport,@187933 We can help and first want to make sure we’re on the same page. Did you just update to 11.0.2?,iphone 6s battery start drain shift ios reduce,help want sure page update
AppleSupport,588137,@115858 what is this????? the letter “i” doesn’t work? can u fix this please it’s driving me fuckin nuts https://t.co/MZC6Ps1KGI,@588137 Thanks for reaching out. We can help you. Send us a DM and let us know which iOS you're running. We'll go from there. https://t.co/GDrqU22YpT,letter work fix drive fuckin nut url,thank reach help send dm let know run url
AppleSupport,743474,"@AppleSupport i use both, but i was wondering if there was a setting to keep bluetooth off until i turn it back on",@743474 Turning it off in Settings will keep it off until you're ready to use it again.,use wonder setting turn,turn settings ready use
AppleSupport,355315,@AppleSupport Before it was working perfectly fine. I tried to turn it off and on again but it wouldn’t even respond to that,@355315 Let's move to DM so we can gather some info and look into this with you further. Click the link when you are ready to begin. https://t.co/GDrqU22YpT,work fine try turn respond,let dm gather info look click link ready begin url
AppleSupport,355315,"@AppleSupport I updated my phone to the new iOS yesterday and it hasn't worked since, could you please investigate? Thank you",@355315 We want to help you with the iPhone. Can you tell us what's happening so we can look into this with you?,update phone new ios yesterday work investigate thank,want help iphone tell happen look
AppleSupport,355316,@AppleSupport everytime I try and log in https://t.co/CR8R9PUmpF,@355316 Let's get to the bottom of this together. We'd like to share this guide. Let us know if it helps: https://t.co/yoNhV7Et2A,everytime try log url,let like share guide let know help url
AppleSupport,743479,"I updated to iOS 11 and now my lock screen shows in demon colors before normal colors, someone help 😭",@743479 We're sorry to hear you're having issues! Could you DM us more information on what is happeing? https://t.co/GDrqU22YpT,update lock screen show demon color normal color help 😭,sorry hear have issue dm information happee url
AppleSupport,417694,@AppleSupport I'm a developer. How can I report an issue with API documentation? Should I file a bug report?,"@417694 We encourage leaving feedback using the Feedback Assistant. Find out how here: https://t.co/OTNGzDuUXI For other assistance with Beta software, you can reach out here as well: https://t.co/MN29maiV1D",developer report issue api documentation file bug report,encourage leave feedback feedback assistant find assistance beta software reach url
AppleSupport,187940,"Hey @AppleSupport I want to reset my security questions but I keep getting this lovely response, what gives? https://t.co/LfHGB9lU1k",@187940 The best resource for this issue will be our Apple ID experts here: https://t.co/IBIY3vMgPj,want reset security question get lovely response give url,good resource issue apple id expert url
AppleSupport,187938,@AppleSupport @187939 ICloud has been hacked by a very sick person. PLEASE PLEASE help her get it back immediately. I love u Amy!,@187938 We are here to help. DM us the details of your issue and we can take a look at this. https://t.co/GDrqU22YpT,icloud hack sick person help love amy,help dm detail issue look url
AppleSupport,187937,"@115858 @applesupport please give me back the 1.7 gb of photos. You can see, there are no photos in icloud 😒 #icloud https://t.co/fYK1kXA6sF",@187937 Let's look into this together. Please send us a DM and we will go from there. https://t.co/GDrqU22YpT,gb photo photo icloud 😒 icloud url,let look send dm url
AppleSupport,187936,@115858 Please fix iOS 11 errors or re-sign version 10.3.3 for all devices. Many iPhone SE and 5S users are facing serious problems.,@187936 We'd like to understand this concern more clearly to be able to help. What specific device and iOS version are you running?,fix error - sign version device iphone se 5s user face problem,like understand concern able help specific device version run
AppleSupport,187934,"@AppleSupport I am on 11.0.2 on iPhone 7. Few top bugs being messy notifications with few overlapping each other, unable to remove them, bad battery life.",@187934 We'd like to look into these with you. Could you please send us a DM so we can gather some info? https://t.co/GDrqU22YpT,iphone bug messy notification overlap unable remove bad battery life,like look send dm gather info url
AppleSupport,355319,Hey @115858 remember that time my phone worked great and then the update happened and it completely fucked my phone to where it doesn’t work.,@355319 We can help out. What kind of issues are you having since the update?,remember time phone work update happen fuck phone work,help kind issue have update
AppleSupport,355319,"@AppleSupport Slow, laggy, apps shut down , battery life",@355319 Thank you for those details! We'd like to help you get this resolved as quickly as possible. Send us a DM to continue. https://t.co/GDrqU22YpT,slow laggy app shut battery life,thank detail like help resolve possible send dm continue url
AppleSupport,713690,@115858 how about fixing your stupid autocorrect to recognize ACTUAL WORDS instead of worrying about 70 new friggen emojis! Last time I checked “the” IS A WORD!!! Smartphone my a$$!!!,"@713690 An update has been released to assist with this issue. If you haven’t yet, please back up your device and update it to iOS 11.1.1. For more info, check out: https://t.co/4f8hwT5to6",fix stupid autocorrect recognize actual word worry new friggen emoji time check word smartphone a$$,update release assist issue device update ios info check url
AppleSupport,355310,"@AppleSupport I've had a lot of troubles with my iPhone 6s since the upgrade to #iOS11. Phone not responding, battery getting low quickly... Any solution?",@355310 We'd like to look into this with you. Which iOS 11 version are you using?,lot trouble iphone upgrade ios11 phone respond battery get solution,like look version
AppleSupport,713691,"@AppleSupport hi, my apple account says I need to disable. I click the link to disable but the page never fully loads...?","@713691 We'd like to help. Does the message say your Apple ID is disabled? You can find more information about that here: https://t.co/HH37urdbz9 If you have any questions, please send us a DM. https://t.co/GDrqU22YpT",apple account say need disable click link disable page load,like help message apple id disable find information url question send dm url
AppleSupport,355318,@AppleSupport HELP! I have made an accidental in app purchase. Can I cancel? It asked for my Touch ID and I though I was unlocking!,@355318 We can help. Login to https://t.co/TnACmwZbFZ with your Apple ID and you should be able to report this.,help accidental app purchase cancel ask touch id unlocking,help login url apple id able report
AppleSupport,355317,iPhone keeps Fucking up ever since the new iPhone came out... WHAT A COINCIDENCE @115858,@355317 We're here to help. Let's take this to DM so we can better assist you. https://t.co/GDrqU22YpT,iphone keep fucking new iphone come coincidence,help let dm assist url
AppleSupport,187933,"@AppleSupport Yes it was a typing mistake, I have upgraded to 11.0.1 currently and facing severe battery timing issues after that.",@187933 Let's get your iPhone backed up and then updated to iOS 11.0.2 Then meet up with us in DM for the next steps. https://t.co/GDrqU22YpT,typing mistake upgrade face severe battery timing issue,let iphone back update ios meet dm step url
AppleSupport,457792,@AppleSupport my keyboard keeps glitching please fix it.,@457792 We received your DM and will respond there shortly. Talk to you soon!,keyboard keep glitche fix,receive dm respond talk
AppleSupport,187933,@AppleSupport Thank you! Yes for sure.,@187933 Great. You are welcome. Please keep us in the loop.,thank sure,welcome loop
AppleSupport,355310,@AppleSupport Thanks I’m using iOS 11.0.3,@355310 Go ahead and DM us your country to continue.,thank,dm country continue
AppleSupport,355301,@AppleSupport No way to stop them? I never had these happen until recently.,@355301 This article has some really good tips on stopping pop-up ads: https://t.co/qr0pQfKgYD,way stop happen,article good tip stop pop ad url
AppleSupport,142506,@AppleSupport I didn’t realize that by upgrading from my iPhone 6 to the new iPhone X I was loosing Bluetooth.  Any idea when I can return to life as I know it?,@142506 We want to help. The iPhone X does have Bluetooth capabilities. Can you tell us a bit about what is happening when you try to use Bluetooth so we can help?,realize upgrade iphone new iphone x loose bluetooth idea return life know,want help iphone x bluetooth capability tell bit happen try use bluetooth help
AppleSupport,187932,@AppleSupport can y’all please fix the music app in the control panel? i have bluetooth headphones and it won’t let me skip songs. https://t.co/iTYcKa5aUK,@187932 We want you to be able to enjoy your music on your iPhone. Have you restarted the iPhone or updated to the latest iOS 11.0.2?,fix music app control panel bluetooth headphone let skip song url,want able enjoy music iphone restart iphone update late ios
AppleSupport,142507,@AppleSupport Thanks again. I can play some songs from the album but not certain ones. It’s the same on a few different albums with the same error message. Restarting my phone hasn’t fixed it,"@142507 We want to make sure we don't advise any steps that might result in downloaded songs being deleted. Try going to Settings &gt; [your name] &gt; iCloud and sign out. Then reboot, sign back in and try one of the same songs.",thank play song album certain one different album error message restart phone fix,want sure advise step result download song delete try go setting gt gt icloud sign reboot sign try song
AppleSupport,197810,@115858 why can my WiFi signal be blocked by simply putting my hand over the top/ back of my iPhone X? Is this another death grip issue?🤦🏻‍♀️,@197810 Hey there. We'd like to help out with your new iPhone X. Send us a DM. https://t.co/GDrqU22YpT,wifi signal block put hand top/ iphone x death grip issue? 🏻‍ ♀,like help new iphone x. send dm url
AppleSupport,502796,@AppleSupport fix this I️ I️ I️ I️ I️,@502796 Here’s what you can do to work around the issue until it’s fixed in a future software update: https://t.co/xXaXeeSRt9,fix i️ i️ i️ i️ i️,work issue fix future software update url
AppleSupport,187932,@AppleSupport both bluetooth with the powerbeats 3 and without headphones whatsoever,@187932 Let's start by disabling Low Power Mode from Settings &gt; Battery. DM us to let us know if that resolves the concern. https://t.co/GDrqU22YpT,bluetooth powerbeat headphone,let start disable low power mode settings gt battery dm let know resolve concern url
AppleSupport,355301,"Hey @AppleSupport why am I getting these on my iPhone all the time?? I will close or back out, but when I go to secure links it’s popping up https://t.co/ac654uVxHu",@355301 Thanks for reaching out. Here's a great article to help with pop-up ads: https://t.co/LNMCdqt6fD,get iphone time close secure link pop url,thank reach great article help pop ad url
AppleSupport,587238,@115858 help.,@587238 We're here to help you. Send us a DM with more details on what is happening. We'll get started on this together. https://t.co/GDrqU22YpT,help,help send dm detail happen start url
AppleSupport,187932,@AppleSupport yes i’ve restarted numerous times. it fixes the issue briefly but then it doesn’t work again. i have ios 11.0.2 installed.,"@187932 Thanks. Does this only happen when using Bluetooth headphones, or do you notice the issue without headphones as well?",restart numerous time fix issue work io instal,thank happen bluetooth headphone notice issue headphone
AppleSupport,142507,@AppleSupport Thanks. I’ve done those steps and still not responded the problem,@142507 Are you able to try on a different Wi-Fi network? Let us know in DM. https://t.co/GDrqU22YpT,thank step respond problem,able try different wi fi network let know dm url
AppleSupport,502798,@115858 I️ hate that I️ can’t type I️ normally because the I️ turns into this dumb I️ thing. What even is I️????? Fix it or I️ will flip,@502798 Here’s what you can do to work around the issue until it’s fixed in a future software update: https://t.co/xXaXeeSRt9,i️ hate i️ type i️ i️ turn dumb i️ thing i️ fix i️ flip,work issue fix future software update url
AppleSupport,502799,@AppleSupport Thank you very much.,@502799 You're very welcome. Please DM us if you have any additional questions. Have a great week! https://t.co/GDrqU22YpT,thank,welcome dm additional question great week url
AppleSupport,502799,Hey @AppleSupport it would be great to type the first person singular pronoun on my keyboard again without “A?” appearing instead. Kthanx.,@502799 Thanks for reaching out. We have a workaround for this here: https://t.co/xXaXefaskH DM us if you still need help. https://t.co/GDrqU2kzhr,great type person singular pronoun keyboard appear kthanx,thank reach workaround url dm need help url
AppleSupport,506328,I️ have iPhone 8 but this shyt still acting dumb...@115858 need to fix these updates or something. There’s no reason my phone should be crashing while I’m sending long meaningful ass paragraph via text...now I️ have to restart from scratch😡😡😡,@506328 We want to help. Please share with us in DM if this only happens when trying to send a message: https://t.co/GDrqU22YpT,i️ iphone shyt act need fix update reason phone crash send meaningful ass paragraph text i️ restart scratch 😡 😡 😡,want help share dm happen try send message url
AppleSupport,502800,@AppleSupport I’m having this weird issue with my iPhone X where it shows a ? ◾️ anytime I use the letter “I”,@502800 Here’s what you can do to work around the issue until it’s fixed in a future software update: https://t.co/xXaXeeSRt9,have weird issue iphone x show use letter,work issue fix future software update url
AppleSupport,502801,@115858 y’all need to fix this glitch like yesterday before i get an android.,"@502801 Hi there! What's going on, exactly? https://t.co/GDrqU22YpT",need fix glitch yesterday android,go url
AppleSupport,502797,@AppleSupport - I’m trying to backup my photos from my Macbook to my iCloud account. Been downloading for more than 24 hours. Sound correct?,@502797 Thanks for reaching out. We're here to help. DM us so we can look into this further with you. https://t.co/GDrqU22YpT,try backup photo macbook icloud account download hour sound correct,thank reach help dm look url
AppleSupport,355302,"@AppleSupport Siri won’t work, i can’t dictate on whatsapp, the alarm doesn’t make any sound, phone sometimes freezes...",@355302 Let's work on a solution together. Please send us a DM with the country where you're located to continue. https://t.co/GDrqU22YpT,siri work dictate whatsapp alarm sound phone freeze,let work solution send dm country locate continue url
AppleSupport,355302,@AppleSupport when are we getting a new update that doesn’t suck and doesn’t mess with our phones? My #6s doesn’t work properly! #tired,@355302 Hi there. We'd be happy to help out. What's going on with your iPhone?,get new update suck mess phone 6s work tire,happy help go iphone
AppleSupport,355303,I love how my weather app names Saint Johnsbury with two different temperatures @AppleSupport @116429 https://t.co/GYT2L5UNNM,@355303 We know it's important to get the right information when needed. Let's try restarting the iPhone. Does it continue?,love weather app name saint johnsbury different temperature url,know important right information need let try restart iphone continue
AppleSupport,355309,@AppleSupport iTunes couldn’t activate/backup my friend’s iPhone. Error 0xE8000013 displayed. Refer below: https://t.co/if0L6jhLTb,@355309 We want to make sure your friend gets the help they need. Have them reach out to us so we can work with them directly.,itune activate backup friend iphone error 0xe8000013 display refer url,want sure friend get help need reach work
AppleSupport,355308,It's been a while that the iOS weather apps does not show the weather in none of the Kosovo's cities since iOS 10. @AppleSupport https://t.co/deJczJYpBr,@355308 We've got your DM and will continue with you there. Be on the lookout for our reply. Thank you!,ios weather app weather kosovo city url,get dm continue lookout reply thank
AppleSupport,355307,"Antes me llegaba a durar la batería casi dos dias, ahora no me dura ni medio. Que cojones hacéis? @AppleSupport @115858",@355307 We offer support via Twitter in English. Get help in Spanish here: https://t.co/IBIY3vMgPj or join https://t.co/OczyRx7IOs,ante llegaba durar la batería casi do dia ahora dura medio que cojone hacéis,offer support twitter english help spanish url join url
AppleSupport,355306,@AppleSupport #NewUpdate Problems with messages not sending or they’re really slow to send 🙄... can’t clear notification lists #annoying,"@355306 Let's take a look so you can enjoy the new features of the update. Are you trying to send iMessages, text messages, or both?",newupdate problems message send slow send 🙄 clear notification list annoy,let look enjoy new feature update try send imessages text message
AppleSupport,355305,@115858 help a sister out,@355305 This is certainly not the behavior we want you to experience. Could you tell us which iPhone and iOS version you're using?,help sister,behavior want experience tell iphone version
AppleSupport,625824,So is @115858 even trying to fix this I️ thing?,@625824 Here’s what you can do to work around the issue until it’s fixed in a future software update: https://t.co/xXaXeeSRt9,try fix i️ thing,work issue fix future software update url
AppleSupport,625823,Nobody update your iPhone if you haven’t yet bc it’s trash. I️ have to restart my phone every time I️ try to open apps. Thanks @115858 ✊🏼🚮,"@625823 Let's look into what's going on together. To start, DM us which iPhone and iOS version you're having issues with. https://t.co/GDrqU22YpT",update iphone bc trash i️ restart phone time try open app thank 🏼 🚮,let look go start dm iphone version have issue url
AppleSupport,355304,Why isn’t my Apple Music working 🙃🤦🏼‍♂️ @AppleSupport https://t.co/c5RWGzxpr2,"@355304 Let's see what's going on. Can you try to force close Music? If not, give it a shot: https://t.co/RqqIctrDWV",apple music work 🙃 🏼‍ url,let go try force close music shot url
AppleSupport,430831,@AppleSupport Yes. All iPhones.,@430831 In the Control Center are both Wi-Fi and Bluetooth on and is Airdrop set up as Cntacts Only or Everyone?,iphones,control center wi fi bluetooth airdrop set cntact
AppleSupport,355304,@AppleSupport It didn’t work so what next,"@355304 Does this persist after rebooting your iPhone as well? If so, let's follow up in DM. Tell us the version of iOS installed there. https://t.co/GDrqU2kzhr",work,persist reboot iphone let follow dm tell version ios instal url
AppleSupport,267484,This new iOS update is the worst. My phone will not stop freezing @AppleSupport,@267484 This is certainly not the behavior we want you to experience. Could you DM us which iPhone and iOS 11 version you're using?,new update bad phone stop freeze,behavior want experience dm iphone version
AppleSupport,201419,"@AppleSupport Advice: iPad apps in iOS 11 won’t operate in split view. Apps: Facebook,  NYTIMES, tumblr, and YouTubeTV won’t allow.",@201419 Please review the following article and send us a DM if the issue persists: https://t.co/WTnoQ22YPG https://t.co/GDrqU22YpT,advice ipad app ios operate split view app facebook nytimes tumblr allow,review follow article send dm issue persist url url
AppleSupport,365702,@797 @115858  tu nueva actualización iOS 11.0.3 tiene o crea muchas fallas en menos de 24hrs dos veces se bloquea el celular 👎🏼 sucks.. https://t.co/higLwPIV0D,@365702 We offer support via Twitter in English. Get help in Spanish here: https://t.co/IBIY3vMgPj or join https://t.co/OczyRx7IOs,tu nueva actualización ios tiene o muchas falla 24hrs do vece bloquea el celular 👎 🏼 suck url,offer support twitter english help spanish url join url
AppleSupport,365701,@AppleSupport the battery drain since the 11.0.03 update on my iPhone 7 is RIDICULOUS!!  Fixing that one problem should be your PRIORITY #1,@365701 Thanks for reaching out. We're here to help. DM us so we can look into this further with you. https://t.co/GDrqU22YpT,battery drain update iphone ridiculous fix problem priority,thank reach help dm look url
AppleSupport,365700,@115858 thank you for deleting all my playlists in your update.,@365700 We'd like to assist as best we can. DM us and we'll see what we can to help. https://t.co/GDrqU22YpT,thank delete playlist update,like assist dm help url
AppleSupport,365699,@AppleSupport my iPhone 6 is slow and it is damaging my productivity and I can’t even google suggestns background refresh off. iOS updated,@365699 Let's see what we can do to assist. Are you experiencing this with multiple Apps? Let us know in DM. https://t.co/GDrqU22YpT,iphone slow damage productivity google suggestns background refresh ios update,let assist experience multiple app let know dm url
AppleSupport,142505,Not surprised 11.1.2 is full of bugs @116333 @115858 @AppleSupport my iPhone 8 crashed twice this week  already. Steve would not approve at the loss of “thoughtfulness” and “quality” in your Software coding and QA testing Tim. Apple has fallen VERY far on your watch.,"@142505 We'd like to help get your iPhone to not restart itself. What showed on its screen when it did restart itself?

Have you tried any steps so far?",surprised 11.1.2 bug iphone crash week steve approve loss thoughtfulness quality software coding qa testing tim apple fall watch,like help iphone restart show screen restart try step
AppleSupport,142505,@AppleSupport two times. USA,@142505 We received your DM and will continue with you there.,time usa,receive dm continue
AppleSupport,818410,@AppleSupport I’ve done a tally of how far I’ve gone this month and this is wrong. It’s actually been wrong all month (from the start it’s said 201.3km/221.3km). What’s going on here? https://t.co/6V0gofHMh1,@818410 We'd like to help! Can you tell us the version of iOS that is running on your device?,tally go month wrong wrong month start say 201.3km/221.3 km go url,like help tell version ios run device
AppleSupport,203476,@AppleSupport That isn’t an article on how to do it on iOS.,"@203476 To remove the Profile photo on iOS, open the associated contact entry for yourself in the Contacts app and delete the photo there.",article ios,remove profile photo ios open associated contact entry contacts app delete photo
AppleSupport,743480,"@743481 @743482 Hey @115858 and @123765 @AppleSupport @TwitterSupport 

iPhones are screwing up the “i”  in twitter again. https://t.co/pZT4nDVbEX","@743480 We've got an update for iOS that can solve that issue for you. You can find this at Settings &gt; General &gt; About. If you aren't on iOS 11.1.2, backup with these steps here: https://t.co/4f8hwT5to6, then update your iPhone. If that still happens, let us know in DM. https://t.co/GDrqU22YpT",iphone screw twitter url,get update solve issue find setting gt general gt ios backup step url update iphone happen let know dm url
AppleSupport,127767,Aye @AppleSupport another damn bug again. Fix this “I.T “ stuff please.,@127767 We want you to be able to get your point across when typing. Let's check your iOS version first: Settings &gt; General &gt; About. We want to make sure you're updated to iOS 11.1.2. Please update if you're on another version.,aye damn bug fix i.t stuff,want able point type let check ios version setting gt general gt want sure update ios update version
AppleSupport,813980,"Du coup, lorsqu’on télécharge une musique via @115948, on l’achète pour la mettre dans la bibliothèque de l’iPhone ou c’est compris dans l’abonnement @115948 ? 🤨 @AppleSupport",@813980 We offer support via Twitter in English. Contact us for help in your preferred language here: https://t.co/IBIY3vMgPj,du coup lorsqu’on télécharge une musique l’achète pour la mettre dans la bibliothèque l’iphone c’est compris dans l’abonnement 🤨,offer support twitter english contact help preferred language url
AppleSupport,743495,WHO IS THE FUCKING GENIUS AT @115858 WHO DECIDED IT WAS A GOOD IDEA TO PAUSE A SONG EVERY TIME YOU RECEIVE A SNAPCHAT!? I WANT NAMES!!!!,@743495 Let's work things out. Does this happen even when the Ring/Silent switch is showing orange? Please DM us. https://t.co/GDrqU22YpT,fucking genius decide good idea pause song time receive snapchat want names,let work thing happen ring silent switch show orange dm url
AppleSupport,743494,@115858 I lost all my music I was sharing on Apple Music. Any recommendations on fixing that? Had a bunch. Still paying. Want them back.,@743494 We'd be happy to assist today. So your music library just emptied itself? In Settings &gt; Music do you have the iCloud Music Library option turned on?,lose music share apple music recommendation fix bunch pay want,happy assist today music library empty setting gt music icloud music library option turn
AppleSupport,813981,"@AppleSupport Hi, is there going to be a security update for my MacBook pro as I’m a bit unsure about doing anything on it at the moment following the security breech.",@813981 We're happy to look into this with you. Please DM us your current macOS version and we'll go from there. https://t.co/GDrqU22YpT,go security update macbook pro bit unsure moment follow security breech,happy look dm current macos version url
AppleSupport,743493,"@302308 @AppleSupport Mate, I've not been able to install an iOS update since the day the new iPhone was launched!  Coincidence?!?","@743493 Hi there! Which device are you trying to update, and what happens when you attempt to update?",mate able install ios update day new iphone launch coincidence,device try update happen attempt update
AppleSupport,743497,"Hey @115858 I love your phones and all, but why does my battery last like 4 hours after the new update? #PlannedObsolesence",@743497 We'd like to help! Which iOS version is your device running?,love phone battery hour new update plannedobsolesence,like help ios version device run
AppleSupport,450255,I don't want auto brightness #ios11 #ios #appleiphone7 #iphone7 #iphone #apple there is no option to disable auto brightness @applesupport,"@450255 It's still there, but now in Accessibility. This article will help: https://t.co/bkqEVCrK2l",want auto brightness ios11 ios appleiphone7 iphone7 iphone apple option disable auto brightness,accessibility article help url
AppleSupport,369384,"@AppleSupport is it 2 much to ask for my devices to work properly? why am I buying products that are 1k, outdated 1 year &amp; unusable in 5?","@369384 If you're having issues with your Apple products, we're here for you. Send us a DM with the details; we'll go from there. https://t.co/GDrqU22YpT",ask device work buy product 1k outdate year amp unusable,have issue apple product send dm detail url
AppleSupport,369385,Dear @AppleSupport this new update has ruined my iPhone 7.... can barely type without it freezing. Freezes when Im swapping apps too,@369385 We are here to help. DM us your exact iOS version and we can take a look at this. https://t.co/GDrqU22YpT,dear new update ruin iphone type freeze freeze m swap app,help dm exact version look url
AppleSupport,369386,@AppleSupport I don’t get any WhatsApp/iMessage notification. There is no “do not disturb” or driving on.. notifications are active,@369386 Let/s make sure notifications are on for WhatsApp. Check out this article. https://t.co/2txgOv5s2M,whatsapp imessage notification disturb drive notification active,let s sure notification whatsapp check article url
AppleSupport,369386,@AppleSupport  https://t.co/VhwNhrkjU7,@369386 Thanks for the screenshot. Go ahead and DM us so that we can look further into this with you. https://t.co/GDrqU22YpT,url,thank screenshot dm look url
AppleSupport,369386,#iOS11 @AppleSupport where are my notifications?? Why I need to on the screen to see them?? And why I don’t get them even on my watch?,"@369386 We're here to help. Just to make sure we understand, you're not getting any notifications on your iPhone?",ios11 notification need screen watch,help sure understand get notification iphone
AppleSupport,369387,@AppleSupport and my screen keeps freezing! WTF not very happy!!,@369387 Let's work together on this issues in Direct Message: https://t.co/GDrqU22YpT,screen keep freeze wtf happy,let work issue direct message url
AppleSupport,369384,@AppleSupport #iphone #MacBookPro #ipad-air  useless 🍎apps &amp; each update insures my dependable 3rd party apps don’t work! 1/3 of memory is used by 🍎 trash,@369384 We want to take a closer look at this with you. Reach out via Direct Message using the following link: https://t.co/GDrqU22YpT,iphone macbookpro ipad air useless 🍎 app amp update insure dependable 3rd party app work memory 🍎 trash,want close look reach direct message follow link url
AppleSupport,266446,🗣 FIX MY FUCKING PHONE! @115858,@266446 We'd love to help. DM us details about what you're experiencing with your iPhone and we'll get started. https://t.co/GDrqU22YpT,🗣 fix fucking phone,love help dm detail experience iphone start url
AppleSupport,187950,@AppleSupport My Apple Music name is J4CKWALSH &amp; it’s checked for showing on my profile and being public but every time I go to share this happens: https://t.co/yja8B2sz3w,"@187950 Hi, Apple Music sharing is a cool new feature. Meet us in DM and we’ll help to get your playlist shared. https://t.co/GDrqU22YpT",apple music j4ckwalsh amp check show profile public time share happen url,hi apple music sharing cool new feature meet dm help playlist share url
AppleSupport,664055,"Hey @115858 @applesupport -any idea why my month old #iPhone8 takes worse pics than the iPhone8 @127271 display phone? Same phone. Exact same camera settings. Cleaned both lenses before photo. 

Would appreciate RTs bc this is NOT ok. Misleading that display &amp; real are different! https://t.co/krmosOpP7o",@664055 We'd like to take a look at this with you. Let's continue our conversation in DM. https://t.co/GDrqU22YpT,idea month old # iphone8 take bad pic iphone8 display phone phone exact camera setting clean lens photo appreciate rt bc ok mislead display amp real different url,like look let continue conversation dm url
AppleSupport,514844,.@115858 your stupid fucking update messed up my phone. Try and convince me otherwise that that is not a conspiracy,"@514844 We'd like to know more about what's happening to see how we can help. Also, which model do you have; and any steps tried so far?",.@115858 stupid fucking update mess phone try convince conspiracy,like know happen help model step try
AppleSupport,514843,@AppleSupport I️ please fix your bug in the latest update please,@514843 Here’s what you can do to work around the issue until it’s fixed in a future software update: https://t.co/xXaXeeSRt9,i️ fix bug late update,work issue fix future software update url
AppleSupport,818410,@AppleSupport iOS 11.1.2. But these kind of oddities have been happening for a while. Like getting a badge twice for the same month… https://t.co/fnR29tOJqD,@818410 Thanks. Send us a DM with the country that you are located in to continue. https://t.co/GDrqU22YpT,ios kind oddity happen get badge month url,thank send dm country locate continue url
AppleSupport,129781,"@116333 I’m beyond pissed at ios. Erases SENT TXS. Just erased 3/4 of LONG tx sent 2 my wife. Perfectly communicated, really tough, difficult subject. iPhone deleted it. Not ok. First time I’ve been so angry at Apple I’ve considered leaving. Customer since 1st gen. Eff iOS.",@129781 We'd like to check that out with you and see what we can do to help. Send us a DM letting us know which iOS you have to start. https://t.co/GDrqU22YpT,piss io erase send txs erase long tx send wife communicate tough difficult subject iphone delete ok time angry apple consider leave customer 1st gen eff ios,like check help send dm let know start url
AppleSupport,129780,WHY CANT I️ TUPE THE LETTER I️ @115858  I️ UPDATED MY PHONE.,@129780 DM us using the link below. We'll work together from there. https://t.co/GDrqU22YpT,cant tupe letter i️ update phone,dm link work url
AppleSupport,178431,"@AppleSupport please make an update asap for this high Sierra situation, it's like my password is useless now and anyone can get into it.","@178431 Thanks so much for contacting us today. Reach out to us using the link below, and we'd be happy to continue from there. https://t.co/GDrqU22YpT",update asap high sierra situation password useless,thank contact today reach link happy continue url
AppleSupport,727154,@118845 uhm. help? https://t.co/OUchNqD5r0,@727154 We've responded to your DM. Look for us there.,uhm help url,respond dm look
AppleSupport,713688,"@AppleSupport Apple Watch series 2 Nike/sport here 
Batteries:  
watchOS 3 almost 2days, WatchOS 4.1 barely 1 day! So disappointed. Is there a way  to solve it? Thanks",@713688 Hi there. We want to help. Are you using your Apple Watch in temperatures less than 32 degrees F?,apple watch series nike sport battery watchos watchos day disappointed way solve thank,want help apple watch temperature degree f
AppleSupport,696965,@AppleSupport I've DM'd you guys for help with my screen being non-responsive and having to do multiple hard reset to get it back up and going and no one got back with me. Still waiting on help with that.....,@696965 We certainly want to continue helping. We have received your DM and will be responding there momentarily.,dm'd guy help screen non - responsive have multiple hard reset go get wait help,want continue help receive dm respond
AppleSupport,303102,@115858 @AppleSupport you need to fix your new ios update...the home screen with time and date constantly disappears...even after reboots https://t.co/PhbEzZ7bvB,@303102 Thanks for reaching out. We'd be happy to help. Are you currently running iOS 11.0.3?,need fix new ios update home screen time date disappear reboot url,thank reach happy help run
AppleSupport,203476,@AppleSupport how do you remove a photo from your iCloud profile?,"@203476 For iOS?  Tap on the photo under Settings &gt; Your Name, and you will see edit.
You will then see Take Photo or Choose Photo option.",remove photo icloud profile,tap photo settings gt edit photo choose photo option
AppleSupport,137796,"@AppleSupport Just sent you a DM, please reply when you can. thank you :)",@137796 We've received your DM and will continue to work with you there.,send dm reply thank,receive dm continue work
AppleSupport,149273,@AppleSupport why is my iTunes unresponsive on my MacBook ?,@149273 We'd be happy to look into this with you more in detail. Please reach out to us via DM and we'll get started. https://t.co/GDrqU22YpT,itunes unresponsive macbook,happy look detail reach dm start url
AppleSupport,696965,@AppleSupport I know yall didnt make the letter “I” an emoji to fix this problem? I jst know thats not what you did....This better be a temp fix...I barely wanna call it that.,"@696965 An update has been released to assist with this issue. If you haven’t yet, please back up your device and update it to the latest version iOS 11.1.1. For more info, check out: https://t.co/xXaXeeSRt9 DM us if you still need help.",know letter emoji fix problem know s temp fix,update release assist issue device update late version info check url dm need help
AppleSupport,203476,@AppleSupport Thank you. Sorted.,@203476 You're welcome.,thank sort,welcome
AppleSupport,346535,"@115858 fixes the issue with the I, now we have an issue with I.T 😒","@346535 An update has been released to assist with this issue. If you haven’t yet, please back up your device and update it to the latest version iOS 11.1.1. For more info, check out: https://t.co/G4q0hxzVXF",fix issue issue i.t 😒,update release assist issue device update late version info check url
AppleSupport,121503,@applesupport Bluetooth connection iPhone X to Infiniti is terrible. Garbled and scratchy cutting in and out &gt;30% of time. Didn't happen W iPhone 6!!,"@121503 We want you to be able to enjoy your iPhone X with your Bluetooth devices. We'll do all we can to help. To start, what iOS version is currently installed? Does this issue occur with any other Bluetooth devices that you connect to?",bluetooth connection iphone x infiniti terrible garbled scratchy cut % time happen w iphone,want able enjoy iphone x bluetooth device help start ios version instal issue occur bluetooth device connect
AppleSupport,121503,@AppleSupport 11.1.2. I haven't tried it yet with my little Bluetooth sound bar at home but will soon.,"@121503 Thank you. Please let us know. If the issue is only with CarPlay, your firmware may need to be updated. Please visit us here: https://t.co/tqjOBvBgl0 for more information.",try little bluetooth sound bar home,thank let know issue carplay firmware need update visit url information
AppleSupport,369390,@AppleSupport Is it possible to do Time Machine backups to a network drive in macOS?,@369390 It can be done! Check out https://t.co/djSXc22r2z for requirements and the steps to take for Time Machine.,possible time machine backup network drive macos,check url requirement step time machine
AppleSupport,743480,"@AppleSupport I see the update now.
Thank you!","@743480 You're most welcome. If you have any other issues after updating, don't hesitate to let us know.",update thank,welcome issue update hesitate let know
AppleSupport,369391,Updates to iOS 11.3 and now my Touch ID isn’t working. @115858 is running a user stress test. How far can they push us?,"@369391 Let's see what can be done to fix that. Please, send us a DM. We'll move forward from there. https://t.co/GDrqU22YpT",update touch id work run user stress test push,let fix send dm url
AppleSupport,710682,@AppleSupport not anywhere near as long as it did a week ago.....,@710682 No worries. We'll look into this with you. Are you on the latest iOS 11.1.1? Let us know in a DM to continue. https://t.co/GDrqU22YpT,week,worry look late ios let know dm continue url
AppleSupport,573311,"You’ve killed my phone with that update, thanks @115858","@573311 We'd like to help with getting your iPhone to work smoothly. Send us a DM with the details of what you're experiencing, please. https://t.co/GDrqU22YpT",kill phone update thank,like help get iphone work send dm detail experience url
AppleSupport,710682,lol so all of a sudden my not even a year old iphone 7 can’t hold battery anymore..... hm wonder how that happens. @AppleSupport ?!????,@710682 We'd be happy to look into this with you. How long does your battery last on a full charge?,lol sudden year old iphone hold battery wonder happen,happy look battery charge
AppleSupport,142505,"@AppleSupport Pandora was playing, then suddenly the apple logo appeared and Pandora stopped and a few seconds later I had to type in my passcode to unlock the phone. I found all my open apps backgrounded but I had to forground Pandora and it started playing again.","@142505 Are all of your apps up-to-date if you connect to Wi-Fi and check in its App Store &gt; Updates section?

How many times has this occurred?",pandora play apple logo appear pandora stop second type passcode unlock phone find open app background forground pandora start play,app date connect wi fi check app store gt update section time occur
AppleSupport,710683,@AppleSupport Thank you! All sorted! You guys are awesome!,@710683 We’re glad we could help you today. Please feel free to message back if you have any other questions. We're online every day from 5am-8pm PST.,thank sort guy awesome,glad help today feel free message question day pst
AppleSupport,743485,&amp; when tf are @115858 @123765 going to fix the issues with the i’s...,"@743485 The autocorrect issues were resolved with iOS 11.1.1. We've also since released iOS 11.1.2. Be sure to back up your device prior to updating, and let us know if the issue persists afterwards. How to back up: https://t.co/4f8hwT5to6",amp go fix issue,autocorrect issue resolve ios release ios sure device update let know issue persist url
AppleSupport,531066,"@115948 @AppleSupport now thw new update fuck up my phone whyyyyyyyyyyy?????  it's been 2 hours and a half since I started and sill I cant get access to my phone, I dont have this time to spare updating an iPhone, 😢😢😢😢😢😢😢😢😢😢",@531066 Please send us a DM with details about what is going and and we will go from there. https://t.co/GDrqU22YpT,thw new update fuck phone whyyyyyyyyyyy hour half start access phone time spare update iphone 😢 😢 😢 😢 😢 😢 😢 😢,send dm detail go url
AppleSupport,743486,".@AppleSupport Here's one for you that's been bugging me for a while now, When using ""Preview"" to resize multiple images at the same time, how come the pop up box that appears ""Do you want to save the changes made to the document ""XXXXX""?"" doesn't give you a ""Use for all"" option?",@743486 This is a feature we'd love to get some feedback from you on. We've established an official feedback website where you can leave suggestions. Here's the link: https://t.co/eTPVYVFyd8,.@applesupport bug preview resize multiple image time come pop box appear want save change document xxxxx use option,feature love feedback establish official feedback website leave suggestion link url
AppleSupport,743484,What’s up @115858? I’m trying to purchase an iPhone X  online but your system is failing. I call @AppleSupport and get told it’s being fixed to keep trying. Now your system has locked me out for trying too many times. #TerribleExperience,@743484 We want to make sure you get to the right place and get this sorted out. Please reach out to our Online Sales Support here: https://t.co/l9vC3IRh4z https://t.co/GDrqU22YpT,try purchase iphone x system fail tell fix try system lock try time terribleexperience,want sure right place sort reach online sales support url url
AppleSupport,565674,@120640 @AppleSupport help reset this manually please.,"@565674 The account recovery process for two-factor authentication security is an automatic process. Because it's automatic, we're unable to expedite the time the process takes in any way or make any manual changes.",help reset,account recovery process factor authentication security automatic process automatic unable expedite time process take way manual change
AppleSupport,187941,"@187942 @115858 My battery is zoooming down. Damn, I’m switching back to Android ASAP. I took it off the charger 1hr ago.its down to 97%. Usuly 💯 4 8hrs.",@187941 Let's look at this together. Which device and software version are you using? https://t.co/GDrqU22YpT,battery zooome switch android asap take charger 1hr %,let look device software version url
AppleSupport,588140,@115858 @AppleSupport since this bulging #battery if I take it in will you replace? #MacBookPro https://t.co/Z6CG2ufJWB,"@588140 Meet up with us in DM so we can look into this issue in further details. Send us a message with your country, for support options. https://t.co/GDrqU22YpT",bulge battery replace macbookpro url,meet dm look issue detail send message country support option url
AppleSupport,588139,ATTENTION. @AppleSupport I️ need assistance. My phone won’t let me type an uppercase i. It shows this symbol instead i https://t.co/OsQsvJezGB,"@588139 Hi there. Please let us know which iOS version your device is running in DM, and we'll work on that issue together. https://t.co/GDrqU22YpT",attention i️ need assistance phone let type uppercase i. show symbol url,let know ios version device run dm work issue url
AppleSupport,710798,Does anyone else’s @115858 iPhone transcription feature work as terribly as mine? It doesn’t pick up words correctly at all.,@710798 That’s a great feature especially when your hands are full.  Let’s take a look at that together.  When did this start?  Which iOS version are you running?  You can check under Settings &gt; General &gt; About.,iphone transcription feature work pick word,great feature hand let look start ios version run check setting gt general gt
AppleSupport,710798,"@AppleSupport I’m running 11.1.1 and it started getting terrible about two months ago. I love the feature, I’m on the go ALOT and have great diction so I don’t understand why basic words are picking up so far off of what I’m actually saying. Slows me way down",@710798 Let's start by getting updated to iOS 11.1.2 and testing for a little while. Be sure to backup before updating by following ot this link: https://t.co/4f8hwT5to6,run start get terrible month love feature alot great diction understand basic word pick say slow,let start get update ios test little sure backup update follow link url
AppleSupport,743483,@AppleSupport please can you check my account storage,"@743483 For information on how to Manage and check your iCloud storage, check this out: https://t.co/7vNd2QAL5s",check account storage,information manage check icloud storage check url
AppleSupport,670790,@AppleSupport 11.1.2 and everytime I type the word ‘it’ autocorrect changes to I.T - I’ve tried everything ie reset keyboard nothing works,@670790 We'd like to help. Could you Direct Message us and let us know what device you're using? https://t.co/GDrqU22YpT,everytime type word autocorrect change i.t try reset keyboard work,like help direct message let know device url
AppleSupport,670790,Why as soon as the iPhone X comes out my phone fucks up???????? Hello pls @AppleSupport I’m gonna have to buy an android,@670790 We want to help! Which model of iOS device are you currently using? What issues are you having?,iphone x come phone fuck go buy android,want help model ios device issue have
AppleSupport,187943,@AppleSupport 7 plus. 11.0.2,"@187943 Let's get to DM, so we can work out what's happening. Use the link below. https://t.co/GDrqU22YpT",plus,let dm work happen use link url
AppleSupport,501150,@AppleSupport hello - are Macs affected by the WPA2 WIFI KRAK  vulnerability and will you be providing a firmware update?,@501150 Thanks for reaching out to us for support. We would love to help you. Are you having problems with your Wi-Fi password on your Mac?,macs affect wpa2 wifi krak vulnerability provide firmware update,thank reach support love help have problem wi fi password mac
AppleSupport,415458,@AppleSupport @115948 Apple Music still not working,@415458 We're happy to help with your Apple Music. Please DM us any troubleshooting you've attempted to get started. https://t.co/GDrqU22YpT,apple music work,happy help apple music dm troubleshooting attempt start url
AppleSupport,743493,@AppleSupport iPhone 6s stuck on update 10.2.1.  Not able to update since 'unable to install update' message every time,"@743493 Got it. Try these steps, including updating via iTunes 12.7.1 via the link at the bottom, if the article doesn't help update over Wi-Fi: https://t.co/Ui1yTnOCUz Let us know how it goes.",iphone stick update 10.2.1 able update unable install update message time,get try step include update itunes link article help update wi fi url let know go
AppleSupport,187949,"Dear @AppleSupport - I just went from 43% to 15% in 2 minutes. No videos, no email check, no nothing. Thanks for the new iOS. 😡😡😡😡😡",@187949 We want your iOS device working properly. Send us a DM and we'll look into this together. https://t.co/GDrqU2kzhr,dear go % % minute video email check thank new ios 😡 😡 😡 😡 😡,want ios device work send dm look url
AppleSupport,187948,@AppleSupport I can’t set to not disturb while driving to automatic. Help me I do t want to die https://t.co/FVQHMPEtxz,"@187948 We can happily help look into this with you. To start, go to Settings &gt; General &gt; Restrictions &amp; tell us if that's enabled.",set disturb drive automatic help t want die url,help look start setting gt general gt restrictions amp tell enable
AppleSupport,187948,@AppleSupport Thanks I figured it out already. And yeah that was it!,@187948 Awesome! We're glad that's worked out for you. Let us know if you have any further questions. Have a great weekend.,thank figure,awesome glad work let know question great weekend
AppleSupport,187947,@AppleSupport #iOS11 I’m swiping down with two fingers trying to read the page. This is after multiple restarts of app and phone. #badapple https://t.co/fmeRrPA5z7,@187947 We would like to try to help with your iPhone.  Send us a DM so we can take a closer look. https://t.co/GDrqU22YpT,# ios11 swipe finger try read page multiple restart app phone badapple url,like try help iphone send dm close look url
AppleSupport,573306,"@AppleSupport Hello guys, just to let you know what’s happening in Mexico! It’s true, my iPhone 6s was stolen and unlocked!😤 https://t.co/WXhdGoxCel",@573306 We'd like to look into this with you. DM us if you've reported this issue and we'll continue to work with you there. https://t.co/GDrqU22YpT,guy let know happen mexico true iphone 6s steal unlocked url,like look dm report issue continue work url
AppleSupport,498629,@AppleSupport I have some major technical problems and I don’t like it 😡,@498629 We want to help. Please DM us details of the issue you're having and include which device and OS it's happening on. https://t.co/GDrqU22YpT,major technical problem like,want help dm detail issue have include device os happen url
AppleSupport,187946,@AppleSupport - j’ai perdu ma barre d’appli en bas de l’écran ☹️,@187946 We offer support via Twitter in English. Contact an Advisor for help in your preferred language here: https://t.co/fOHJj0yYyQ,j’ai perdu ma barre d’appli bas l’écran ☹,offer support twitter english contact advisor help preferred language url
AppleSupport,187945,@AppleSupport requested account recovery on 26th September... still waiting. Requested again today. Your service is shocking!,@187945 There may be a few options to help speed up recovery time. Check them out here: https://t.co/SnE0Z3ADUS,request account recovery 26th september wait request today service shocking,option help speed recovery time check url
AppleSupport,187944,"@AppleSupport não faz nem 1 ano q comprei o IPhone 7 e ele já desliga com 50% de bateria, q bela bosta cara vcs fizeram eim !","@187944 Since our Twitter support is available in English, get help at https://t.co/IBIY3vMgPj or join https://t.co/pvaOFfPbjt",não faz nem ano comprei o iphone e ele já desliga com % bateria q bela bosta cara vcs fizeram eim,twitter support available english help url join url
AppleSupport,187944,@AppleSupport Toma no cu q vcs estenderam tudo q eu falei ! Lixo de celular !,"@187944 Since our Twitter support is available in English, get help at https://t.co/IBIY3vMgPj or join https://t.co/pvaOFfPbjt.",toma cu q vcs estenderam tudo q eu falei lixo celular,twitter support available english help url join url
AppleSupport,151737,"@AppleSupport I'm breaking iOS 11 on my 8plus, when I triple tap to get the magnification from the lock screen. Halp!",@151737 We'd like to help look into this together. Which version of iOS are you running currently?,break triple tap magnification lock screen halp,like help look version run
AppleSupport,151737,@AppleSupport It flickers to the magnified view then back to the lock screen without the clock and sometimes the home button becomes unresponsive.,@151737 Got it. Let's get this figured out in DM. Please meet us there. https://t.co/GDrqU22YpT,flicker magnify view lock screen clock home button unresponsive,get let figure dm meet url
AppleSupport,187943,@AppleSupport updated my phone. Now it constantly freezes and apps constantly crash. PLEASE FIX,@187943 We’d be happy to look into this for you. Send us a DM with the iPhone you are using and the iOS version it is running. https://t.co/GDrqU22YpT,update phone freeze app crash fix,happy look send dm iphone ios version run url
AppleSupport,710681,"@115858 Pathetic support

Ipad got locked. To activate it takes one month. What kind of customer experience is this.",@710681 We want to help. Let us know more detail in DM and we'll continue there. https://t.co/GDrqU22YpT,pathetic support ipad get lock activate take month kind customer experience,want help let know detail dm continue url
AppleSupport,330433,@AppleSupport why do I keep getting these messages on my photos since the iOS 11 update? https://t.co/pYgMp34EDg,"@330433 We can certainly take a look. When did you update to iOS 11? Also, how are you connected to the internet?",get message photo ios update url,look update connect internet
AppleSupport,497383,So is it a coincidence or is it just me that my old phone and bew phone dont work with headphones @AppleSupport,@497383 We'd love to take a look. Please DM us which device and software you’re using. https://t.co/GDrqU22YpT,coincidence old phone bew phone work headphone,love look dm device software url
AppleSupport,397736,@AppleSupport why are you guys trying to make me pay for free apps it keeps sending verification required,@397736 We'll help get you on the right path! Reach out to our iTunes support team by clicking here: https://t.co/SDIe7UiyJN,guy try pay free app keep send verification require,help right path reach itunes support team click url
AppleSupport,175773,I️ updated my yet it still keeps happening! What can I️ do? @115858 @AppleSupport,@175773 Here’s what you can do to work around the issue until it’s fixed in a future software update: https://t.co/xXaXeeSRt9,i️ update keep happen i️,work issue fix future software update url
AppleSupport,456847,Fuck is wrong with my iPhone @115858,@456847 We'd like to help. DM us what is going on and we'll get started. https://t.co/GDrqU22YpT,fuck wrong iphone,like help dm go start url
AppleSupport,456848,"@AppleSupport It’s not necessarily stuck, but I am constantly having to keep my phone on the charger because it dies so quickly.",@456848 We'd like to look into this further. DM us and we'll continue there. https://t.co/GDrqU22YpT,stick have phone charger die,like look dm continue url
AppleSupport,626092,@115858 fix this buggy ass iOS 11 because I’m not getting a new phone anytime soon. I have shoes to buy. Thanks. https://t.co/A0MUFQoOVZ,@626092 Hey there! We'd like to offer our help. Please DM us the iOS 11 version from Settings &gt; General &gt; About to get started. https://t.co/GDrqU22YpT,fix buggy ass get new phone shoe buy thank url,like offer help dm version settings gt general gt start url
AppleSupport,626091,@AppleSupport fix our phones.,@626091 We'd like to help the best way we can. What is going on with your phone?,fix phone,like help good way go phone
AppleSupport,366060,"This bar gets almost full, then shuts off. How do I correct this? @AppleSupport #mac #AppleSupport #MacBookPro https://t.co/FXP1gOh1lr",@366060 We'd love to team up with you to get this resolved. Which version of macOS are you using? Let us know in DM. https://t.co/GDrqU22YpT,bar get shut correct mac applesupport macbookpro url,love team resolve version macos let know dm url
AppleSupport,431931,"@115858 @AppleSupport I was on WiFi, but Verizon Store WiFi. My question though, why was an update and install needed, if it was a new phone 🤷🏾‍♂️ #iphoneX","@431931 We understand your concern. DM us, and we can look into what's causing it to take so long. https://t.co/GDrqU22YpT",wifi verizon store wifi question update install need new phone 🤷,understand concern dm look cause url
AppleSupport,366058,Hi @AppleSupport iOS 11.0.3 seems to introduce frequent disconnects of #AirPods. Tried to file bug report. Failed.,"@366058 Let's work on a solution for this together. To start, please DM us with the country where you're located. https://t.co/GDrqU22YpT",ios introduce frequent disconnect airpods try file bug report fail,let work solution start dm country locate url
AppleSupport,759512,"@AppleSupport Hey, is there a way to separate the payment method on family sharing? I don’t want to pay for everyone’s storage every month then ask for 79p back from them? Please say there’s a way to..? Thanks!","@759512 When sharing iCloud storage, everyone shares one person's plan. There's more info here: 

https://t.co/5JJRCebtiY",way separate payment method family sharing want pay storage month ask 79p way thank,share icloud storage share person plan info url
AppleSupport,626091,@AppleSupport My I️ :(,@626091 Here’s what you can do to work around the issue until it’s fixed in a future software update: https://t.co/xXaXeeSRt9,i️,work issue fix future software update url
AppleSupport,808553,@AppleSupport if I turn off Alarm Sound for Emergency SOS will it still vibrate to warn me of the countdown? https://t.co/MOhcFlnTBY,"@808553 Thanks for contacting us about Emergency SOS on your iPhone. Your iPhone will still sound an alert when ""Countdown Sound"" is enabled, even with your iPhone on silent. Here's more about Emergency SOS in iOS 11: https://t.co/OqERDeSFxl Let us know if this helps.",turn alarm sound emergency sos vibrate warn countdown url,thank contact emergency sos iphone iphone sound alert countdown sound enable iphone silent emergency sos ios url let know help
AppleSupport,572845,@115858 what the fuck did y’all do to my phone,@572845 We want you to be able to use your iPhone. DM us more details here: https://t.co/GDrqU22YpT,fuck phone,want able use iphone dm detail url
AppleSupport,315849,My phone is lagging rlly bad bcus of this update I wanna speak to ur manager @AppleSupport,@315849 Thanks for reaching out. We're here to help. DM us so we can look into this further with you. https://t.co/GDrqU22YpT,phone lag bad bcus update wanna speak ur manager,thank reach help dm look url
AppleSupport,813974,@AppleSupport Iphone 7 and yes am using iCloud,@813974 Let's have you check that website from a computer then. That will help us know if you were using iCloud Photo Library and if your photos are safely stored in iCloud.,iphone icloud,let check website computer help know icloud photo library photo store icloud
AppleSupport,808553,"@AppleSupport And “no alert” includes no vibration, correct?",@808553 That is correct.,alert include vibration correct,correct
AppleSupport,366056,@AppleSupport  my Apple Watch just started burning my skin so bad my wrist started peeling what can I do,@366056 We want to assure you we take this very seriously. DM us your country and some details about what happened to get started. https://t.co/GDrqU22YpT,apple watch start burn skin bad wrist start peel,want assure dm country detail happen start url
AppleSupport,282337,@AppleSupport Is Apple Care of $199 flat or excluding tax?,@282337 We'd like to help! Can you tell us the country that you are located in?,apple care flat exclude tax,like help tell country locate
AppleSupport,515124,"@AppleSupport tried to do the shortcut for the ""I"" glitch and it won't let me #sos https://t.co/3QaaxC9UeW",@515124 Let's get this fixed together. Send us a DM to continue. https://t.co/GDrqU22YpT,try shortcut glitch let url,let fix send dm continue url
AppleSupport,495347,"@115858 iOS 11.0.3 is really grinding my gears. WiFi keeps dropping, data use is not working, apps glitch.",@495347 We want you to have a smooth experience with an update. Could you explain what specifically is happening with your apps?,ios grind gear wifi keep dropping datum use work app glitch,want smooth experience update explain happen app
AppleSupport,669740,@AppleSupport Thanks guys,"@669740 You are welcome. If you ever need support in the future, we're here to help.",thank guy,welcome need support future help
AppleSupport,669739,@115858 thanks so much for fucking up my keyboard i️ can’t even type “i️”,"@669739 An update has been released to assist with this issue. If you haven’t yet, please back up your device and update it to iOS 11.1.1. For more info, check out: https://t.co/4f8hwT5to6",thank fuck keyboard i️ type i️,update release assist issue device update ios info check url
AppleSupport,759511,"@AppleSupport the lock screen won’t work, it just shows the wallpaper picture, nothing else, no time, no notifications... ios 11.1.2 iPhone 8 plus https://t.co/jmowProZ13",@759511 Thanks for reaching out. We're happy to help. Power the phone off fully and then back on. Does the issue persist?,lock screen work show wallpaper picture time notification ios iphone url,thank reach happy help power phone issue persist
AppleSupport,495355,I can’t dial out my screen been black since I been otp this morning @AppleSupport I hate y’all I need a new phone 😤,@495355 We'd love to help. DM us using the link below so we can work on resolving your issue. See you there. https://t.co/GDrqU22YpT,dial screen black morning hate need new phone,love help dm link work resolve issue url
AppleSupport,6880,Dear @AppleSupport please add Move Icon since I can no longer make them wobble. https://t.co/qeuWkwLebU,@6880 We certainly want to assist to the best of our ability. Select the following link to join us in a DM. https://t.co/GDrqU22YpT,dear add icon wobble url,want assist good ability select following link join dm url
AppleSupport,669739,@AppleSupport i️ don’t have wifi.,"@669739 Thank you. You can also back-up, and update your device with a computer that has iTunes installed.",i️ wifi,thank update device computer itunes instal
AppleSupport,121480,@AppleSupport Working now,@121480 Awesome! Let us know if you need help in the future.,work,awesome let know need help future
AppleSupport,495351,@AppleSupport Guys.. I really need my user name recovered quickly.. I use a Dexcom G5 and cannot download the app. Please help.,@495351 Hi there and thanks for reaching out to us. Let's take a closer look at the issue you're experiencing together in DM. https://t.co/GDrqU22YpT,guy need user recover use dexcom g5 download app help,thank reach let close look issue experience dm url
AppleSupport,121732,@AppleSupport Ok - iOS 11.0.2 has just now showed up on my iPad Air 2👍🏼,@121732 Great news. From here you can follow the steps here to update: https://t.co/soeXTHWFdK,ios show ipad air 🏼,great news follow step update url
AppleSupport,315854,@AppleSupport why is my App Store not working on my iPhone 8?,@315854 We'd like to look into your App store issue. Can you DM us what iOS version you're on? https://t.co/GDrqU22YpT,app store work iphone,like look app store issue dm ios version url
AppleSupport,296627,#iOS11 is pretty weak so far. The most disappointing issue is battery drain. A 7+ won’t even last an easy day now @115858 #DontUpgrade,@296627 We'd be happy to look into the battery issues you're experiencing on your iPhone. DM us details and we'll help there. https://t.co/GDrqU22YpT,ios11 weak disappointing issue battery drain easy day dontupgrade,happy look battery issue experience iphone dm detail help url
AppleSupport,374347,"Dear @AppleSupport, this “I” glitch is getting really annoying. #iphoneglitch https://t.co/fEQYahtr7n",@374347 Here’s what you can do to work around the issue until it’s fixed in a future software update: https://t.co/qODbOsp4wz,dear glitch get annoying iphoneglitch url,work issue fix future software update url
AppleSupport,495350,@296627 @115858 Yup! My phone used to last all day now I charge it about 3 times.,@495350 We'd like to get a closer look at the issues you are seeing on your iPhone. Could you join us in DM with more info? https://t.co/GDrqU22YpT,phone day charge time,like close look issue see iphone join dm info url
AppleSupport,495348,"@AppleSupport we are all kinda hip to the updates making older phones obsolete, but this update has rendered my 7 Plus useless.","@495348 We'd love to help you with your iPhone 7! Send us a DM with the kind of trouble that you're having, and we'll investigate. https://t.co/GDrqU22YpT",hip update make old phone obsolete update render useless,love help iphone send dm kind trouble have investigate url
AppleSupport,515125,@68546 Wow that “I️” glitch is really annoying @AppleSupport,@515125 Here’s what you can do to work around the issue until it’s fixed in a future software update: https://t.co/xXaXeeSRt9,i️ glitch annoying,work issue fix future software update url
AppleSupport,160045,@115858 - why do #lines appear on my #iPhone8 #photos on #instagram - Followers of #travelblog https://t.co/HPm4Zbwqzf #complain - #complaint,@160045 Let's look into this for you. Does this happen on multiple Apps or just one? Let us know in DM. https://t.co/GDrqU22YpT,# line appear # iphone8 # photo instagram follower travelblog url complain # complaint,let look happen multiple app let know dm url
AppleSupport,808553,"@AppleSupport The question was, if Countdown Sound is off, does it vibrate to alert you instead? Or no action at all?","@808553 Thanks for clarifying. If you don't have ""Countdown Sound"" enabled, you don't get an alert on your iPhone. Please let us know if you have any additional questions.",question countdown sound vibrate alert action,thank clarify countdown sound enable alert iphone let know additional question
AppleSupport,669740,@79018 And while I️m at it hey @115858 fix the I️ it’s annoying,"@669740 iOS 11.1.1 was recently released and it includes a fix for autocorrect issues. Be sure to back up your device prior to updating, and let us know if the issue persists afterwards.",i️m fix i️ annoying,ios release include fix autocorrect issue sure device update let know issue persist
AppleSupport,808552,"@AppleSupport Just bought iPhone 8, iOS 11.1.2. Signed in to iCloud. Did not restore from backup. Text Replacement still hasn’t sync’d after 3 days. Notes, Reminders, etc have sync’d with my other devices. How do I trigger Text Replacement sync? TR has always been frustrating.","@808552 Thanks for reaching out. We want to help look into this. To start, have you tried restarting the iPhone?",buy iphone ios 11.1.2 sign icloud restore backup text replacement sync’d day note reminders sync’d device trigger text replacement sync tr frustrating,thank reach want help look start try restart iphone
AppleSupport,626090,My phone has been just screwed up since I updated it @115858 is there going to be a fix soon,@626090 We want to help. What issues are you experiencing with your iPhone?,phone screw update go fix,want help issue experience iphone
AppleSupport,759514,"The @115858 store at #TheGrove has the worst customer service I’ve EVER experienced in my life! I don’t like to make things racial but a white guy went in the store with the same issue as me, and let’s just say his issue got resolved and mine didn’t.",@759514 That is not the experience we want you to have.  Send us a DM letting us know more about what happened. https://t.co/GDrqU22YpT,store thegrove bad customer service experience life like thing racial white guy go store issue let issue get resolve,experience want send dm let know happen url
AppleSupport,358113,@AppleSupport I'm having a trouble with iTunes on my laptop involving a movie purchase. Please help.,@358113 We'd love to make sure that you get the help that you need with your movie purchase! What kind of trouble are you having?,have trouble itunes laptop involve movie purchase help,love sure help need movie purchase kind trouble have
AppleSupport,311210,@AppleSupport I'm on 10.2 I haven't been able to update to the latest version of iOS because of space...and thanks for getting back to me!🙂,@311210 Go to Settings &gt; General &gt; Storage &amp; iCloud Usage &gt; Manage Storage under the top section.  What does it show for available?,able update late version ios space thank get 🙂,setting gt general gt storage amp icloud usage gt manage storage section available
AppleSupport,311210,"@AppleSupport Hi, been having a lot of trouble with my iPhone lately and any help or advice u could give would really help.",@311210  We're happy to assist. Which iOS version are you currently running? Go to Settings &gt; General &gt; About for the version.,have lot trouble iphone help advice help,happy assist ios version run settings gt general gt version
AppleSupport,358114,"@115858 please get your shit together with this new update, my phone dies 10x faster than it did before I updated it to iOS 11.0.3😠",@358114 That should not be happening. Let us help. DM us which iPhone this is happening on. We'll go from there. https://t.co/GDrqU22YpT,shit new update phone die 10x update ios 😠,happen let help dm iphone happen url
AppleSupport,358115,@AppleSupport  https://t.co/jP5hb2vUTK,"@358115 Hello, and thanks for reaching back out to us. We're sorry to see you're still experiencing issues on your iOS device, and would like to make sure you have all the information you need. 

Let's meet in DM so we can discuss this further. https://t.co/GDrqU22YpT",url,thank reach sorry experience issue ios device like sure information need let meet dm discuss url
AppleSupport,626085,I️ fucking love how I️ can’t type the letter I️. #whatdidisay #apple @AppleSupport,@626085 Here’s what you can do to work around the issue until it’s fixed in a future software update: https://t.co/xXaXeeSRt9,i️ fucking love i️ type letter whatdidisay apple,work issue fix future software update url
AppleSupport,626086,My phone is actually the shittiest phone ever now thx @115858 now my phone tweaks even more than it used too &amp; im too broke to buy a new one😍,@626086 Let's get to the bottom of this. Which version of iOS are you running on your iPhone? Reply in DM to get started. https://t.co/GDrqU22YpT,phone shitti phone phone tweak amp m broke buy new 😍,let version run iphone reply dm start url
AppleSupport,495347,@AppleSupport Major connectivity issues. iMessage is not sending my texts,@495347 We'll be happy to look into all of that with you. Go ahead and DM us which device you're using to get started. https://t.co/GDrqU22YpT,major connectivity issue imessage send text,happy look dm device start url
AppleSupport,495341,@115858 iOS 11 Bluetooth connectivity always on has to change,@495341 We can help! Take a look at this article for how this feature works in iOS 11: https://t.co/G7BHuQnDS6 DM us any questions https://t.co/GDrqU22YpT,bluetooth connectivity change,help look article feature work ios url dm question url
AppleSupport,495337,@AppleSupport All of my pictures are blurry now and they all have this thing on them in the bottom right https://t.co/kLImnw9N4G,@495337 Let's get together and look into this. Are you connected to the internet via Wi-Fi or cellular data? DM us and let us know.,picture blurry thing right url,let look connect internet wi fi cellular datum dm let know
AppleSupport,495337,@AppleSupport I have wifi,@495337 Thanks for clarifying this for us. Go ahead and send us a DM so we can look into this further with you. https://t.co/GDrqU22YpT,wifi,thank clarify send dm look url
AppleSupport,626084,"When You Figure Out How To Keep Your “I” in Normal, Regardless Of What Fuckery @115858 Is Up Too! 
🤷🏽‍♂️",@626084 Here’s what you can do to work around the issue until it’s fixed in a future software update: https://t.co/xXaXeeSRt9,figure normal fuckery 🤷 🏽‍ ♂,work issue fix future software update url
AppleSupport,329572,"Camera app crashes, the unlock screen won’t unlock, phone keeps freezing up. #ios11 is killing my iPhone 7. @AppleSupport send helppp.",@329572 We'd be happy to look into issues you're experiencing. Please DM us. https://t.co/GDrqU22YpT,camera app crash unlock screen unlock phone keep freeze ios11 kill iphone send helppp,happy look issue experience dm url
AppleSupport,329573,@115858 your newest software update just kills battery.,@329573 We'd be happy to look into issues you're experiencing. Which device is this occurring on?,new software update kill battery,happy look issue experience device occur
AppleSupport,329574,"@AppleSupport messages to my iPhone are coming as from the number or as ""maybe:"" &amp; then their name even though they're still in my contacts",@329574 We can help get that info back as it should be. Could you join us in DM to get started? https://t.co/GDrqU22YpT,message iphone come number amp contact,help info join dm start url
AppleSupport,495342,@AppleSupport any ideas? It was fine when I put it on charge but like this when I took it off. Thanks. https://t.co/c07H5PKFFa,"@495342 Let's look into this together!  To begin, have you tried restarting the Apple Watch since this occurred?  Let us know via DM: https://t.co/GDrqU22YpT",idea fine charge take thank url,let look begin try restart apple watch occur let know dm url
AppleSupport,626087,@AppleSupport Mac user since the 90s here. Slowly but steadily over the last five years I have been seeing more and more random shit like this on my Macs. This was seen when dragging an external disk into System Preferences -&gt; Spotlight -&gt; Privacy. https://t.co/sWTRK7mcF4,@626087 Thanks for reaching out. DM which Mac and specific OS version you are using to get started. https://t.co/GDrqU22YpT,mac user 90 year see random shit macs see drag external disk system preferences -&gt spotlight -&gt privacy url,thank reach dm mac specific os version start url
AppleSupport,626088,@AppleSupport your last update killer my iPhone every day my iPhone makes off around 5hrs and make it hot,@626088 We'd be happy to look into this with you. DM us using the link below and we'll go from there. https://t.co/GDrqU22YpT,update killer iphone day iphone make hot,happy look dm link url
AppleSupport,626089,"@622781 @116333 @115858 I have the same issue.
I also have no battery life. Fully charged, I get less than one full hour of use.","@626089 We're happy to look into this with you. To get started, please DM to let us know which version of iOS you're using. https://t.co/GDrqU22YpT",issue battery life charge hour use,happy look start dm let know version ios url
AppleSupport,626090,@AppleSupport Just slow to type and react to app transitions. It seems slower itself. It hasn’t done this until I did the most recent small update.,@626090 Let’s work together to find a solution. Have you tried restarting the iPhone since you first noticed this.,slow type react app transition slow recent small update,let work find solution try restart iphone notice
AppleSupport,257257,"@AppleSupport hi! I’m having problems with my do not disturb mode. I have it on the ‘allow calls from favourites’ setting, but when someone calls from my favourites when DND is on, it doesn’t ring on loud. Please can you help","@257257 We'd certainly be glad to look into this with you. Just to double check, is your phone on silent when this happens?",have problem disturb mode allow call favourite setting call favourite dnd ring help,glad look double check phone silent happen
AppleSupport,257257,"@AppleSupport Thank you. And yes it is, does it have to be on loud?","@257257 Would you happen to have the volume on a low setting? If so, we would recommend turning the ringer volume up.",thank loud,happen volume low setting recommend turn ringer volume
AppleSupport,315847,iOS 11 is literally so fucking trash I can’t even open my Apple Music 😂 @AppleSupport,@315847 We're happy to look into this with you. DM us the iOS 11 version installed and let know what happens when you open Music app. https://t.co/GDrqU22YpT,ios trash open apple music 😂,happy look dm version instal let know happen open music app url
AppleSupport,315847,"@AppleSupport nigga look at my tweets 
shit closes its simple",@315847 We would be happy to help work on this with you. Meet us in DM. https://t.co/GDrqU22YpT,nigga look tweet shit close simple,happy help work meet dm url
AppleSupport,162433,It’s amazing how bad @115858 maps and Siri are. Not just bad - but infuriating.,@162433 We'd like to know what's happening with Maps and Siri. DM us with the device you're using and it's operating system version.,amazing bad map siri bad infuriate,like know happen maps siri dm device operate system version
AppleSupport,315846,@AppleSupport please patch this latest update. I can barely use my iPhone 6 with all the crashing and freezing....,@315846 Let’s see what we can do together to get your phone up to speed. Send us a DM to begin. https://t.co/GDrqU22YpT,patch late update use iphone crashing freeze,let phone speed send dm begin url
AppleSupport,315845,"I lost over 1,000 pics/videos &amp; I’m actually crying wtf @115858",@315845 Let’s take a look at what’s going on. Send us a DM with more details and we'll go from there. https://t.co/GDrqU22YpT,lose pic video amp cry wtf,let look go send dm detail url
AppleSupport,315844,@AppleSupport rescheduling an appointment isn’t synonymous with canceling one. It doesn’t take a genius to figure that one out.,"@315844 Are you having issues with a genius bar appointment? If so, we're happy to look into it with you.",reschedule appointment synonymous cancel genius figure,have issue genius bar appointment happy look
AppleSupport,358112,@AppleSupport Oh hey! 11.0.3 🙂,@358112 Which iPhone are you using?,🙂,iphone
AppleSupport,358112,@AppleSupport iPhone 6s Plus! With Verizon,@358112 Go ahead and DM us your country so we can look into a few more things with you. https://t.co/GDrqU22YpT,iphone plus verizon,dm country look thing url
AppleSupport,315843,My phone is a mess because of the IOS11 like my battery died in less than one hour. WHY @AppleSupport,@315843 Hello. We'd like to help. Which version of iOS are you running under Settings &gt; General &gt; About?,phone mess ios11 battery die hour,like help version run setting gt general gt
AppleSupport,315843,@AppleSupport A lot like my phone is so slow since i updated and the battery dies in less than an hour and the apps stop working every five minutes,@315843 Approximately how long ago did you update to 11.0.3? Please let us know in DM to continue. https://t.co/GDrqU22YpT,lot phone slow update battery die hour app stop work minute,update let know dm continue url
AppleSupport,315842,My phone has been stuck like this all day @115858 fix your update 🙄 https://t.co/wnEHtyUDqK,@315842 We're here for you! Is this happening after the iOS 11.0.3 update that was released yesterday?,phone stick day fix update 🙄 url,happen ios update release yesterday
AppleSupport,358112,@115858 are we kidding? Phone won’t hold a charge for more than an hour since updating to iOS 11 💁🏼 #blessed #getittogether!,@358112 We're happy to assist. Which iOS version are you currently running? Go to Settings &gt; General &gt; About for the version.,kid phone hold charge hour update 💁 🏼 bless,happy assist ios version run settings gt general gt version
AppleSupport,759513,"@AppleSupport Help please. Apple Music keeps crashing on my phone. Latest software installed, hard reset done, app deleted and reinstalled.",@759513 We're happy to help so that you can get back to enjoying music! Those are great troubleshooting steps. Join us in DM with more details about when this started and which iPhone model you are using. https://t.co/GDrqU22YpT,help apple music keep crash phone late software instal hard reset app delete reinstall,happy help enjoy music great troubleshooting step join dm detail start iphone model url
AppleSupport,626091,@AppleSupport I️ don’t even know,@626091 We want to help. We just need more details. What is not working on your phone?,i️ know,want help need detail work phone
AppleSupport,329575,"@AppleSupport Where can I contact someone through email about this issue? I’m back in The Netherlands now, bought my watch in an USA store",@329575 Thanks for letting us know. Please meet us in DM so we can take a closer look at this with you. https://t.co/GDrqU22YpT,contact email issue netherlands buy watch usa store,thank let know meet dm close look url
AppleSupport,759511,@AppleSupport when i turn the phone off/on it works again but it’s the second time it has happened today. work on that bug,@759511 Let's take a closer look in DM. Send us a message and we'll follow up there. https://t.co/GDrqU22YpT,turn phone work second time happen today work bug,let close look dm send message follow url
AppleSupport,358111,Since I updated my iPhone my Bluetooth randomly comes on. 🤷🏽‍♂️🤷🏽‍♂️@AppleSupport,"@358111 We're here to help! If you're using Control Center, that button only disconnects. This link has more info: https://t.co/G7BHuQnDS6",update iphone bluetooth come 🤷 🏽‍ 🤷 🏽‍,help control center button disconnect link info url
AppleSupport,626794,Seriously @AppleSupport now my “ l “ is being weird? I️ had no issues before. Fix this please,@626794 Here’s what you can do to work around the issue until it’s fixed in a future software update: https://t.co/xXaXeeSRt9,l weird i️ issue fix,work issue fix future software update url
AppleSupport,759508,@AppleSupport can you please help me in resolving the issue with my MacBook pro's logic board/video card? Sounds like it's a well known issue and I could use some support.  https://t.co/jorgsBSuyU,@759508 We'd be happy to help with your MacBook Pro. Please let us know in DM what your particular Mac is experiencing and we'll look into this with you. https://t.co/GDrqU22YpT,help resolve issue macbook pro logic board video card sound know issue use support url,happy help macbook pro let know dm particular mac experience look url
AppleSupport,647937,@AppleSupport I phone 7. I want twitter to see/read write screenshots only. Not all photos. Thanks,"@647937 Thanks for clarifying. At this time, there is not a function to control which albums your apps can access, however you can always disable access to photos later.",phone want twitter read write screenshot photo thank,thank clarify time function control album app access disable access photo
AppleSupport,647937,@AppleSupport can we control what albums apps have read write access to? I don’t like consenting this ap to access all my pictures,@647937 We'd like to look into this with you. Could you tell us which device you're using currently?,control album app read write access consent ap access picture,like look tell device
AppleSupport,759509,"Every since I’ve done this iOS update @AppleSupport my phone is playing up!! Keeps freezing, nothing loads 😠",@759509 Hey there. We'd love to help out. Please DM and tell us what version you're updated to. You can find this info under Settings &gt; General &gt; About &gt; Version. We'll meet you there. https://t.co/GDrqU22YpT,ios update phone play keep freeze load,love help dm tell version update find info settings gt general gt gt version meet url
AppleSupport,620822,Really @115858 ? Over a month after the reales of the IPhone 8 and we still have terrible glitches and a question mark anytime I️ try to type I️,@620822 We have some great news. We've recently released an update which should address the autocorrect issue. You can read more here: https://t.co/xXaXeeSRt9,month real iphone terrible glitch question mark i️ try type i️,great news release update address autocorrect issue read url
AppleSupport,813967,So @AppleSupport why is this happening? https://t.co/vQtNr6g3Qf,@813967 That is interesting. Thanks for reaching out. Are you able to tell us if any of your friends are experiencing the same issue with this album? Let us know in DM. https://t.co/GDrqU22YpT,happen url,interesting thank reach able tell friend experience issue album let know dm url
AppleSupport,626793,"I attempted to update my iPhone, the shit froze on the apple logo screen &amp; now I'm without a phone. thank you @115858 😁","@626793 Hi. We're here for you. Have you check out the steps under ""if the update doesn't complete"" here: https://t.co/Ui1yTnOCUz",attempt update iphone shit freeze apple logo screen amp phone thank 😁,check step update complete url
AppleSupport,813968,@AppleSupport numbers won't work on keyboard... now can't log into my iMac ☹️,@813968 We're here for you; let's figure this out. Are letters working on your keyboard? What kind of keyboard are you using with your iMac? Have you tried restarting?,number work keyboard log imac ☹,let figure letter work keyboard kind keyboard imac try restart
AppleSupport,759510,My phone really on crack like @115858  these iPhones are glitching like a mf get it right before I get pixelated with #Androids,"@759510 We'd love to help with any specific concerns you face with your iPhone. Can you let us know the iOS version? Also, what seems to be going on. We'll take a look. https://t.co/GDrqU22YpT",phone crack iphones glitche mf pixelate android,love help specific concern face iphone let know ios version go look url
AppleSupport,358109,"@AppleSupport I did, they were baffled by the request with advice of glueing on keyboard letters manually. Can you give any further advice?",@358109 Our sales team would be the ones to get in contact with for this matter.,baffle request advice glueing keyboard letter advice,sale team one contact matter
AppleSupport,358109,@AppleSupport Trying to request Swedish keyboard layout in the US for MB Pro. Running around in circles with support. Can you help? https://t.co/OeQNGA5kVg,@358109 Hi there! Our online sales team would need to look into that with you. Reach out to them here:  https://t.co/8yjRd1Xo0i,try request swedish keyboard layout mb pro run circle support help url,online sale team need look reach url
AppleSupport,515147,My typing is bad enough without my phone auto correcting I️ to A with a boxed? @115858 what’s going on,@515147 Here’s what you can do to work around the issue until it’s fixed in a future software update: https://t.co/xXaXeeSRt9,typing bad phone auto correct i️ boxed go,work issue fix future software update url
AppleSupport,515147,@AppleSupport Still not working despite update,@515147 Let's meet up in DM to investigate this together. What iOS version shows in Settings &gt; General &gt; About? https://t.co/GDrqU22YpT,work update,let meet dm investigate ios version show settings gt general gt url
AppleSupport,515146,"@115858 if y’all don’t fix this problem with I️, I’m switching to Samsung",@515146 Here’s what you can do to work around the issue until it’s fixed in a future software update: https://t.co/xXaXeeSRt9,fix problem i️ switch samsung,work issue fix future software update url
AppleSupport,515145,@AppleSupport check dm,"@515145 We’ve received your DM, and will continue working from there. Be on the lookout for our response.",check dm,receive dm continue work lookout response
AppleSupport,813969,@AppleSupport how am I to reset my Apple ID password using my alphanumeric iPhone 7 Plus passcode when your screen only shows numbers as an option? https://t.co/Ywyxy1MlAn,@813969 We'd like to see what we can do to further assist. DM us and we'll continue from there. https://t.co/GDrqU22YpT,reset apple id password alphanumeric iphone passcode screen show number option url,like assist dm continue url
AppleSupport,626793,"@AppleSupport yes. I've tried everything from hard reset, soft reset, DFU mode and even wiping it clean.. still frozen on apple logo screen!",@626793 Do you have a computer with iTunes installed? Please let us know in DM and we'll continue there. https://t.co/GDrqU22YpT,try hard reset soft reset dfu mode wipe clean freeze apple logo screen,computer itunes instal let know dm continue url
AppleSupport,626792,New iPhone for my birthday and within two days the screen has a crack in. Not dropped that I know off.  Is this a known fault @AppleSupport,@626792 Meet up with us in DM so we can review support options with you today. Send us a message with your country and iPhone model. https://t.co/GDrqU22YpT,new iphone birthday day screen crack drop know know fault,meet dm review support option today send message country iphone model url
AppleSupport,566119,okay @115858 where the heck is the update to fix the i️ problem,@566119 Here’s what you can do to work around the issue until it’s fixed in a future software update: https://t.co/xXaXeeSRt9,heck update fix i️ problem,work issue fix future software update url
AppleSupport,626787,Wtf @115858 fix your shit i am sick of seeing that stupid question mark box,@626787 Here’s what you can do to work around the issue until it’s fixed in a future software update: https://t.co/xXaXeeSRt9,wtf fix shit sick see stupid question mark box,work issue fix future software update url
AppleSupport,626788,@115858 recently had an issue with my iPhone where it was faulty and had nothing but issues with O2 ever since. No new phone received despite the phone being broken and irreparable I have not been sent a new one.,@626788 Thanks for reaching out. We understand wanting to have a working iPhone. We've received your DM and will continue from there.,issue iphone faulty issue o2 new phone receive phone break irreparable send new,thank reach understand want work iphone receive dm continue
AppleSupport,144024,"@AppleSupport  You get the worst customer service of the year award.  No calls, no emails, just empty #lies.  But that’s what is #expected from #Apple. https://t.co/vhymmLEpvq",@144024 We're glad you reached out and we definitely want to look into this. Send us a DM to get started: https://t.co/GDrqU22YpT,bad customer service year award call email lie expect apple url,glad reach want look send dm start url
AppleSupport,144025,Apple Watch setup has been on this screen for nearly an hour. #Help @AppleSupport https://t.co/HIGjUJAIpx,@144025 We're happy to help with your Apple Watch. The steps here may help: https://t.co/lrUT3FBnPf,apple watch setup screen hour help url,happy help apple watch step help url
AppleSupport,449198,Have we made any progress with I️ @AppleSupport ... I’m over this,@449198 Here’s what you can do to work around the issue until it’s fixed in a future software update: https://t.co/xXaXeeSRt9,progress i️,work issue fix future software update url
AppleSupport,626789,@115858 get your shit together so I️ can write an I️,@626789 Here’s what you can do to work around the issue until it’s fixed in a future software update: https://t.co/xXaXeeSRt9,shit i️ write i️,work issue fix future software update url
AppleSupport,626790,@AppleSupport why does my battery die so fast?,@626790 We're here to help and want to help take a look into this further. What device and OS version are you having issues with?,battery die,help want help look device os version have issue
AppleSupport,626098,"Sooooo, y’all just ain’t gone never fix this lil “I️” bug huh? @115858",@626098 Here’s what you can do to work around the issue until it’s fixed in a future software update: https://t.co/xXaXeeSRt9,sooooo ai go fix i️ bug,work issue fix future software update url
AppleSupport,496655,@AppleSupport I have an issue with my Iphone 7 plus,@496655 We have received your DM and will respond there shortly.,issue iphone,receive dm respond
AppleSupport,626791,@AppleSupport Ios 11.1,"@626791 Thanks for that information. Do you experience the same behavior, when trying to connect to different Wi-Fi networks?",ios,thank information experience behavior try connect different wi fi network
AppleSupport,626097,"So ... @115858, why did I just get software update to iOS 11.1, yet there is STILL an autocorrect problem showing ""I"" as ""A ?""? Isn't that something you maybe wanted to address in a software update? @AppleSupport #iPhone #Apple",@626097 Here’s what you can do to work around the issue until it’s fixed in a future software update: https://t.co/xXaXeeSRt9,software update autocorrect problem show want address software update iphone apple,work issue fix future software update url
AppleSupport,626096,"@AppleSupport everyone would really love for y’all to fix the I️ issue, it’s very inconvenient and annoying",@626096 Here’s what you can do to work around the issue until it’s fixed in a future software update: https://t.co/xXaXeeSRt9,love fix i️ issue inconvenient annoying,work issue fix future software update url
AppleSupport,626096,@AppleSupport Well that’s great and all but my phone is still doing it sooo now what,@626096 Help is on the way. Send us a DM and we'll provide additional info. https://t.co/GDrqU22YpT,great phone sooo,help way send dm provide additional info url
AppleSupport,144026,@115858 @AppleSupport I am furious with your company right now. 😡 #nohelp #youmadethesituationworse,"@144026 We'd like to help. Send us a message in DM, and tell us a bit about what's going on. We're here for you.",furious company nohelp youmadethesituationworse,like help send message dm tell bit go
AppleSupport,144027,@AppleSupport Not always but sometimes this error comes https://t.co/i7e4Rotrfh,"@144027 If you haven't yet, let's restart your iPhone normally using the steps found here: https://t.co/OWRDHWSt4h Let us know if the behavior occurs again after restarting.",error come url,let restart iphone step find url let know behavior occur restart
AppleSupport,626791,@AppleSupport No just my phone,@626791 We want to make sure your iPhone works the way you expect it to. Let's get paired up in DM to get started. https://t.co/GDrqU22YpT,phone,want sure iphone work way expect let pair dm start url
AppleSupport,626791,@AppleSupport. My wifi constantly keeps disconnecting wen in connect it agine  5 seconds later it disconnect agine  itz really frustrating,@626791 We're here to help! What iOS version is currently installed on your device?,wifi keep disconnect wen connect agine second disconnect agine itz frustrate,help ios version instal device
AppleSupport,515143,"@515144 Fix this crap, @115858.",@515143 Here’s what you can do to work around the issue until it’s fixed in a future software update: https://t.co/xXaXeeSRt9,fix crap,work issue fix future software update url
AppleSupport,464804,I’ve had my phone not even two months and it black screened and won’t work. Your products are dog shit @115858,@464804 That's never the experience we want you to have. Which iPhone are you seeing this on? https://t.co/GDrqU22YpT,phone month black screen work product dog shit,experience want iphone see url
AppleSupport,515142,I think @115858 products are just having a huge meltdown party. None of my apps are working properly 😑,@515142 We'd be happy to help. Send us a DM and we can start there. https://t.co/GDrqU22YpT,think product have huge meltdown party app work 😑,happy help send dm start url
AppleSupport,515141,@AppleSupport Thanks seems to be working so far I hope lol,@515141 Great! We're always happy to be of service. Take care.,thank work hope lol,great happy service care
AppleSupport,689218,@AppleSupport do you know when the next delivery is of iPhone X to Belfast store I’ve been checking every morning but they never get any stock? https://t.co/9uI6Y5g3bj,"@689218 Great question! We know there's lots of excitement around the iPhone X and we certainly understand wanting to get your hands on one soon. You'd want to contact our Sales Support team directly: https://t.co/8yjRd1Xo0i
Have a good weekend!",know delivery iphone x belfast store check morning stock url,great question know lot excitement iphone x understand want hand want contact sale support team url good weekend
AppleSupport,515127,@AppleSupport I️ can’t type the letter I️ without it changing it to this,@515127 Here’s what you can do to work around the issue until it’s fixed in a future software update: https://t.co/xXaXeeSRt9,type letter i️ change,work issue fix future software update url
AppleSupport,515127,@AppleSupport Thank you,@515127 You're welcome. https://t.co/GDrqU22YpT,thank,welcome url
AppleSupport,813970,@118845 my Bluetooth beats won’t charge anymore . Like not even a blinking light. Please help,@813970 Let’s get you pointed in the right direction. Our @159983 team will take it from here.,bluetooth beat charge blink light help,let point right direction team
AppleSupport,813971,@115858 uhhhhhhh wtf? https://t.co/hdl3yx7jkC,"@813971 We want to learn more about what happened with your Lightning cable. Meet us in DM with some details, such as which device you use, and which country you're in, and we'll take a look. https://t.co/GDrqU22YpT",wtf url,want learn happen lightning cable meet dm detail device use country look url
AppleSupport,458308,@AppleSupport I could REALLY use the ability to add Google Translate (or any Apple developed translator) to the Control Center in iOS 11. It's a vital need to translate something to say asap as I work around Europe. Do I have any options to add a translator to the Control Center?,"@458308 Thanks for reaching out.  It is not a possibility to add third party controls, but let us know how we can improve at:  https://t.co/eTPVYVFyd8",use ability add google translate apple develop translator control center ios vital need translate asap work europe option add translator control center,thank reach possibility add party control let know improve url
AppleSupport,572847,Apple's own Music Memos app isn't updated for iPhone X... C'mon @115858 https://t.co/9eoXmmNVas,@572847 We're here to help with any issues you may having. Tell us more about what's happening in a DM. https://t.co/GDrqU22YpT,apple music memos app update iphone x come url,help issue have tell happen dm url
AppleSupport,358110,"@AppleSupport Yes, it’s on. In addition, I cannot scroll past December into next year in my calendar. Big glitch",@358110 Were you using iCloud? Let us know in a DM. https://t.co/GDrqU22YpT,addition scroll december year calendar big glitch,icloud let know dm url
AppleSupport,813972,should we be worried about the ROOT issue?  How do we fix?  @AppleSupport,@813972 Thanks for reaching out.  We want to help.  Send us a DM letting us know which country you are located in. https://t.co/GDrqU22YpT,worried root issue fix,thank reach want help send dm let know country locate url
AppleSupport,123145,@AppleSupport why isn’t my phone connecting to WiFi?? 😫,"@123145 Is this happening on all networks, or just some in particular? Let us know in a DM. https://t.co/GDrqU22YpT",phone connect wifi 😫,happen network particular let know dm url
AppleSupport,669741,IM SO TIRED OF SEEING THOSE DAMN QUESTION MARKS WITH THE FRICKIN SQUARES @115858 MAKE A DAMN UPDATE TO FIX IT PRETTY PLEASE W/ SUGA ON TOP,@669741 We'd like to help any way we can. Which device model do you have and what's the OS version installed?,im tired see damn question marks frickin squares damn update fix pretty suga,like help way device model os version instal
AppleSupport,358110,@AppleSupport IOS11 deleted all of my appointments. Know of a fix for this?,"@358110 Let's take a look at this together. Are you using Apple Calendars? If you go to Settings &gt; Apple ID &gt; iCloud, is Calendar on?",ios11 delete appointment know fix,let look apple calendars setting gt apple id gt icloud calendar
AppleSupport,515126,@AppleSupport Hi. On my keyboard “we” suddenly keeps autocorrecting to “W.E”. Could you please help?,@515126 We'd like to help. Let's partner together in DM. https://t.co/GDrqU22YpT,keyboard keep autocorrecte w.e help,like help let partner dm url
AppleSupport,517083,Seriously are we not doing something about the it I️t situation @AppleSupport,@517083 Thanks for reaching out. We have a workaround for this here: https://t.co/xXaXeeSRt9 DM us if you still need help.,i️t situation,thank reach workaround url dm need help
AppleSupport,431934,"@AppleSupport i try all of the steps in that link, and still no working 😟","@431934 OK, let's move this to DM where we can dig in deeper. https://t.co/GDrqU22YpT",try step link work 😟,ok let dm dig url
AppleSupport,626095,"Dude, what the hell? @115858 ... are you punishing those of us who aren't updating? Or are even the updated systems seeing these insane syntax errors? As a writer, it's tough to absorb these packages of communication. Love you guys, just challenging the ruling on the field here... https://t.co/xAwXK4vE81",@626095 Here’s what you can do to work around the issue until it’s fixed in a future software update: https://t.co/xU1AGHStV6,dude hell punish update update system see insane syntax error writer tough absorb package communication love guy challenge ruling field url,work issue fix future software update url
AppleSupport,626094,@115858 @AppleSupport or the ! ? or # ? i’m screaming,@626094 Here’s what you can do to work around the issue until it’s fixed in a future software update: https://t.co/xXaXeeSRt9,# scream,work issue fix future software update url
AppleSupport,813973,@AppleSupport a staple on my paper just cracked my MacBook screen.........,"@813973 We completely understand not wanting to have that kind of damage on your MacBook. Please DM us with the current country you're in, and we'll look into your options. https://t.co/GDrqU22YpT",staple paper crack macbook screen,understand want kind damage macbook dm current country look option url
AppleSupport,515127,@115858 my phone sucks fix it,@515127 We want your iPhone to work properly. What issue are you having?,phone suck fix,want iphone work issue have
AppleSupport,515128,@515129 @115858 FUCKING SAME I️ I️ I️ I️,@515128 Here’s what you can do to work around the issue until it’s fixed in a future software update: https://t.co/xXaXeeSRt9,i️ i️ i️,work issue fix future software update url
AppleSupport,572850,WHAT IS WITH THIS WHOLE QUESTION MARK BOX  EXCLAMATION POINT WHEN I️ TRY TO SAY I️! @115858 wtf,@572850 Here’s what you can do to work around the issue until it’s fixed in a future software update: https://t.co/xXaXeeSRt9,question mark box exclamation point i️ try i️ wtf,work issue fix future software update url
AppleSupport,515140,@115858 y’all need to fix these question marks every time I️ want to type “I”🤬,@515140 Here’s what you can do to work around the issue until it’s fixed in a future software update: https://t.co/xXaXeeSRt9,need fix question mark time i️ want type 🤬,work issue fix future software update url
AppleSupport,515139,I’m also now getting the I️ error. Only started when I️ sent a message in FB messenger? Is there a bug/virus? @AppleSupport,@515139 Here’s what you can do to work around the issue until it’s fixed in a future software update: https://t.co/xXaXeeSRt9,get i️ error start i️ send message fb messenger bug virus,work issue fix future software update url
AppleSupport,329529,iOS 11 wifi and Bluetooth control center icons do not turn off those features. Very inconvenient @AppleSupport Ruined my iPhone experience.,@329529 We can help! Check out this article for steps to turn Wi-Fi and Bluetooth off completely: https://t.co/G7BHuQnDS6,wifi bluetooth control center icon turn feature inconvenient ruin iphone experience,help check article step turn wi fi bluetooth url
AppleSupport,515138,@115858 .. soo why when we put “ i️ “ allat extra stuff show up 😑 why did y’all fuck up the update man ? omg,@515138 Here’s what you can do to work around the issue until it’s fixed in a future software update: https://t.co/xXaXeeSRt9,soo i️ allat extra stuff 😑 fuck update man,work issue fix future software update url
AppleSupport,515137,"@AppleSupport with IOS11 when I message &amp; use more than 3 consecutive dashes (-) after text, then more text, everything after — goes away🐜 https://t.co/qGIr4nfcis","@515137 We want to help you with Messages. DM us, and we can look into this deeper. https://t.co/GDrqU22YpT",ios11 message amp use consecutive dash - text text go 🐜 url,want help message dm look deep url
AppleSupport,329532,@AppleSupport *Bee doo bee doop* automated @AppleSupport here to save the day 😒 imagine a phone with 0 functionality unless its on WiFi and you get iOS 11,@329532 Please meet us in DM using the link below. See you there. https://t.co/GDrqU22YpT,bee doo bee doop automate save day 😒 imagine phone functionality wifi,meet dm link url
AppleSupport,329532,Hey @AppleSupport  if I wanted a phone that didn’t work I would of bought an android.,@329532 What's going on with your iPhone. Let us know in DM and we'll work with you to figure out a solution. https://t.co/GDrqU22YpT,want phone work buy android,go iphone let know dm work figure solution url
AppleSupport,515136,"What do ya know @115858, my phone started to shit itself after it was updated 👀",@515136 What kind of issues are you having with the iPhone?  We'd love to help out.,know phone start shit update 👀,kind issue have iphone love help
AppleSupport,515135,@AppleSupport can’t even use the letter “i” in caps because of the new update. See what I️ mean? Please fix this.,@515135 Here’s what you can do to work around the issue until it’s fixed in a future software update: https://t.co/xXaXeeSRt9,use letter cap new update i️ mean fix,work issue fix future software update url
AppleSupport,515134,Make this stop for the love of god @115858 @AppleSupport https://t.co/0Jb0i2LqVN,@515134 Here’s what you can do to work around the issue until it’s fixed in a future software update: https://t.co/xXaXeeSRt9,stop love god url,work issue fix future software update url
AppleSupport,264693,Anyone else having battery and iOS issues after the new 11.0.2 update on their iPhone 6plus? @AppleSupport any ideas? I had to factory rest,@264693 We'd like to help you get your device back in working order. Send us a DM. https://t.co/GDrqU22YpT,have battery issue new 11.0.2 update iphone idea factory rest,like help device work order send dm url
AppleSupport,515134,@AppleSupport Thank you,@515134 You are very welcome. Reach out to us if you need any more assistance.,thank,welcome reach need assistance
AppleSupport,515133,I️ updated my iphone and I️ still see question marked boxes lol for why @115858,@515133 Here’s what you can do to work around the issue until it’s fixed in a future software update: https://t.co/xXaXeeSRt9,i️ update iphone i️ question mark box lol,work issue fix future software update url
AppleSupport,515132,"Recent updates for @115858 #iphone just suck the battery dry, down to less than 7% 3 Times today not to mention everything is laggy and slow. Give me iOS 9 back!",@515132 We'd be happy to help. Send us a DM and we can start there. https://t.co/GDrqU22YpT,recent update iphone suck battery dry % times today mention laggy slow,happy help send dm start url
AppleSupport,179812,"Dear @AppleSupport 
How do I get rid of this notification??
No, I don’t want to do face recognition. https://t.co/e6707wVtrx",@179812 What happens when you click on the notification? Let us know so we can take a look.,dear rid notification want face recognition url,happen click notification let know look
AppleSupport,502560,"Hey @115858, I updated my iPhone and I still see the [?]. Why? #justfixit",@502560 Here’s what you can do to work around the issue until it’s fixed in a future software update: https://t.co/xXaXeeSRt9,update iphone justfixit,work issue fix future software update url
AppleSupport,515131,@115858 when is the update coming because I’m tired of that box with the question mark in it 😒,@515131 Here’s what you can do to work around the issue until it’s fixed in a future software update: https://t.co/xXaXeeSRt9,update coming tired box question mark 😒,work issue fix future software update url
AppleSupport,515130,Has @115858 decided to tell us yet as to why this “A question box” thing is the new “I️” word? #applebug https://t.co/reNZbltjQT,@515130 Here’s what you can do to work around the issue until it’s fixed in a future software update: https://t.co/xXaXeeSRt9,decide tell question box thing new i️ word url,work issue fix future software update url
AppleSupport,515141,@AppleSupport can you fix this issue we’re having every time I️ type this box with an A shows up and no one knows what the hell im saying 😫,@515141 Here’s what you can do to work around the issue until it’s fixed in a future software update: https://t.co/xXaXeeSRt9,fix issue have time i️ type box show know hell m say,work issue fix future software update url
AppleSupport,515150,yo @AppleSupport how do I️ get my phone to stop making ‘?’ for my letter ‘I’ thanks :),@515150 Here’s what you can do to work around the issue until it’s fixed in a future software update: https://t.co/xXaXeeSRt9,yo phone stop make letter thank,work issue fix future software update url
AppleSupport,329575,@AppleSupport hi! I just purchased an apple watch in one of the stores but my online receipt didn't come through. What to do?,@329575 Let's help get you into the right hands. Please reach out to us via: https://t.co/8yjRd1Xo0i and we can go from there.,purchase apple watch store online receipt come,let help right hand reach url
AppleSupport,329576,@AppleSupport how do you fix the battery draining problem after the 11.0.3 upgrade???  Draining as I type :(,@329576 Let's take a look at this together. How recently did you update to iOS 11.0.3? Let us know in DM. https://t.co/GDrqU22YpT,fix battery drain problem upgrade drain type,let look update ios let know dm url
AppleSupport,161535,Still getting this bug...please fix this @115858 @AppleSupport @115858 https://t.co/jmUc6MtKqo,@161535 Thanks for reaching out. We'd like to help. Are you able to open Safari? Have you tried rebooting to see if that helps?,get bug fix url,thank reach like help able open safari try reboot help
AppleSupport,233080,@AppleSupport I have 10.12.6 and it happens in any app in which I'm typing.,@233080 Thanks for letting us know. Send us a DM and we'll continue this conversation there. https://t.co/GDrqU22YpT,10.12.6 happen app type,thank let know send dm continue conversation url
AppleSupport,149281,@AppleSupport in iOS 11.1.2 and iPhone 7 Siri can't call specific contacts although there is a phone number available,@149281 We're happy to look into this with you. Send us a DM and we'll continue there. https://t.co/GDrqU22YpT,ios iphone siri specific contact phone number available,happy look send dm continue url
AppleSupport,149282,"@AppleSupport Yess it does &amp; it shows up in my purchase history but as “pending”, when i tried to purchase it again it told me that it’s already purchased. I just don’t understand why the price still shows up &amp; why it asks if i wanna purchase it again but tells me its already there.","@149282 Thank you. Are you on a Family Share account? Please DM your answer, we'll meet you there to continue. https://t.co/GDrqU22YpT",yess amp show purchase history pende try purchase tell purchase understand price show amp ask wanna purchase tell,thank family share account dm answer meet continue url
AppleSupport,149282,&amp; it asks me if i wanna purchase the song (Again) when i press on it...? @115858 @AppleSupport https://t.co/FCanWs2KXp,"@149282 We can help get this sorted out. Just to rule something out, have you downloaded that purchase on your device? Does that show up and play in the Music app?",amp ask wanna purchase song press url,help sort rule download purchase device play music app
AppleSupport,502550,@115858 how come every time I️ type the letter “I️” this happens ..... need to fix that https://t.co/dxfjFDZmG1,@502550 Here’s what you can do to work around the issue until it’s fixed in a future software update: https://t.co/xXaXeeSRt9,come time i️ type letter i️ happen need fix url,work issue fix future software update url
AppleSupport,203485,@AppleSupport is this a bug or a feature on iOS 11.0.2 https://t.co/4ijSjTYtLl,@203485 Let's look into this further via DM. Please tap here to continue: https://t.co/GDrqU22YpT,bug feature ios url,let look dm tap continue url
AppleSupport,149280,@115858 - bummed. I even did an extra workout to hit the 5k t-day watch challenge after cooking ALL day &amp; didn't get it. Y? https://t.co/nnqRmyKzxN,@149280 Hello. That's an awesome workout that you completed. You should see your achievement badge within 9 days. Please contact us if for some reason you don't. You can read more about it here: https://t.co/xwf6lrIgzJ,bum extra workout hit 5k t day watch challenge cook day amp y url,hello awesome workout complete achievement badge day contact reason read url
AppleSupport,203486,@AppleSupport Bruh y’all took money out my account for Apple Music but saying I didn’t pay 😑,@203486 Reach out to our iTunes Store team via the following link to make sure we resolve this: https://t.co/SDIe7UiyJN,bruh take money account apple music say pay 😑,reach itunes store team following link sure resolve url
AppleSupport,161536,"@AppleSupport 11.0.1 update drains my battery faster than 11, come on Apple!  Are you pushing me to Samsung?","@161536 We recommend that you update to our latest version, 11.0.2 and test your battery performance using that.",update drain battery come apple push samsung,recommend update late version test battery performance
AppleSupport,502551,@AppleSupport @115858 can we sort out this predictive text issue I’m getting frustrated every time I️ write I️ it’s annoying ! #apple,@502551 Here’s what you can do to work around the issue until it’s fixed in a future software update: https://t.co/xXaXeeSRt9,sort predictive text issue get frustrate time i️ write i️ annoying apple,work issue fix future software update url
AppleSupport,575023,@AppleSupport I always get this pop-up on my iPad Pro when going on yahoo websites.  I went into settings&gt;safari and cleared data. Not fixed https://t.co/n19tzzQwgy,"@575023 We'll do everything we can to help! After you tried closing the tab, restarting the iPad Pro, and seeing if the issue persists?",pop ipad pro go yahoo website go settings&gt;safari clear datum fix url,help try close tab restart ipad pro see issue persist
AppleSupport,203488,What's up with the media keys in #HighSierra ?? Pauses my quicklook and keeps my iTunes playing? @AppleSupport @141075,@203488 Hi there. Please send us a DM and tell us which Mac you're using. We'll meet you there to help out. https://t.co/GDrqU22YpT,medium key highsierra pause quicklook keep itunes playing,send dm tell mac meet help url
AppleSupport,626072,Yo @115858 fix this ish... https://t.co/S6zSDOzXWe,@626072 Here’s what you can do to work around the issue until it’s fixed in a future software update: https://t.co/xXaXeeSRt9,yo fix ish url,work issue fix future software update url
AppleSupport,203489,@AppleSupport My phone is freezing ALL THE TIME and sometimes I can’t hear when talking in the phone,@203489 Let's team up in a DM. We'll be able to gather additonal details from you and assist you there: https://t.co/GDrqU22YpT,phone freeze time hear talk phone,let team dm able gather additonal detail assist url
AppleSupport,203489,@115858 my phone hasn’t worked properly since I did the new update. Pls fix this,"@203489 Maybe we can help. Give us some details on what specifically is happening, and we'll work together on a solution.",phone work new update fix,help detail happen work solution
AppleSupport,203487,@AppleSupport hey Apple my iPhone 8+ makes crackling sounds when my music is playing,@203487 We'd like to help. Let's take this to DM and we'll explore ways to provide you assistance. https://t.co/GDrqU22YpT,apple iphone make crackling sound music play,like help let dm explore way provide assistance url
AppleSupport,149279,@AppleSupport Why are the buttons like that? https://t.co/XHgG77luaR,@149279 Let's take a look at this together. Which exact version of the operating system is your iPhone running? You can find that in Settings &gt; General &gt; About. Does this happen with any other app that you try to open from the lock screen?,button url,let look exact version operating system iphone run find settings gt general gt happen app try open lock screen
AppleSupport,149279,"@AppleSupport My iPhone SE is on iOS 11.1.2(15B202) and yes, it happens with every app.",@149279 Have you restarted your iPhone since noticing how close those buttons are? Let us know in DM and we'll investigate further to find a solution. https://t.co/GDrqU22YpT,iphone se ios happen app,restart iphone notice close button let know dm investigate find solution url
AppleSupport,149278,"When opening website by shortcut, screen always goes black before opening the webpage. It’s really annoying and it hurts my eyes. Could plz remove it Apple? @115858 https://t.co/7XJ9eV77tb",@149278 Thanks for reaching out to us concerning this issue. Can you tell us what software version your iPad is currently running?,open website shortcut screen go black open webpage annoying hurt eye plz remove apple url,thank reach concern issue tell software version ipad run
AppleSupport,149267,"What is happening to @115858 ?
My phone has been freezing with the Apple logo since last night and I can do nothing.
@AppleSupport Can you do something?","@149267 We can help. Let's follow these steps: https://t.co/8MvHMFZ83h If the issue remains, please DM and let us know. We'll be here for you. https://t.co/GDrqU22YpT",happen phone freeze apple logo night,help let follow step url issue remain dm let know url
AppleSupport,149269,@AppleSupport I have a problem with my earpods...this is my second pair that faces the same problem for the record. The right earbud stopped working all of a sudden.,"@149269 Hi. We are here to help. Send us a DM, and we’ll take a look into this. https://t.co/GDrqU22YpT",problem earpod second pair face problem record right earbud stop work sudden,help send dm look url
AppleSupport,123990,I️ updated my phone and this shit still not working ! @AppleSupport,@123990 DM the country or region where you are located to continue. https://t.co/GDrqU22YpT,i️ update phone shit work,dm country region locate continue url
AppleSupport,149270,@AppleSupport let down by Apple again! So disappointed! Please see your messages thanks,"@149270 We got your DM, and we look forward to working with you there.",let apple disappointed message thank,get dm look work
AppleSupport,149271,My phone deleted a lot of good photos from a time ago. @AppleSupport @115858 what’s good?! https://t.co/rQNXE6M19Z,"@149271 We understand the importance in wanting to cherish memories and look back on them, so let's check this out together. To get started, which iPhone &amp; iOS version are you using? Also, was an album removed or just random photos?",phone delete lot good photo time good url,understand importance want cherish memory look let check start iphone amp version album remove random photo
AppleSupport,149272,"iCloud backup failed restoring my 190-some odd GB of videos and photos to my iPhone X.... time to factory reset and do another restore. Time to add a “continue restore” button @115858 @AppleSupport, the backup system is #rsync based...right?","@149272 We know it's important to have those pics and videos where you want them, and our Photos experts are ready to help with that. You can reach them here to get started:  https://t.co/IBIY3vMgPj",icloud backup fail restore odd gb video photo iphone x .... time factory reset restore time add continue restore button backup system # rsync base right,know important pic video want photo expert ready help reach start url
AppleSupport,515103,@115858 I know what you are doing &amp; it’s not going to make me update my phone just so I️ have to get the new one #screwyou,@515103 We want to help. What are you experiencing with your iPhone?,know amp go update phone i️ new # screwyou,want help experience iphone
AppleSupport,515103,"@AppleSupport My music randomly stops , rewinds or goes forwards, switches to another song... my “i”s are messed up , all my called were randomly deleted",@515103 Got it. Let's go ahead and meet in DM and we'll look into this. https://t.co/GDrqU22YpT,music stop rewind go switch song i” mess call delete,get let meet dm look url
AppleSupport,502549,twice my new iphone x has randomly just shut off @AppleSupport @115858,@502549 We're here to help. Which iOS version is your iPhone running? Did the phone restart on its own or did you have to restart it?,new iphone shut,help ios version iphone run phone restart restart
AppleSupport,161535,@AppleSupport Yes I’m able to open safari but the problem is that it’s gets faded everytime not only safari all apps.,@161535 Understood! Can you tell us the version of iOS in Settings &gt; General &gt; About?,able open safari problem get fade everytime safari app,understood tell version ios settings gt general gt
AppleSupport,515100,@115858 fix this “I️” problem and @917 fix y’all problems. Y’all slacking right now,@515100 Here’s what you can do to work around the issue until it’s fixed in a future software update: https://t.co/xXaXeeSRt9,fix i️ problem fix problem y’all slack,work issue fix future software update url
AppleSupport,149274,"@115858 iPhone 6S on ios11. Been plugged in 4 10 hrs, 74% charged. Last night plugged in 8 hrs, 74% charged.  Ios11 = no bueno.",@149274 We'd like your iPhone charging to 100%. Are we using the cord and power adapter that came with your iPhone or other Apple branded ones? Which version of iOS 11 is installed in Settings &gt; General &gt; About? Please DM us those answers and we'll pick up there. https://t.co/GDrqU22YpT,iphone 6s ios11 plug % charge night plug hrs % charge ios11 = bueno,like iphone charge % cord power adapter come iphone apple brand one version ios instal settings gt general gt dm answer pick url
AppleSupport,149275,"@AppleSupport you restored my phone without my permission and deleted everything on my phone, thanks for nothing.",@149275 We'd like to look into this with you. Can you tell us when you noticed the missing content and restored device?,restore phone permission delete phone thank,like look tell notice miss content restore device
AppleSupport,149276,@AppleSupport I want to buy a Macbook and I see I get a £120 gift card. Can I use this gift card to buy the Macbook or do I have to use it on another item?,@149276 We've received your DM and you can expect a response there shortly.,want buy macbook gift card use gift card buy macbook use item,receive dm expect response
AppleSupport,149277,@AppleSupport My IPhone 6s battery life is horrible after the update. Goodbye Apple. Hello Android. I’m sick of updates that ruin perfectly good IPhones.,@149277 We appreciate you reaching out to us about your iPhone. Let's get this figured out. How long does your iPhone last from 100%? Please send us a DM. https://t.co/GDrqU22YpT,iphone battery life horrible update goodbye apple hello android sick update ruin good iphones,appreciate reach iphone let figure iphone % send dm url
AppleSupport,149278,"@AppleSupport More info. For normal webpage, this issue doesn’t appear. Webpage demonstrated in the video is https://t.co/QJF5JVewoO, which is a SAAS software as same as Worktile. Is this the case that safari isn’t supporting this kinds of web well?","@149278 Thank you for verifying this information. We'd like to share this guide with you that has steps to help ensure Safari on iPad is working as expected. Please DM us if you have any questions whatsoever, or find that the behavior persists: https://t.co/ZQiLtkIhNr https://t.co/GDrqU22YpT",info normal webpage issue appear webpage demonstrate video url saas software worktile case safari support kind web,thank verify information like share guide step help ensure safari ipad work expect dm question find behavior persist url url
AppleSupport,203490,@AppleSupport my phone won't let me update ☹️☹️☹️,@203490 We're here for you. Try these steps: https://t.co/80YRnjDFDk Let us know if you have questions.,phone let update ☹ ️ ☹ ️ ☹,try step url let know question
AppleSupport,149266,@116333 @AppleSupport @115858 any help please let me know. Just was trying to support the change.,@149266 Hi there. Thanks for reaching out. DM us and tell us more about what's happening with the device and we'll do our best to help. https://t.co/GDrqU22YpT,help let know try support change,thank reach dm tell happen device good help url
AppleSupport,626072,@AppleSupport Yup already tried that... doesn’t work.,@626072 Thanks for letting us know. Let's continue in DM. Send us a message and we'll follow up there. https://t.co/GDrqU22YpT,yup try work,thank let know let continue dm send message follow url
AppleSupport,626070,SOO @115858 WHO DO I HAVE TO GO TO SO THEY CAN FIX THIS ?! IM TIRED OF IT 🙄😴🤔🤔 https://t.co/ETceDB2W5K,@626070 Here’s what you can do to work around the issue until it’s fixed in a future software update: https://t.co/p793bM6T7n,soo fix im tired 🙄 😴 🤔 🤔 url,work issue fix future software update url
AppleSupport,393546,"Seriously, @AppleSupport @115858 you have to fix this. Get it done.",@393546 Here’s what you can do to work around the issue until it’s fixed in a future software update: https://t.co/xXaXeeSRt9,fix,work issue fix future software update url
AppleSupport,203491,@115858 quand vous sortez des nouvelles mises à jour ça serait bien de faire en sorte que ça ne fasse pas buguer le tel surtout le clavier,@203491 We offer support via Twitter in English. Contact us for help in your preferred language here: https://t.co/IBIY3vMgPj,quand vous sortez des nouvelle mise à jour ça serait bien sorte que ça ne fasse pas buguer le tel surtout le,offer support twitter english contact help preferred language url
AppleSupport,626063,@AppleSupport @115858 I️ am not happy with this.,@626063 Let's look into this. DM us more details about what exactly you are experiencing . https://t.co/GDrqU22YpT,i️ happy,let look dm detail experience url
AppleSupport,626062,@115858 I️ want you to fix this problem.,@626062 Here’s what you can do to work around the issue until it’s fixed in a future software update: https://t.co/xXaXeeSRt9,i️ want fix problem,work issue fix future software update url
AppleSupport,626061,"I️ I️ I️ I️ I️ I️ I️ I️ I️ I️ I️ I️ I️ I️ 

Wtf is this @AppleSupport",@626061 Thanks for reaching out. We have a workaround for this here: https://t.co/xXaXeeSRt9 DM us if you still need help.,i️ i️ i️ i️ i️ i️ i️ i️ i️ i️ i️ i️ i️ i️ wtf,thank reach workaround url dm need help
AppleSupport,203492,@115858 I’m tired of auto brightness fix this shit in the next update,@203492 You can turn off Auto-Brightness by going to Settings &gt; General &gt; Accessibility &gt; Display Accommodations. We hope this helps!,tired auto brightness fix shit update,turn auto brightness go setting gt general gt accessibility gt display accommodations hope help
AppleSupport,203493,@AppleSupport Can you add vibration to long press on non 3D Touch devices?,@203493 Thanks for reaching out. That is not currently a supported function. What you're describing is normally done by the Taptic Engine.,add vibration long press non 3d touch device,thank reach support function describe taptic engine
AppleSupport,626065,"@115858 hey I just wanted to let you know that your update fucked my iPhone. AGAIN.
it suckss mannn!!","@626065 We'd be happy to look into what's going on. To start, DM us some more info on what's going on, and we'll continue there. https://t.co/GDrqU22YpT",want let know update fuck iphone suckss mannn,happy look go start dm info go continue url
AppleSupport,149284,"@AppleSupport After one month, iWatch S3 strap’s coating is peeling. Solution? https://t.co/nZveXJf9XQ","@149284 Hi there! We'd like to make see what options we have available for your band. Please meet us in DM, and let us know your country, so we may assist.",month iwatch s3 strap coating peel solution url,like option available band meet dm let know country assist
AppleSupport,458612,@AppleSupport when I tap on @ I get ?  I have to go to keyboard numeric to use @ symbol. Example:   ?AppleSupport.,@458612 Let’s see what we can find out about your device. Let us know which version of iOS you’re running in DM to proceed. https://t.co/GDrqU22YpT,tap keyboard numeric use symbol example applesupport,let find device let know version ios run dm proceed url
AppleSupport,368835,"I really didn’t want to do this update, but here we are. @AppleSupport Umm, why is my phone tripping, as per usual!?! 🙄🙄🙄🙄🙄🙄",@368835 We would love to help! What's going on with your iPhone? Tell us via DM: https://t.co/GDrqU22YpT,want update umm phone tripping usual 🙄 🙄 🙄 🙄 🙄 🙄,love help go iphone tell dm url
AppleSupport,271816,@AppleSupport I know. But that doesn't answer my specific question. Those specs don't say what lens the camera is. I just want to know the focal length.,@271816 If the technical specification isn't outlined in the article provided then that information won't be available.,know answer specific question spec lens camera want know focal length,technical specification outline article provide information available
AppleSupport,502561,I want @115858 to fix this stupid autocorrect bug. https://t.co/3JkI4CWIBK,@502561 Here’s what you can do to work around the issue until it’s fixed in a future software update: https://t.co/xXaXeeSRt9,want fix stupid autocorrect bug url,work issue fix future software update url
AppleSupport,271816,"@AppleSupport Hi, what lens is on the built in webcam on the 2015 Retina Macbook Pro? What focal length is it? Thanks.",@271816 You can find all available technical specifications of the 2015 Retina MacBook Pro here: https://t.co/qXluSG89xI,lens build webcam retina macbook pro focal length thank,find available technical specification retina macbook pro url
AppleSupport,502563,"@115858 any suggestions, not a new purchase, about why battery is discharging sooo fast after installing new IOS? Mine lasts less than 8 hrs.",@502563 We are always happy to help. Let's continue in DM. https://t.co/GDrqU22YpT,suggestion new purchase battery discharge sooo instal new ios last hrs,happy help let continue dm url
AppleSupport,368836,@AppleSupport typo! https://t.co/4JiMJQZgTx,"@368836 Thanks for reaching out to us. To continue, please DM us the website where you're seeing this: https://t.co/GDrqU22YpT",typo url,thank reach continue dm website see url
AppleSupport,368837,@115858 my phone and my friends phone starting to glitch now.. we broke so unless the iPhone 8 is free please stop “updating”,@368837 We’re here to help with any iPhone issue. Let’s team up in DM and we’ll do our best to assist you. https://t.co/GDrqU22YpT,phone friend phone start glitch break iphone free stop update,help iphone issue let team dm good assist url
AppleSupport,149285,@AppleSupport how can i check the battery health on my iphone5? it often shuts down at 30% or so,@149285 You're in the right place. We know you need your iPhone ready from 100% to 1% of the battery. Please send us a DM with the iOS version from Settings &gt; General &gt; About and we can get started there. https://t.co/GDrqU22YpT,check battery health iphone5 shut %,right place know need iphone ready % % battery send dm ios version settings gt general gt start url
AppleSupport,626066,@115858 CAN YOU FIX THIS PROBLEM SO WHEN I SAY I IT DOESNT GO I️ I️ I️ I️ COME ON,@626066 Here’s what you can do to work around the issue until it’s fixed in a future software update: https://t.co/xXaXeeSRt9,fix problem doesnt i️ i️ i️ i️ come,work issue fix future software update url
AppleSupport,149283,2nd and 3rd notifications getting overlapped in the Notification Center. @AppleSupport https://t.co/8zaGVSPNad,"@149283 We can help with that. To get started, let us know which iOS version you have installed on your iPhone. Also, do these issues persist after restarting your iPhone? https://t.co/OWRDHWSt4h",2nd 3rd notification get overlap notification center url,help start let know ios version instal iphone issue persist restart iphone url
AppleSupport,626067,So when is this “I️” problem gonna be fixed? @115858,@626067 Here’s what you can do to work around the issue until it’s fixed in a future software update: https://t.co/xXaXeeSRt9,i️ problem go fix,work issue fix future software update url
AppleSupport,626069,"@115858 thanks, for destroying my MacBook with the update to High Sierra!
Great Job!
Does not accept password anymore...",@626069 We want you to have a good experience with the update. Is this the password you use to log into the Mac?,thank destroy macbook update high sierra great job ! accept password,want good experience update password use log mac
AppleSupport,626068,The ONE time I need to download an app..  @AppleSupport https://t.co/nu8DwEGZES,@626068 We're here to help. Let's take this to DM so we can better assist you. https://t.co/GDrqU22YpT,time need download app url,help let dm assist url
AppleSupport,502552,@AppleSupport 6s 11.1 update,"@502552 Thanks for that information. We want to look further into this. Please, send us a DM, we'll continue there. https://t.co/GDrqU22YpT",6s update,thank information want look send dm continue url
AppleSupport,502552,Soo @115858 no more battery icon or time on the home screen with the new update?,@502552 We'd like to help. Which device and system are you referring to?,soo battery icon time home screen new update,like help device system refer
AppleSupport,502553,FFS @115858 fix this ridiculous I️ thing.  Aren’t you embarrassed.,@502553 Here’s what you can do to work around the issue until it’s fixed in a future software update: https://t.co/xXaXeeSRt9,ffs fix ridiculous i️ thing embarrassed,work issue fix future software update url
AppleSupport,502554,@AppleSupport imessage and iOS 11.1,@502554 Do you have any third-party keyboard apps installed? You can find out here at Settings &gt; General &gt; Keyboard &gt; Keyboards.,imessage,party keyboard app instal find settings gt general gt keyboard gt keyboards
AppleSupport,502554,"@AppleSupport after leaving a group chat, everytime i am added back my keyboard disappears. so im just watching my friends talk currently",@502554 Let's see how we can help with that. What app is this happening in? What version iOS are you running?,leave group chat everytime add keyboard disappear m watch friend talk,let help app happen version run
AppleSupport,502555,Wtf @115858 why is my phone changing my words to characters?? I️ don’t know what’s happening,@502555 Here’s what you can do to work around the issue until it’s fixed in a future software update: https://t.co/xXaXeeSRt9,wtf phone change word character i️ know happen,work issue fix future software update url
AppleSupport,502556,@AppleSupport I️ updated to the 11.1 on my iPhone 5. I’m still getting the “?” icon. Why didn’t update fix this?,@502556 Here’s what you can do to work around the issue until it’s fixed in a future software update: https://t.co/xXaXeeSRt9,i️ update iphone get icon update fix,work issue fix future software update url
AppleSupport,502557,@AppleSupport I️ whyyy,@502557 Here’s what you can do to work around the issue until it’s fixed in a future software update: https://t.co/xXaXeeSRt9,i️ whyyy,work issue fix future software update url
AppleSupport,502558,Why is the keyboard fucked up??? @115858,@502558 What's going on with your keyboard? What device are we working with? We'll provide all the assistance we can to get this resolved.,keyboard fuck,go keyboard device work provide assistance resolve
AppleSupport,178613,@AppleSupport guys I️ need help,@178613 What issues are you currently experiencing? Send us a DM. We'll be more than happy to help. https://t.co/GDrqU22YpT,guy i️ need help,issue experience send dm happy help url
AppleSupport,502559,"@AppleSupport I have restarted it, factory reset it, etc. It flashes to last text, goes black &amp; closes. Called apple but they couldn’t fix it.",@502559 Got it. Let's work together in DM and pick up from here: https://t.co/GDrqU22YpT,restart factory reset flash text go black amp close call apple fix,get let work dm pick url
AppleSupport,502559,My iMessage won't open!  Help @AppleSupport!  did hard reset already. #ios11 #imessage,@502559 Let's figure this out. What happens when you try to open the Messages app? Have you restarted your device?,imessage open help hard reset ios11 # imessage,let figure happen try open messages app restart device
AppleSupport,515123,@AppleSupport what’s up with this ? https://t.co/t9rJLxtrYU,@515123 Here’s what you can do to work around the issue until it’s fixed in a future software update: https://t.co/xXaXeeSRt9,url,work issue fix future software update url
AppleSupport,458612,@AppleSupport 11.1 (15B93). I have installed at least 3 updates in the past few weeks. Problems began after first one. Last update was installed early today.,@458612 Let’s continue the conversation in DM using the link below. https://t.co/GDrqU22YpT,instal update past week problem begin update instal today,let continue conversation dm link url
AppleSupport,626071,I’ll be happy when @115858 drops an update to fix this “I” problem,@626071 Here’s what you can do to work around the issue until it’s fixed in a future software update: https://t.co/O1mArZQd2k,happy drop update fix problem,work issue fix future software update url
AppleSupport,232817,@115858 Something you have done has caused the Lightening to HDMI adapter to break. It notices my display as connected but 'No signal' is shown on Samsung Smart Display.,@232817 We're here to help. DM us what software version you're on. https://t.co/GDrqU22YpT,cause lightening hdmi adapter break notice display connect signal show samsung smart display,help dm software version url
AppleSupport,149265,@AppleSupport [bug] brightness slider disappeared https://t.co/KKYSccD4Go,"@149265 We are here to help. If you restart the device, does the issue remain?",brightness slider disappear url,help restart device issue remain
AppleSupport,149263,@AppleSupport I was also able to install OS on external ssd drive (works only over usb2). I can access my internal ssd from it but still can’t boot.,"@149263 Sounds like you've presented us with a couple issues and we'd like to tackle them one at a time. Let's start with the first, Wi-Fi. Have you had a chance to test with multiple 5 GHz connections? Please DM us. https://t.co/GDrqU22YpT",able install os external ssd drive work usb2 access internal ssd boot,sound present couple issue like tackle time let start wi fi chance test multiple ghz connection dm url
AppleSupport,515119,@515120 @AppleSupport NAH NVM ITS STILL NOT WORKING ^^^,@515119 We'd like to look further into this with you in DM. https://t.co/GDrqU22YpT,nah nvm work ^^^,like look dm url
AppleSupport,144027,@AppleSupport how remove this error https://t.co/o3qa23gtu3,"@144027 We're happy to assist. 

Is this a persistent issue? Meaning if you close the app and reopen it, it remains? Also do you notice this sort of overlap in other apps? 

Finally, what version of iOS are you on? The latest is 11.1.2.",remove error url,happy assist persistent issue mean close app reopen remain notice sort overlap app version late
AppleSupport,358117,@AppleSupport The iPhone wont turn back on. it sure needs to be replaced,@358117  We understand wanting to get your phone back in working order. Let's start by following these steps: https://t.co/8MvHMFZ83h,iphone turn need replace,understand want phone work order let start follow step url
AppleSupport,358117,"Well shit, my iPhone gave up on me again. @AppleSupport better replace it with a new one.",@358117 We'd like to help with the current iPhone you have. Did you have a power failure; are you able to use the iPhone?,iphone give replace new,like help current iphone power failure able use iphone
AppleSupport,358118,@AppleSupport iPad Air 2. Yes 10.0.3,"@358118 Got it. To clarify, are you running iOS 10 or iOS 11? Let us know in DM. https://t.co/GDrqU22YpT",ipad air,got clarify run let know dm url
AppleSupport,358118,@329818 @AppleSupport I have the same issue. I cannot read what I am typing... message don't scroll up.,"@358118 We would like to help. What kind of phone do you have? Also, is it currently running iOS 11.0.3?",issue read type message scroll,like help kind phone run
AppleSupport,572843,@AppleSupport Not sure how that is going to fix my phone saying it’s charging when it isn’t....,@572843 Thank you. Please DM us and provide some additional details about the issue you're having. We'd be happy to help. https://t.co/GDrqU22YpT,sure go fix phone say charge,thank dm provide additional detail issue have happy help url
AppleSupport,515119,Love trying to email my professor and the whole paragraph is boxes with question marks in it. @115858 fix your shit,@515119 Here’s what you can do to work around the issue until it’s fixed in a future software update: https://t.co/xXaXeeSRt9,love try email professor paragraph box question mark fix shit,work issue fix future software update url
AppleSupport,454785,@116333 #apple #safari https://t.co/zRYR4dRPrv,"@454785 Hello, Abhay. Send us a DM, and let us know which iOS version is installed. We'd like to look into this with you. https://t.co/GDrqU22YpT",apple safari url,hello abhay send dm let know ios version instal like look url
AppleSupport,358119,@AppleSupport charged my card three times and my Music is still not working,@358119 We're here to help. Let's take this to DM so we can better assist you. https://t.co/GDrqU22YpT,charge card time music work,help let dm assist url
AppleSupport,626078,@115858 fix this I️ problem.,@626078 Here’s what you can do to work around the issue until it’s fixed in a future software update: https://t.co/xXaXeeSRt9,fix i️ problem,work issue fix future software update url
AppleSupport,572842,"Yo @AppleSupport , 👁 updated my phone so my Touch ID would work but now 👁 can’t refer to myself in first person w/o an emoji. FIX IT!!",@572842 Here’s what you can do to work around the issue until it’s fixed in a future software update: https://t.co/xXaXeeSRt9,yo 👁 update phone touch id work 👁 refer person emoji fix,work issue fix future software update url
AppleSupport,572841,@115858 @AppleSupport fix this problem I️ I️ I️ I️ I️ I️ I️ !!!!!,@572841 Here’s what you can do to work around the issue until it’s fixed in a future software update: https://t.co/xXaXeeSRt9,fix problem i️ i️ i️ i️ i️ i️ i️,work issue fix future software update url
AppleSupport,279330,I’m fucking tired of @115858 &amp; the issue with the letter I️. Im tired of seeing this 😩,@279330 Here’s what you can do to work around the issue until it’s fixed in a future software update: https://t.co/xXaXeeSRt9,fuck tired amp issue letter i️. m tired see 😩,work issue fix future software update url
AppleSupport,626077,We are victims of the “I️” @115858  correct the situation or I️ demand credit on my phone smh https://t.co/tNNncUooie,@626077 Here’s what you can do to work around the issue until it’s fixed in a future software update: https://t.co/xXaXeeSRt9,victim i️ correct situation i️ demand credit phone smh url,work issue fix future software update url
AppleSupport,287743,@124423 @115858 why is my iPhone audio turning off then I get a snapchat notification,@287743 Thanks for reaching out. We're here to help. DM us so we can look into this further with you. https://t.co/GDrqU2kzhr,iphone audio turn snapchat notification,thank reach help dm look url
AppleSupport,759515,MacBook isn’t powering up @ all but charging is working anyone got any suggestions ? @AppleSupport,@759515 Help is here! Have you tried an SMC reset? Check out this article to learn how: https://t.co/FYojVXHuwn,macbook power charge work get suggestion,help try smc reset check article learn url
AppleSupport,515121,@AppleSupport Screencap is from the App Store. It’s not about the apps. The OS is filled with bugs. Some auto correct balloons even appear under keybd.,@515121 We'd like to help! Let's dig deeper. Send us a DM with the country that you are located in to proceed. https://t.co/GDrqU22YpT,screencap app store app os fill bug auto correct balloon appear keybd,like help let dig send dm country locate proceed url
AppleSupport,515121,"iOS 11.1 is still buggy, @115858. This is the buggiest OS I’ve used. These visual issues happen too often across all apps. https://t.co/NyqbuhAwMw",@515121 We'd love to help! Does restarting fix it? Are there any updates available for your apps? DM us to let us know. https://t.co/GDrqU22YpT,ios buggy buggy os visual issue happen app url,love help restart fix update available app dm let know url
AppleSupport,515122,@AppleSupport I cannot edit my playlists on Apple Music and it’s incredibly frustrating. Any solutions?,@515122 We recieved your DM and will work with you there. https://t.co/GDrqU22YpT,edit playlist apple music frustrating solution,recieve dm work url
AppleSupport,572844,Like what is this??? @115858 @AppleSupport https://t.co/Gw8otGpqiV,@572844 We're happy to help. Let's try the following steps and then restart afterward; see if they help: https://t.co/uQeXsrrlXJ,url,happy help let try follow step restart help url
AppleSupport,224182,"@AppleSupport 3/ All 3 external USB drives randomly report as “unsafely unplugged”, after sleep/wake. Not always, but when, then always all at once",@224182 Let's help get this resolved. Please reach out to us via DM and we can go from there. https://t.co/GDrqU22YpT,external usb drive randomly report unplugged sleep wake,let help resolve reach dm url
AppleSupport,329577,"@AppleSupport hi, Canadian iPhone 7 plus here. Can I get service on it in Australia? Still in warranty! Thank you!",@329577 We can help. Was the iPhone purchased unlocked or was it subsidized by--and therefore locked to--a specific carrier?,canadian iphone service australia warranty thank,help iphone purchase unlocked subsidize lock specific carrier
AppleSupport,329578,"@AppleSupport No, using only 1 user...crash frequency twice a day...also, now not getting any pop-up to send crash details to you...what to do?","@329578 OK, thanks. Let's go ahead and try testing the issue in safe mode: https://t.co/PQ4LSYhUTY
Keep us posted on how it goes.",user crash frequency day get pop send crash detail,thank let try test issue safe mode url post go
AppleSupport,572843,@AppleSupport since I️ updated to 11 my phone says it’s charging but after an hour on the charger it’ll tell me the battery has gone down.,@572843 Here’s what you can do to work around the issue until it’s fixed in a future software update: https://t.co/qODbOsp4wz,i️ update phone say charge hour charger tell battery go,work issue fix future software update url
AppleSupport,329578,"@AppleSupport Yes, it seems this has solved the problem completely! No crashes now!
Thank you for precise and quick reply.
Keep it up!",@329578 We're glad to hear it! Feel free to reach back out if you have questions in the future. We're happy to help.,solve problem crash thank precise quick reply,glad hear feel free reach question future happy help
AppleSupport,358115,@AppleSupport after update of ios 11.0.2 my iphone 6s screen freeze and phone has become slow with battery drain . Please help,"@358115 We're here for you. Send us a DM, and we'll take a closer look at the issue together. https://t.co/GDrqU22YpT",update ios iphone screen freeze phone slow battery drain help,send dm close look issue url
AppleSupport,318805,Thank you @AppleSupport and @115858 for making this process difficult. She cannot go 12 days without a phone.,@318805 Having a working phone is important. We'd like to help you. Send us a DM to get started. https://t.co/GDrqU22YpT,thank make process difficult day phone,have work phone important like help send dm start url
AppleSupport,358116,@AppleSupport I just had a strange behaviour with FaceTime. I was calling someone from my Addr. Book and someone else was getting the call!,"@358116 We'd be happy to take a closer look at this with you. Send us a DM, and we'll continue from there. https://t.co/GDrqU22YpT",strange behaviour facetime call addr book get,happy close look send dm continue url
AppleSupport,329578,"@AppleSupport No specific website.
Yes tried rebooting mac &amp; safari but futile.
40% times it has happened when I opened safari after waking mac from sleep","@329578 Do you have more than one user account on your Mac? If so, does this happen when signed in to that account as well?",specific website try reboot mac amp safari futile % time happen open wake mac sleep,user account mac happen sign account
AppleSupport,329578,"@AppleSupport Facing LOTS of frequent crashes in new Safari 11 (El Capitan, MBP Late 2011). Plz fix it asap.",@329578 Thanks for contacting us. Are you experiencing this when you go to a specific website? Have you tried restarting your Mac?,face frequent crash new safari el capitan mbp late fix asap,thank contact experience specific website try restart mac
AppleSupport,626083,Dear @115858 why the hell my iphone 7 plus aint working right now? Yall need to fix this,@626083 We're here to get your iPhone working like you want it to. What exactly is going on?,dear hell iphone be work yall need fix,iphone work want go
AppleSupport,626082,As of 11.03 iOS I hate my @115858 iPhone. Chock full of bugs,@626082 Absolutely not the way we want you to feel about your iPhone. Have you had a chance to backup &amp; update to iOS 11.1? DM us. https://t.co/GDrqU22YpT,ios hate iphone chock bug,way want feel iphone chance backup amp update dm url
AppleSupport,469324,I have the update yet I still can’t see other people’s emojis and I have the iPhone 7 🤬 wtf @115858,@469324 We'd like to help! Join us in DM with more details about what you see in place of emojis. https://t.co/GDrqU22YpT,update people emoji iphone 🤬 wtf,like help join dm detail place emoji url
AppleSupport,626081,Interesting how a new iphone was just released by @115858 and suddenly my iphone is now freezing and requiring restarts multiple times a day. Didn't have a single problem with it the entire time I've owned it until now.,@626081 We're here to help. Which iOS version is your device currently running? You can check this through Settings &gt; General &gt; About.,interesting new iphone release iphone freeze require restart multiple time day single problem entire time own,help ios version device run check settings gt general gt
AppleSupport,626080,Yo @115858 y’all really not gonna fix this I️ ?,@626080 Here’s what you can do to work around the issue until it’s fixed in a future software update: https://t.co/xXaXeeSRt9,go fix i️,work issue fix future software update url
AppleSupport,626079,"@115858 @AppleSupport ever since i updated my phone to 11.1 it freezes constantly. Please provide an update to fix that and “I️” problem, pronto!!!","@626079 Here’s what you can do to work around, until it’s fixed in a future software update: https://t.co/uQeXsrrlXJ
Please DM us also https://t.co/GDrqU22YpT",update phone freeze provide update fix i️ problem pronto,work fix future software update url dm url
AppleSupport,626076,Who do I speak to about fixing this when there are no Genius Bar reservations in Sheffield? 😤@115858 @AppleSupport needthis sorting ASAP 😑😑😑 https://t.co/KtpY6AP1Gv,@626076 Thanks for reaching out. DM which Mac you are using to get started. https://t.co/GDrqU22YpT,speak fix genius bar reservation sheffield sort asap 😑 😑 😑 url,thank reach dm mac start url
AppleSupport,149263,"Mbp15 2012, 10.13.1. После сброса nvram, после ввода пароля пользователя такое. То же самое при загрузке с usb установщика 10.13. Загрузиться удаётся только в recovery password. Что делать?
@149264 RT please! CC @AppleSupport https://t.co/V5KvQTzFnr",@149263 We offer support via Twitter in English. Contact an Advisor for help in your preferred language here: https://t.co/IBIY3vMgPj,mbp15 после сброса nvram после ввода пароля пользователя такое то же самое при загрузке с usb установщика загрузиться удаётся только в recovery password что делать rt cc url,offer support twitter english contact advisor help preferred language url
AppleSupport,626075,@115858 i️ just had to do the most to type the letter “i” because of your bulllshit shortcut. FIX IT!!! (still not gonna get an android tho),@626075 Here’s what you can do to work around the issue until it’s fixed in a future software update: https://t.co/xXaXeeSRt9,i️ type letter bulllshit shortcut fix go android tho,work issue fix future software update url
AppleSupport,358120,"Hello, @115858 please correct the battery issue that’s taking place on my iPhone 7 in the new IOS update. My battery life used to be top tier",@358120 We'd be happy to help with your iPhone.  Please let us know which specific iOS version you're currently running.,correct battery issue take place iphone new ios update battery life tier,happy help iphone let know specific version run
AppleSupport,572834,@applesupport iOS 11.0.3 update failed-my iPhone 6+ is dead &amp; won't start back up.  Black screen of death... Hard reboot didn't work. HELP!,@572834 We definitely understand your concern &amp; we'll help. Did you update with iTunes on your computer or through Wi-Fi? Please DM us. https://t.co/GDrqU22YpT,ios update fail iphone dead amp start black screen death hard reboot work help,understand concern amp help update itunes computer wi fi dm url
AppleSupport,358122,Answer my this. Why the fuck my phone been tweaking! @115858,"@358122 We want to help you. DM us, and let us know what's going on. We'll see what we can do. https://t.co/GDrqU22YpT",answer fuck phone tweak,want help dm let know go url
AppleSupport,161535,@AppleSupport The leatest update ios11.0.2 I already updated my phone(iphone6s) https://t.co/0aJYjNkjaA,"@161535 Thanks for the info. We want to make sure we're on the same page. To clarify, did you already try to restart your iPhone?",leat update ios11.0.2 update phone(iphone6s url,thank info want sure page clarify try restart iphone
AppleSupport,149260,@AppleSupport thanks,@149260 We’re glad we could assist you. Please feel free to contact us back if you have any other questions or concerns.,thank,glad assist feel free contact question concern
AppleSupport,149260,@AppleSupport just noticed all pics taken in last week are saying they are taken in ‘Norton’ not Sheffield? They are placed correctly on the map.,@149260 Thanks for getting in touch with us about the location metadata on your photos! We'd recommend that you contact our Photos team directly for help with this. Click here to get started: https://t.co/IBIY3vMgPj,notice pic take week say take norton sheffield place map,thank get touch location metadata photo recommend contact photo team help click start url
AppleSupport,515104,@AppleSupport why does my brightness of my phone change by itself ??,@515104 We can look into this. Is auto-brightness enabled? This link will show you how to check: https://t.co/bkqEVCrK2l,brightness phone change,look auto brightness enable link check url
AppleSupport,149261,"@AppleSupport Nope, it’s neither on charge or connected to another device.",@149261 Do you have your iPhone set to vibrate if it receives new text messages or emails? Vibrations may be occurring when they are being received and either blocked or sent to junk mail after arriving in the inbox.,charge connect device,iphone set vibrate receive new text message email vibration occur receive block send junk mail arrive inbox
AppleSupport,572836,Dear @AppleSupport what do I do when my iphone is so slow it’s unusable after upgrading to iOS 11.,@572836 We want to be sure you get the most out of your iPhone's performance. Send us a DM and let us know which iPhone you're using. https://t.co/GDrqU22YpT,dear iphone slow unusable upgrade ios,want sure iphone performance send dm let know iphone url
AppleSupport,149261,My phone vibrates occasionally and I don’t even now why yo @AppleSupport,"@149261 That's odd for sure so let's see why your iPhone keeps vibrating on its own. At the time this is happening, is it on a charger or connected to any other devices?",phone vibrate,odd sure let iphone keep vibrate time happen charger connect device
AppleSupport,149262,"@AppleSupport No, the iPhone 6S Runs on 11.2 latest Public Beta while the iPhoneX runs on the latetest iOS 11.1",@149262 We recently released iOS 11.1.2 that may help with this issue. We'd recommend to update your device. Please be sure to create a backup before the install. https://t.co/4f8hwT5to6 Please let us know how it goes.,iphone 6s run late public beta iphonex run latet,release ios help issue recommend update device sure create backup install url let know go
AppleSupport,502548,"@AppleSupport every time I️ type I️ it changes to the symbol, I️ tried your solution and it still didn’t work",@502548  Let's meet up in DM to work together further. Please send us the iOS version from Settings &gt; General &gt; About https://t.co/GDrqU22YpT,time i️ type i️ change symbol i️ try solution work,let meet dm work send ios version settings gt general gt url
AppleSupport,144368,Fix the fucking EYE glitch @AppleSupport,@144368 Here’s what you can do to work around the issue until it’s fixed in a future software update: https://t.co/xXaXeeSRt9,fix fucking eye glitch,work issue fix future software update url
AppleSupport,502549,@AppleSupport 11.1.   I had to start it back myself.,@502549 Are there any app updates available on the device?,start,app update available device
AppleSupport,515104,@AppleSupport No auto brightness is not enabled. Every since the new update the brightness just adjust on its own,"@515104 That certainly is strange. Let's go ahead and meet in DM, and we'll take a closer look. https://t.co/GDrqU22YpT",auto brightness enable new update brightness adjust,strange let meet dm close look url
AppleSupport,149262,@115858 @4792 CarPlay and iPhoneX and the 2017 M240i don‘t work together. When is a fix for that coming?,"@149262 We'd like to help you get CarPlay working. Try following the ""Get help"" steps here: https://t.co/pg90dhXKAJ Let us know if you still need help.",carplay iphonex m240i don‘t work fix come,like help carplay work try follow help step url let know need help
AppleSupport,149262,"@AppleSupport Thanks. Still, it is not working with the iPhoneX. It works with the iPhone 6s thou","@149262 We're happy to hear it's now working with the iPhone 6s. To help us determine the cause, are both iPhone's using the same iOS version? This is found in Settings &gt; General &gt; About &gt; Version.",thank work iphonex. work iphone thou,happy hear work iphone 6s help determine cause iphone ios version find settings gt general gt gt version
AppleSupport,572837,My apple maps right now. Apparently I’ve been driving in the forest for a while. Thanks @AppleSupport for that great iOS update. 👍 https://t.co/m7mF5Cuh3r,@572837 We'd like to gather more information to see how we can help. Please DM us the details of this experience. https://t.co/GDrqU22YpT,apple map drive forest thank great ios update url,like gather information help dm detail experience url
AppleSupport,572838,"Hey @115858 @AppleSupport 
My Mac stopped working in 1 yr 2 mnths after repeatedly showing it to the service centre. 
Sent mail But No reply.",@572838 Hi there. We're here for you and happy to help. Send us a DM and let us know what's happening specifically. https://t.co/GDrqU22YpT,mac stop work yr mnth show service centre send mail reply,happy help send dm let know happen url
AppleSupport,222794,@AppleSupport Apple Watch not ringing when a whatsapp call comes through since update?,@222794 Thanks for reaching out. Are your notifications set correctly? Check out this article here: https://t.co/vXqj8bZGU7,apple watch ring whatsapp come update,thank reach notification set check article url
AppleSupport,358121,Thanks @115858 for destroying my wife's and my iPhone 6's. nothing like spending $800 on something that won't last a year and a half.,"@358121 Please, send us a DM and tell us more about what's been happening. We'll see what we can do to help. https://t.co/GDrqU22YpT",thank destroy wife iphone spend year half,send dm tell happen help url
AppleSupport,222794,@AppleSupport Yes it’s my partners. Facebook and WhatsApp calls don’t go to watch but she gets a missed call notification,@222794 Thanks for checking. Are both your iPhone and Apple Watch up-to-date? Can you update the apps as well?,partner facebook whatsapp call watch get miss notification,thank check iphone apple watch date update app
AppleSupport,143872,"@144028 @AppleSupport Yeah like my phone is trippin’ , its like i have no control over it.",@143872 What's your model and exact iOS version? Any steps tried since this started and when did this start?,phone trippin control,model exact version step try start start
AppleSupport,144029,"@AppleSupport why is #MegaBackup considered an application from a verified developer? It is pure malware. Any why are you charging $1,000 to help fix the problem? This seems like a #scam.",@144029 Let's help take a look. Follow up with us in DM. Tell us more about what you're experiencing regarding that app there. https://t.co/GDrqU22YpT,# megabackup consider application verified developer pure malware charge help fix problem scam,let help look follow dm tell experience app url
AppleSupport,328744,@115858 can we get a bug fix for iOS 11 where 1/2 of my message feed doesn’t disappear below my keyboard? Thanks.,@328744 Thanks for reaching out. DM which iPhone and specific iOS version you are using to get started. https://t.co/GDrqU22YpT,bug fix ios message feed disappear keyboard thank,thank reach dm iphone specific version start url
AppleSupport,515107,Why aren’t my iMessage notifications working? A new phone come out and y’all don’t know how to act. @115858 @AppleSupport,@515107 We don't want to see you miss out on your messages! We'll look into this with you. Were they just not coming through for you?,imessage notification work new phone come know act,want miss message look come
AppleSupport,515107,@AppleSupport The messages are coming through but sometimes it doesn’t notify me that I have a message. The red notification won’t show.,@515107 Do you have the badge notification turned off via Settings? Check this out for us and DM us to let us know what you see: https://t.co/GDrqU22YpT,message come notify message red notification,badge notification turn setting check dm let know url
AppleSupport,626075,@AppleSupport I thank you kindly,@626075 You're welcome. Let us know if you need any further help.,thank,welcome let know need help
AppleSupport,375992,"I’m honestly fed up with how Siri forgets everything I tell it. I’ve used an iPhone since 2008, and it doesn’t know who I am. Useless crap from @115858","@375992 We'd like to look into this with you. If you update the details in 'My Info', does the same issue remain? Which model do you have?",feed siri forget tell iphone know useless crap,like look update detail info issue remain model
AppleSupport,515106,Okay @115858 what’s wrong with the most recent update? My phone has completely crashed 3 times today.,"@515106 Your iPhone is important to you; we'll do all we can to help. To start, please describe for us how it's crashing.",wrong recent update phone crash time today,iphone important help start describe crash
AppleSupport,515106,"@AppleSupport I don’t have to restart my phone now, but I still get consistent crashes on multiple apps",@515106 We want to get down to the bottom of this with you. DM us so we can continue troubleshooting. https://t.co/GDrqU22YpT,restart phone consistent crash multiple app,want dm continue troubleshoot url
AppleSupport,222794,@AppleSupport Yep done that,@222794 Okay. Let's look into this together. Join us in DM so we can better assist you: https://t.co/GDrqU22YpT,yep,let look join dm assist url
AppleSupport,375992,@AppleSupport My problem is with the fact I keep on having to update it. This got wiped with every update since iOS 11,@375992 Thanks for following up. Send us a DM so we can look into this with you there. https://t.co/GDrqU22YpT,problem fact have update get wipe update,thank follow send dm look url
AppleSupport,355950,@AppleSupport can you please fix the “I” glitch? It is difficult to send a professional email without this basic feature.,@355950 Here’s what you can do to work around the issue until it’s fixed in a future software update: https://t.co/xXaXeeSRt9,fix glitch difficult send professional email basic feature,work issue fix future software update url
AppleSupport,626073,@626074 I’ve reset my keyboard and it has gone back to it. You hear me @AppleSupport I’m switching to @122986,@626073 Here’s what you can do to work around the issue until it’s fixed in a future software update: https://t.co/xXaXeeSRt9,reset keyboard go hear switch,work issue fix future software update url
AppleSupport,515106,"@AppleSupport The app I’m in will freeze, sometimes close itself and then all I can do is restart the phone. 6s","@515106 Got it, thanks for that info. To be clear, are you on iOS 11.1? With what exact version did the issues start?",app freeze close restart phone 6s,got thank info clear ios exact version issue start
AppleSupport,358120,@AppleSupport I’m running 11.03 ios version on my iPhone 7. Is there a fix to this? Thank you for your quick response. Much appreciated! https://t.co/x9uN6e9hB2,@358120 Send us a DM and we'll continue working with you there. https://t.co/GDrqU22YpT,run io version iphone fix thank quick response appreciate url,send dm continue work url
AppleSupport,669738,"@AppleSupport  this doesn’t look right, does it? https://t.co/8glqeKwPcZ",@669738 We'd like to help. Let's take this to DM and we'll explore ways to provide you assistance. https://t.co/GDrqU22YpT,look right url,like help let dm explore way provide assistance url
AppleSupport,515151,@AppleSupport why is my app store so slow to start a download in this new iphone 8 uptATe 🙃,@515151 We'd like to look into this with you. How long is it taking to start a download? Are there any other downloads in progress?,app store slow start download new iphone 🙃,like look take start download download progress
AppleSupport,515153,@AppleSupport Thanks,@515153 You're welcome. https://t.co/GDrqU22YpT,thank,welcome url
AppleSupport,315969,"@AppleSupport @120026 @244902 #Ios11 why does my WiFi keep Turing Back On after I’ve turn it completely off!?
Come on Apple",@315969 We can go over some information to about that. Let's move over to DM so we can have a chat. https://t.co/GDrqU22YpT,ios11 wifi ture turn come apple,information let dm chat url
AppleSupport,315968,"@115858  I was charged over $500 for a subscription that I never signed up for, and you won't refund me.  You don't need to rip people off...","@315968 Check out this article for help: https://t.co/8sHmV9bTIS
Questions? Contact our iTunes Store folks: https://t.co/SDIe7UiyJN",charge subscription sign refund need rip people,check article help url question contact itunes store folk url
AppleSupport,123856,@AppleSupport @116333 @123857  Should I be concerned yet? My iPhone X left China and went to Hong Kong and hasn’t left yet I live in LA,@123856  Our Online Store team is best suited to help with your question. You can reach them here: https://t.co/8yjRd1Xo0i,concern iphone x leave china go hong kong leave live la,online store team suited help question reach url
AppleSupport,315966,@312733 @315967 @AppleSupport Perso j’ai le 6 et je viens de faire changer ma batterie (l’ancienne avait grillé) et même avec la neuve se vide à une vitesse c abusé 😤😤😤,@315966 We offer support via Twitter in English. Contact us for help in your preferred language here: https://t.co/IBIY3vMgPj,perso j’ai et je viens de faire changer ma batterie l’ancienne avait grillé et même la neuve se vide à une vitesse c abusé 😤 😤,offer support twitter english contact help preferred language url
AppleSupport,123858,"@AppleSupport hi, do you have a Tip, how to clean Nike+ Sport Loop Watch Bands?",@123858 Here's a great article to help guide you through cleaning your Apple Watch: https://t.co/VxlvpoL1kr,tip clean nike+ sport loop watch bands,great article help guide clean apple watch url
AppleSupport,123859,@AppleSupport Yes to the point where I cannot even reset my phone or use the home button. It completely freezes or stutters. And my phone is brand new.,@123859 Alright. What is the current iOS version installed in Settings &gt; General &gt; About? Have you updated all of your apps as well? https://t.co/GDrqU22YpT,point reset phone use home button freeze stutter phone brand new,current version instal settings gt general gt update app url
AppleSupport,123859,"@AppleSupport  fix my phone, just bc y’all got a new phone out doesn’t mean everyone’s 7+ needs to freeze constantly and shit.",@123859 We want you to enjoy using your iPhone. Does the iPhone become unresponsive when using certain apps?,fix phone bc get new phone mean + need freeze shit,want enjoy iphone iphone unresponsive certain app
AppleSupport,315970,@AppleSupport just had an email from __email__' is it a real account or a scam??,@315970 We can help. That is not our email address. Check out our article to help you avoid these messages: https://t.co/LNMCdqt6fD,email email real account scam,help email address check article help avoid message url
AppleSupport,521791,@AppleSupport Fix the keyboard issue where the letter “I️” appears with an exclamation point and a box with a question mark🙄🙄,@521791 We're here for you. Please DM us. https://t.co/GDrqU22YpT,fix keyboard issue letter i️ appear exclamation point box question mark 🙄 🙄,dm url
AppleSupport,495461,"@AppleSupport But to answer the last question, yes. Every device that can see the ePub files is running the latest software.",@495461 Does restarting the device by following these steps help: https://t.co/OWRDHWSt4h Let us know in DM. https://t.co/GDrqU22YpT,answer question device epub file run late software,restart device follow step help url let know dm url
AppleSupport,495461,"@AppleSupport It’s also fine on my old iPhone 6S running 11.1, which is still connected to iCloud.",@495461 Where were these ePub files downloaded from originally? This page may also help: https://t.co/G7W7iUWW6p Let's continue over DM. https://t.co/GDrqU22YpT,fine old iphone 6s run connect icloud,epub file download page help url let continue dm url
AppleSupport,355814,@AppleSupport On the iPhone,@355814 Are you a member or organizer of a Family Sharing plan? Check this out if you are: https://t.co/1XS6P5fxct,iphone,member organizer family sharing plan check url
AppleSupport,355814,@AppleSupport Yes we have tried this. Since the update it will not take a valid CC. Keeps saying security code CVV incorrect. Have tried 3 diff good cards,"@355814 We would like to clarify that you have done this on a computer and the device, correct?",try update valid cc keep say security code cvv incorrect try diff good card,like clarify computer device correct
AppleSupport,208399,"When I delete photos from my iPhone, why are they still in iCloud? How long does it take to delete them from everywhere? @AppleSupport",@208399 Great question. Do you currently have iCloud photo library enabled? You can check in: Settings &gt; [your name] &gt; iCloud &gt; Photos.,delete photo iphone icloud delete,great question icloud photo library enable check setting gt gt icloud gt photos
AppleSupport,355813,"@115858 @AppleSupport iphone 6s is facing a lot of problems after updating to 11.0.3 .Like hanging up,slowness,heating issue.Kindly check",@355813 We're here to help! Join us in DM with additional details to get started: https://t.co/GDrqU22YpT,iphone 6s face lot problem update hang slowness heating issue check,help join dm additional detail start url
AppleSupport,515193,My iPhone is still backing up like 3 days later. I left it at the house today but still. Help @AppleSupport,"@515193 That's an unsual amount of time for a backup, but it can depend on a few things and we'd like to help. Which model is it?",iphone back day leave house today help,unsual time backup depend thing like help model
AppleSupport,495461,"@AppleSupport Figured it out myself: iBooks apparently defaults “Hide iCloud books” to “on.”

Rethink that? 😕

I have a few favorites up there.",@495461 Having all of your iBooks is important. We're happy to hear that you got it. We welcome your feedback here: https://t.co/eTPVYVFyd8,figure ibook default hide icloud book rethink favorite,have ibooks important happy hear get welcome feedback url
AppleSupport,238280,@AppleSupport hey I don’t have a new mix on Apple Music this week. How can I get it back?,@238280 We can help. DM us the device you're using to get started. https://t.co/GDrqU22YpT,new mix apple music week,help dm device start url
AppleSupport,495461,"@AppleSupport iBooks on iOS 11.1/iPhone X won’t show my ePub items, and manually trying to add it again fails. Appears on all other devices.",@495461 Congratulations on your new iPhone X. Let’s team up on this. What other devices are you using? Are they also running iOS 11.1?,ibook iphone x epub item try add fail appear device,congratulation new iphone x. let team device run
AppleSupport,315972,@AppleSupport what do you mean backing up ?,@315972 This article explains how to back up your device: https://t.co/4f8hwT5to6,mean back,article explain device url
AppleSupport,315979,@AppleSupport Watch os 4.0 and series 1 38mm,@315979 Thanks. Let's go through the steps at the bottom of this article: https://t.co/c02ifgvYsE Let us know if this helps. https://t.co/GDrqU22YpT,watch series,thank let step article url let know help url
AppleSupport,515197,@115858 provide a freaking update for the bugs. I️ should be able to type an “I️” without a box and question mark replacing I️t,@515197 Here’s what you can do to work around the issue until it’s fixed in a future software update: https://t.co/xXaXeeSRt9,provide freaking update bug i️ able type i️ box question mark replace i️t,work issue fix future software update url
AppleSupport,315979,@AppleSupport I CAN see it in the quick response screen (clicking on the message right when I see it) but cannot go back into messages to reread it,@315979 We know how important it is to be able to see your messages. Which model Apple Watch and watchOS are you using?,quick response screen click message message reread,know important able message model apple watch watchos
AppleSupport,315978,"@AppleSupport Tengo un iphone 6 Plus y no funciona el Touch, le cambie la pantalla y tengo la original y ahora no me quieren atender por eso",@315978 We offer support via Twitter in English. Get help in Spanish here: https://t.co/IBIY3vMgPj or join https://t.co/OczyRx7IOs,tengo un iphone plus y funciona el touch le cambie la pantalla y tengo la original y ahora quieren atender por eso,offer support twitter english help spanish url join url
AppleSupport,300801,@315977 @AppleSupport A mi no me ha llegado la actualizacion,@300801 We offer support via Twitter in English. Get help in Spanish here: https://t.co/IBIY3vMgPj or join https://t.co/OczyRx7IOs,mi llegado la actualizacion,offer support twitter english help spanish url join url
AppleSupport,315976,@AppleSupport how do I turn off drag and drop on my iPhone. I can’t scroll through anything without lifting every picture or link,@315976 We're happy to help. Are you using a specific app when dragging and dropping? What screen are you on when this happens?,turn drag drop iphone scroll lift picture link,happy help specific app drag dropping screen happen
AppleSupport,315975,MY PHONE IS DROPPING A WHOLE 7% EVERY FEW SECONDS JUST BROWSING MEMES?!?!? WTF WERE YALL THINKING WITH IOS 11 DAWG @115858,"@315975 You're in the right place if you're having issues with your iPhone. Which model are you using, and what version of iOS is installed?",phone drop % second browse memes wtf yall think ios dawg,right place have issue iphone model version ios instal
AppleSupport,315975,"@AppleSupport Iphone 6S, ios 11.1. Please tell me this is getting fixed in a later patch. My memes need to be browsed my guy",@315975 Let's work on your battery life in DM. Send us one with the link below and let us know which app you're using to view your memes. https://t.co/GDrqU22YpT,iphone 6s tell get fix later patch meme need browse guy,let work battery life dm send link let know app view meme url
AppleSupport,515196,Hey @AppleSupport please fix this. I️ can’t type in third person all the time. Thanks.,@515196 Here’s what you can do to work around the issue until it’s fixed in a future software update: https://t.co/xXaXeeSRt9,fix i️ type person time thank,work issue fix future software update url
AppleSupport,315974,@AppleSupport Still having #macoshighsierra issues. Battery on 2012 retina 15 in. MacBook Pro dies at 30-50 percent despite good condition. https://t.co/V6vBX0v5Qm,@315974 Thanks for trying the restart. Let's meet in DM to continue. https://t.co/GDrqU22YpT,have macoshighsierra issue battery retina macbook pro die percent good condition url,thank try restart let meet dm continue url
AppleSupport,315973,Para cuando la solución del problema de la función del teclado @115858,@315973 We offer support via Twitter in English. Get help in Spanish here: https://t.co/IBIY3vMgPj or join https://t.co/OczyRx7IOs,para cuando la solución del problema función del,offer support twitter english help spanish url join url
AppleSupport,515195,@115858 my phone is glitchy because I updated to iOS 11.1 please please please fix,@515195 What trouble are you experiencing with your iPhone? We'll help out however we can.,phone glitchy update fix,trouble experience iphone help
AppleSupport,314193,@AppleSupport Or bug fixes!,@314193 We're glad to hear it's working again! Just reach out if you need help again and have a good one.,bug fix,glad hear work reach need help good
AppleSupport,132586,Why does my phone keep saying 'error' when trying to update software? Even though I have loads of storage @115858 @AppleSupport,@132586 We're happy to help. Has it ever downloaded before in any previous attempts to update?,phone say error try update software load storage,happy help download previous attempt update
AppleSupport,132586,@AppleSupport But it's the same. I never used to have a problem updating over wifi.,@132586 Let's go ahead and meet up in DM so we can go into more detail. Thanks! https://t.co/GDrqU22YpT,problem update wifi,let meet dm detail thank url
AppleSupport,315972,@AppleSupport my apple music playlist keep saying this -an operation error occured (-12894) please help,@315972 We've got your back. Can you provide us with your device model and operating system version?,apple music playlist say -an operation error occur -12894 help,get provide device model operating system version
AppleSupport,315972,@AppleSupport iphone SE ios 11.0.01,@315972 Glad to hear back. We'll do all we can to assist. We've released iOS 11.0.3. We'd suggest backing up and updating next.,iphone se 11.0.01,glad hear assist release ios suggest back update
AppleSupport,521792,Wtf is going on with the letter I️! Fix this NOW @115858,@521792 We know your iPhone is important. We'd like to help you. Please join us in DM. https://t.co/GDrqU22YpT,wtf go letter i️ fix,know iphone important like help join dm url
AppleSupport,315979,@AppleSupport Seems to be working alright now. Thank you,@315979 That's what we like to hear! You're very welcome. Let us know if you have any other questions. Have a great night!,work thank,like hear welcome let know question great night
AppleSupport,439281,@115858 I updated my phone so why do I keep seeing squares.... 😑 y’all on some bullshit,@439281 Here’s what you can do to work around the issue until it’s fixed in a future software update: https://t.co/qODbOsp4wz,update phone see square 😑 bullshit,work issue fix future software update url
AppleSupport,521796,@115858 @AppleSupport So I’ve reset my phone for the 5th time today because these glitches are getting worse... Any words of advice?,@521796 Let's look into this for you. Send us a DM with your current device type and iOS version to get started. https://t.co/GDrqU22YpT,reset phone 5th time today glitch get bad word advice,let look send dm current device type version start url
AppleSupport,495455,@495456 @AppleSupport Okay so my next question when I type an “I” how does it change,@495455  Let's help. Try this out: https://t.co/ZuMfssnTx3 us know if that helps correct that issue.,question type change,let help try url know help correct issue
AppleSupport,515191,"@AppleSupport bought the 8 and am seeing the A ? for every letter I now. running the 11.1, also did the short cut through the keyboard-did not fix",@515191 Here’s what you can do to work around the issue until it’s fixed in a future software update: https://t.co/xXaXeeSRt9,buy see letter run short cut keyboard fix,work issue fix future software update url
AppleSupport,495454,@AppleSupport idk what’s going on but y’all gotta fix this “I️ “ shit,@495454 We want to help you out. Check out these steps: https://t.co/xU1AGHStV6,go get fix i️ shit,want help check step url
AppleSupport,495452,@495453 @AppleSupport What is benefit of new IPad vs old IPad?,@495452 That's a great question! Check out this page to compare iPads: https://t.co/1libao7bpl,benefit new ipad old ipad,great question check page compare ipad url
AppleSupport,521801,@AppleSupport Apple please fix this &gt; I️,@521801 Here’s what you can do to work around the issue until it’s fixed in a future software update: https://t.co/xXaXeeSRt9,apple fix gt i️,work issue fix future software update url
AppleSupport,515190,@AppleSupport FIX THIS GOD DAMN I️ SYMBOL THINGY FOR THE LOVE OF GOD OR IM SWITCHING TO GALAXY,@515190 Here’s what you can do to work around the issue until it’s fixed in a future software update: https://t.co/xXaXeeSRt9,fix god damn i️ symbol thingy love god im switching galaxy,work issue fix future software update url
AppleSupport,318272,Thanks to @115858 for breaking my phone with ios11. Now I️ have to buy another one @AppleSupport,@318272 What's going on with your iPhone? DM us some details and we'd be happy to help you out. https://t.co/GDrqU22YpT,thank break phone ios11 i️ buy,go iphone dm detail happy help url
AppleSupport,626761,@AppleSupport when update to 11.1 my iPhone doesn’t work ! Also what amounts to unauthorised modification in the technical language?,@626761 We’d like to see how we can help. Can you DM us some more details about the issue you're having? https://t.co/GDrqU22YpT,update iphone work amount unauthorised modification technical language,like help dm detail issue have url
AppleSupport,515189,This makes me angry what is this @115858 https://t.co/41TJnVCZFS,@515189 Here’s what you can do to work around the issue until it’s fixed in a future software update: https://t.co/xXaXeeSRt9,make angry url,work issue fix future software update url
AppleSupport,515188,@AppleSupport @115858 This new update is draining my iPhone 6 Plus. Like only lasting 50 to 60 mins tops!?!?! #help,"@515188 We want to help you. DM us, and we'll look into what's going on. https://t.co/GDrqU22YpT",new update drain iphone plus last min top help,want help dm look go url
AppleSupport,626763,Fuck @115858 and this I️ thing,@626763 Here’s what you can do to work around the issue until it’s fixed in a future software update: https://t.co/xXaXeeSRt9,fuck i️ thing,work issue fix future software update url
AppleSupport,219949,@AppleSupport It does this every time for every finger,"@219949 Let's see if we can help get Touch ID working on your iPhone. DM us, and we'll look into this. https://t.co/GDrqU22YpT",time finger,let help touch id work iphone dm look url
AppleSupport,626764,"@115858  do you know about new update IOS 11.1 problem which happened to my iPhone 
هل تدرون عن مشكلة التحديث الي١١.١ لقد تم ايقاف هاتفي مرتين بسبب التحديث",@626764 We offer support via Twitter in English. Contact us for help in your preferred language here: https://t.co/IBIY3vMgPj,know new update ios problem happen iphone هل تدرون عن مشكلة التحديث الي١١.١ لقد تم ايقاف مرتين بسبب التحديث,offer support twitter english contact help preferred language url
AppleSupport,201226,@AppleSupport Is there a way to buy a extended warranty for a MacBook Pro bought a couple of  weeks ago?,@201226 Happy to help you. See our website here for information on adding Apple Care for your Mac: https://t.co/WQBZR9RZcu,way buy extended warranty macbook pro buy couple week,happy help website information add apple care mac url
AppleSupport,521802,@AppleSupport Ever since I updated to IOS 11 my iPhone been glitching like crazy it just randomly crashes and restarts all the time now 😒🙄,@521802 We'd like to look into this with you. DM us details and we'll continue there. https://t.co/GDrqU22YpT,update ios iphone glitche crazy crash restart time 😒 🙄,like look dm detail continue url
AppleSupport,521803,@401857 @521804 How do we make the I️ thing stop @AppleSupport,@521803 We can help. Please DM us. https://t.co/GDrqU22YpT,i️ thing stop,help dm url
AppleSupport,626762,@115858 is this shortcut suppose to be funny https://t.co/6dsqau5wMc,@626762 Here’s what you can do to work around the issue until it’s fixed in a future software update: https://t.co/xXaXeeSRt9,shortcut suppose funny url,work issue fix future software update url
AppleSupport,626761,@AppleSupport Just now  I’ve been fixed it,@626761 We're glad to hear you fixed it just now! Just reach out again if you need more help and have a good one.,fix,glad hear fix reach need help good
AppleSupport,626760,"@AppleSupport @115858 when i go to my iphone x to unlock &amp; type in passcode, screen turns black and has a thinking sign. Screensaver will show and i have to re-type my passcode. wth. #apple #iPhoneX fix it.#applesupport","@626760 We're happy to assist!  Can you tell us which iOS version you're on?  Also, are all of your apps up-to-date?",iphone unlock amp type passcode screen turn black thinking sign screensaver - type passcode wth apple iphonex fix it.#applesupport,happy assist tell ios version app date
AppleSupport,161534,@115858 great bug in ios1102 iPhone now muted my radio app if I turn of or switch to another app - hate you,@161534 We're glad the restart fixed it for you. Reach out if you run into any other issues.,great bug ios1102 iphone mute radio app turn switch app hate,glad restart fix reach run issue
AppleSupport,317406,WHY. @115858 fix it🙄🙄🙄🙄,@317406 Here’s what you can do to work around the issue until it’s fixed in a future software update: https://t.co/qODbOsp4wz,fix 🙄 🙄 🙄 🙄,work issue fix future software update url
AppleSupport,521799,Ok seriously wtf is this question mark that’s popping up? @115858 what’s fucking good? 🤷🏾‍♂️,@521799 Here’s what you can do to work around the issue until it’s fixed in a future software update: https://t.co/xXaXeeSRt9,wtf question mark pop fuck good 🤷 ♂,work issue fix future software update url
AppleSupport,521800,@AppleSupport iPhone 6S and I haven’t downloaded iOS 11.1 yet,@521800 Have you been getting an error message when attempting to play these songs? DM us and let us know. https://t.co/GDrqU22YpT,iphone 6s download ios,get error message attempt play song dm let know url
AppleSupport,515193,@AppleSupport It’s the X. I found someone with a troubleshooting tip on the apple discussions and it worked. Thanks though! https://t.co/VDbjwxETMh,@515193 We're glad to hear you got it fixed and no problem! Just reach out if you need our help again and have a good one.,x. find troubleshooting tip apple discussion work thank url,glad hear get fix problem reach need help good
AppleSupport,515192,@AppleSupport y’all better fix this I️ bullshit.,@515192 Here’s what you can do to work around the issue until it’s fixed in a future software update: https://t.co/xXaXeeSRt9,fix i️ bullshit,work issue fix future software update url
AppleSupport,515191,@AppleSupport @115858 do i really have to pay all this money for a new damn phone just to have A's and ?s?! #getyourshittogetherapple,@515191 We're here for you. Can you provide us the details with what's going on?,pay money new damn phone getyourshittogetherapple,provide detail go
AppleSupport,137535,But foreal @AppleSupport when are y’all gonna fix this question mark bullshit?,"@137535 Check out this article for more details on that behavior, including how to address it: https://t.co/xXaXeeSRt9",foreal go fix question mark bullshit,check article detail behavior include address url
AppleSupport,495460,"@115858 help me. Not I️, me",@495460 We've got a workaround for you to try. Follow the steps here and let us know if that works for you. https://t.co/xXaXeeSRt9,help i️,get workaround try follow step let know work url
AppleSupport,495459,Yo @AppleSupport my iPhone has an “i” problemo https://t.co/DDrlLMy0UH,@495459 We can help! Please check out the following page for a work-around for this behavior: https://t.co/xU1AGHStV6,yo iphone problemo url,help check following page work behavior url
AppleSupport,495459,"@AppleSupport Thanks! I dont care what @1066 says about you, you guys are fantastic.","@495459 You're so welcome! If any other issues arise, just get back in touch. Have yourself a terrific day.",thank care say guy fantastic,welcome issue arise touch terrific day
AppleSupport,495458,@AppleSupport plz help with this “I️” problem,"@495458 We're here to help. To start, we recommend following these steps: https://t.co/xU1AGHStV6",help i️ problem,help start recommend follow step url
AppleSupport,495457,@115858 WTF I️ TYPED I,"@495457 Let's get that corrected for you. If you haven't seen it already, please try the steps here: https://t.co/xU1AGHStV6",wtf i️ typed,let correct see try step url
AppleSupport,495457,@AppleSupport i think i did it!! thank you!,@495457 Glad to hear that helped! Let us know if we can assist you with anything in the future. Have a great day!,think thank,glad hear help let know assist future great day
AppleSupport,521800,Hey @AppleSupport I’m wondering why i can’t have my data on and listen to music that I’ve downloaded?,@521800 We want to help! What model of iOS device are you using? Do you have the most recent version of iOS 11.1 installed?,wonder datum listen music download,want help model ios device recent version ios instal
AppleSupport,161532,@115858 @AppleSupport I keep losing all of my photos and videos after installing iOS 11.0.2. I need a permanent fix ASAP!!!!,@161532 Let's look into this together. Send us a DM and we'll follow up there. https://t.co/GDrqU22YpT,lose photo video instal ios 11.0.2 need permanent fix,let look send dm follow url
AppleSupport,161533,"Why @115858 ? Why does my navigation app have the need to do an automatic update mid route?
😒😒😒",@161533 We're here to help. Send us a DM with your current iOS version and we can look into this for you. https://t.co/GDrqU22YpT,navigation app need automatic update mid route 😒 😒 😒,help send dm current version look url
AppleSupport,439994,@AppleSupport I can’t download apps from the store help!,@439994 Help is on the way. Does this happen after restarting? Does it happen with all networks? Reply with a DM.,download app store help,help way happen restarting happen network reply dm
AppleSupport,521794,"I️ wish I could properly express how upset I am at @AppleSupport about this I️ os update but, y’know: I️",@521794 Here’s what you can do to work around the issue until it’s fixed in a future software update: https://t.co/qODbOsp4wz,i️ wish express upset i️ os update y’know i️,work issue fix future software update url
AppleSupport,495451,@115858 get your stuff together and fix this I️,@495451 We'd like to help! Join us in DM with the iOS version currently installed on your device. https://t.co/GDrqU22YpT,stuff fix i️,like help join dm ios version instal device url
AppleSupport,315979,@AppleSupport having a strange problem with Apple Watch since last update please help! 😩,"@315979 We're here and happy to help. To start, can you tell us what's happening with your Apple Watch?",have strange problem apple watch update help 😩,happy help start tell happen apple watch
AppleSupport,315981,@AppleSupport After upgrading to High Sierra the APFS format has issues. You can’t save files directly or live when opening with an editor.,@315981 We’d like to see how we can help. Send us a DM with more details and we'll go from there. https://t.co/GDrqU22YpT,upgrade high sierra apfs format issue save file live open editor,like help send dm detail url
AppleSupport,144018,"I feel like we never used to see this from @115858. Could be just me, but watch how janky the transition is from an arrow to a straight line https://t.co/EjauiryzvH","@144018 Thanks for the video. This is normal behavior, but if you'd like to submit feedback about this, we always welcome it here: https://t.co/eTPVYVFyd8

Just reach out again if you need more help and have a good one!",feel watch janky transition arrow straight line url,thank video normal behavior like submit feedback welcome url reach need help good
AppleSupport,144019,Machine Gun Kelly - Fuck Life ( News Songs 2017 ) https://t.co/gDKLuDgVia via @126972 @5515. Where is this song at? I can’t find it on @115858 music???? Thanks!!!,@144019 Hey. Thanks for your interest. Check out which Apple Music songs are available in your region with this link: https://t.co/GD3awecJOw,machine gun kelly fuck life news songs url song find music thank,thank interest check apple music song available region link url
AppleSupport,144020,"@115858 is so terrible, I have contacted them about a Apple Watch that got so hot it burnt my arm.... sent them everything they needed. Said hey would get back to me in 24 hrs....that was Sunday....... if it’s a safety issue you would think they would handle this a lil better",@144020 We'd like to better understand what's happening to see how we can help over Twitter. Please DM us more details here: https://t.co/GDrqU22YpT,terrible contact apple watch get hot burn arm send need say hr sunday safety issue think handle,like understand happen help twitter dm detail url
AppleSupport,495473,Why tf do I see squares ever since the fucking update . @115858,"@495473 Check out this article for more details on that behavior, including how to address it: https://t.co/xXaXeeSRt9",square fucking update,check article detail behavior include address url
AppleSupport,495473,@AppleSupport That didn’t work . Still see ? And squares with ? In them 😩,@495473 Thanks for the update. Let's meet up in DM to look into this a little closer. https://t.co/GDrqU22YpT,work square 😩,thank update let meet dm look little close url
AppleSupport,495472,@AppleSupport why does my phone do this?!?😤😤😤 https://t.co/awxMBvJZZ9,@495472 We're happy to help. Check this out for some help: https://t.co/xU1AGHStV6,phone 😤 url,happy help check help url
AppleSupport,144017,"@AppleSupport mate, I lost a song that I buy, I don't know how it happen, can I get it back?",@144017 We'd love to help get your purchased song back with these steps: https://t.co/I39AyMJNgb,mate lose song buy know happen,love help purchase song step url
AppleSupport,495471,Ok this is annoying. Fix it @115858,@495471 We want to help you out. Follow these steps as a workaround until a software update fixes it: https://t.co/xU1AGHStV6,annoying fix,want help follow step workaround software update fix url
AppleSupport,495469,@495470 @AppleSupport  https://t.co/ChEwh8Uqkl,@495469 We are here to help.  Follow these steps here for assistance:  https://t.co/xU1AGHStV6,url,help follow step assistance url
AppleSupport,495468,Ok but when is @AppleSupport gonna fix this. I️ I️ I️,@495468 Thanks for reaching out! We're glad to help. We've got a guide to share with you regarding this issue: https://t.co/xU1AGHStV6,go fix i️ i️,thank reach glad help get guide share issue url
AppleSupport,628530,@115858 what is this I️ bullshit?,@628530 Here’s what you can do to work around the issue until it’s fixed in a future software update: https://t.co/uQeXsrrlXJ,i️ bullshit,work issue fix future software update url
AppleSupport,572863,"@AppleSupport you promise a voice chat in 5 minutes, 50 later I resort to email, which you say is 48 hours at most. Well it’s been 3 days...",@572863 We'd like to help via Twitter any way we can. Please let us know a bit more about what's going on in DM and we'll go from there. https://t.co/GDrqU22YpT,promise voice chat minute resort email hour day,like help twitter way let know bit go dm url
AppleSupport,495467,@115858 fix this. https://t.co/Rbz2XL0Orc,@495467 Thank you for contacting us for support. We'd like to help out. Let us know if this article helps: https://t.co/sDSg93LaFu,fix url,thank contact support like help let know article help url
AppleSupport,495466,Fix this damn “i” situation! @115858,@495466 Let's try following this article and see if it helps: https://t.co/xXaXeeSRt9,fix damn situation,let try follow article help url
AppleSupport,141849,"@AppleSupport My Iphone 7+ has screen touch issues when it’s plugged up! And yes, I do have an apple brand charger. Help me bc it’s driving me crazy. Same for my macbook, but my charger isn’t apple brand for the laptop. 😐 help before I die plz.","@141849 We definitely want you to be able to use your iPhone, and we're glad to lend a hand. To start, what iOS is running under Settings &gt; General &gt; About?",iphone screen touch issue plug apple brand charger help bc drive crazy macbook charger apple brand laptop help die,want able use iphone glad lend hand start ios run setting gt general gt
AppleSupport,141849,"@AppleSupport I updated my phone, and it’s still acting up while it’s plugged up😭",@141849 Meet us in DM and fill us in in as much detail as possible on exactly what occurs with the screen touch issue when the iPhone is plugged in. Then from there we will get you taken care of! https://t.co/GDrqU22YpT,update phone act plug 😭,meet dm fill detail possible occur screen touch issue iphone plug take care url
AppleSupport,572866,@AppleSupport yo fix your dumb ass shit every time I️ say “I️” it says that dumb question mark shit,"@572866 The issue is resolved in the iOS 11.1.1 update. If you haven't yet, backup, update, and see if that helps. Check out this article for the steps: https://t.co/ahjigcvFRG",fix dumb ass shit time i️ say dumb question mark shit,issue resolve ios update backup update help check article step url
AppleSupport,314193,"@AppleSupport iPhone 8 on latest IOS, screen auto lock doesn’t work","@314193 If you go to Settings &gt; Display &amp; Brightness, what is Auto-Lock set to?",iphone late ios screen auto lock work,setting gt display amp brightness auto lock set
AppleSupport,355819,@AppleSupport  https://t.co/shN5dkhvZ8,@355819 Let's get this resolved. Send us a DM to get started. https://t.co/GDrqU22YpT,url,let resolve send dm start url
AppleSupport,495474,@AppleSupport Not an error but this notification every time I try to connect to iTunes. https://t.co/UeGhPaSKx1,@495474 Thank you for the screenshot. Can you tell us if you are using a Windows or Mac computer?,error notification time try connect itunes url,thank screenshot tell windows mac computer
AppleSupport,626757,Eye am bout tired of these boxes fix it @115858 @AppleSupport,@626757 Here’s what you can do to work around the issue until it’s fixed in a future software update: https://t.co/xXaXeeSRt9,eye tired box fix,work issue fix future software update url
AppleSupport,161527,@AppleSupport I updated my phone and now my speaker for calls won’t work. How do I fix this?,@161527 We're anxious to help. Could you let us know which version of iOS your devices are running? We just released 11.0.2.,update phone speaker call work fix,anxious help let know version ios device run release
AppleSupport,161528,"I have never experienced so many problems with my iPhone in my life until this update @115858 ! Phone crashes/turns off, apps freeze 😡😡😡","@161528 We'll make sure to get this straightened out. DM us, and we'll see you there. https://t.co/GDrqU22YpT",experience problem iphone life update phone crash turn app freeze 😡 😡 😡,sure straighten dm url
AppleSupport,161529,@AppleSupport @115858 new IOS11 is disaster for the battery of any iPhone....battery can’t last. #IOS11 #Battery #Iphone #Update #Apple,@161529 Let's look into this for you. How long is a full charge lasting? Let us know in DM. https://t.co/GDrqU22YpT,new ios11 disaster battery iphone battery ios11 battery iphone update apple,let look charge lasting let know dm url
AppleSupport,161530,@AppleSupport I’ve done the new update and my iPhone 8 is now having touch problems at the top left of the screen.,@161530 We're here to help. Let's take this to DM so we can better assist you. https://t.co/GDrqU22YpT,new update iphone have touch problem left screen,help let dm assist url
AppleSupport,257995,"@AppleSupport Thank you, I’m using an iPhone 7 Plus.",@257995 You're very welcome. What kind of Internet connection do you have: Wi-Fi or mobile data?,thank iphone plus,welcome kind internet connection wi fi mobile datum
AppleSupport,432499,Sooo annoying @AppleSupport how I need a bank card to update apps 😫,"@432499 We're here for you. Are you not seeing the option to select ""None""? Let us know in DM. https://t.co/GDrqU22YpT",sooo annoying need bank card update app 😫,see option select let know dm url
AppleSupport,129793,@AppleSupport what’s wrong with the letter “I️” on fb twitter and group me.  Eye have to type eye.  Help us @129794,@129793 We want to help. Join us in DM. Let us know your iOS version. https://t.co/GDrqU22YpT,wrong letter i️ fb twitter group eye type eye help,want help join dm let know ios version url
AppleSupport,161531,"I just watched my battery go down two percent in 10 seconds. This new Iphone update is dreadful, sort it out @115858. It’s slower and painful","@161531 We'd love to help out with your battery. Let's check out this article first:
https://t.co/TpjqFp3jxD",watch battery percent second new iphone update dreadful sort slow painful,love help battery let check article url
AppleSupport,329573,@115858 when you gonna fix this I️ thing? I️,@329573 Here’s what you can do to work around the issue until it’s fixed in a future software update: https://t.co/xXaXeeSRt9,go fix i️ thing,work issue fix future software update url
AppleSupport,129792,Just updated my phone @AppleSupport now my shit tweaking smh,@129792 We want your iPhone to work for you. DM us details about what exactly is happening and we'll continue with you there. https://t.co/GDrqU22YpT,update phone shit tweaking smh,want iphone work dm detail happen continue url
AppleSupport,259921,Same for me. Help me @AppleSupport you’re my only hope. https://t.co/FDXYFIhyeB,@259921 Send us a DM and let us know what version of iOS 11 you're running. We'll go from there. https://t.co/GDrqU22YpT,help hope url,send dm let know version ios run url
AppleSupport,579144,Dear @115858 please cure the bug you sent to all of our phones to force us into getting the iPhone 8. This is crazy. Phone's all jacked up,@579144 Thanks for reaching out to us about your iPhone. Please DM us some more details and we can assist further. https://t.co/GDrqU22YpT,dear cure bug send phone force get iphone crazy phone jack,thank reach iphone dm detail assist url
AppleSupport,355820,@AppleSupport is this legit? https://t.co/HVSnDM1Kpw,@355820 Thanks for reaching out. Here's a great article to identify and report any suspicious communications: https://t.co/LNMCdqt6fD,legit url,thank reach great article identify report suspicious communication url
AppleSupport,355819,"@115858 had bought iPhone 6 about 2 m half years but for past one year facing problems like phone getting off suddenly ,battery gets drained",@355819 We're here to help. What do you see on screen when it turns on? Which version of iOS is it running? Let us know in DM. https://t.co/GDrqU22YpT,buy iphone m half year past year face problem phone get battery get drain,help screen turn version ios run let know dm url
AppleSupport,495475,@AppleSupport It is strange that I can send iMessages and use FaceTime on iPod including other messaging apps but not @4305.,"@495475 For answers and more information, reach out to the WhatsApp developer. Here’s how to contact them: https://t.co/TiJisiHvNT",strange send imessages use facetime ipod include message app,answer information reach whatsapp developer contact url
AppleSupport,495474,Any idea why my iTunes isn’t picking up my phone when connecting? Since the updates today I can’t syncs my phone @AppleSupport,@495474 Let's tackle this together. Are you getting an error message when trying to connect your device to iTunes?,idea itunes pick phone connect update today sync phone,let tackle get error message try connect device itunes
AppleSupport,495474,@AppleSupport Windows,@495474 What happens when you tap allow? Let us know in DM. https://t.co/GDrqU22YpT,window,happen tap allow let know dm url
AppleSupport,495465,@AppleSupport I️ HAVE A COMPLAINT . Why is my letter I️ coming out as a question mark on everything !  It’s irritating me,@495465 Let's try following this article and see if it helps: https://t.co/xXaXeeSRt9,i️ complaint letter i️ come question mark irritate,let try follow article help url
AppleSupport,315980,@AppleSupport hi. So i hv problems. Applesupport sent me an email abt 1 month ago saying there is somebody trying to sign in to my account —,@315980 Let's look at this together. Please DM us. https://t.co/GDrqU22YpT,hv problem applesupport send email abt month say try sign account,let look dm url
AppleSupport,495465,@AppleSupport I think it worked thank you !,@495465 You're welcome. Please feel free to contact us back if you have any other questions or concerns.,think work thank,welcome feel free contact question concern
AppleSupport,521780,Just waiting on @115858 to fix this exclamation point question mark box shit 🤔,@521780 Here’s what you can do to work around the issue until it’s fixed in a future software update: https://t.co/xXaXeeSRt9,wait fix exclamation point question mark box shit 🤔,work issue fix future software update url
AppleSupport,521781,"I️ am pissed, why tf is my phone acting all  fucked up whenever I️ type I️?! @115858",@521781 Here’s what you can do to work around the issue until it’s fixed in a future software update: https://t.co/xXaXeeSRt9,i️ piss phone act fuck i️ type i️,work issue fix future software update url
AppleSupport,521782,Is anyone else’s iPhone switching up the letter “i” to I️ @AppleSupport,@521782 We've received your DM. Look for our reply there shortly.,iphone switch letter i️,receive dm look reply
AppleSupport,521783,Trying not to use I is hard. Thankfully this fix helped! Thanks @AppleSupport!! https://t.co/RQ9BzOJOYu,@521783 You're most welcome! We're happy that we could help you out. Have a great night!,try use hard fix help thank url,welcome happy help great night
AppleSupport,521784,@521785 @115858 please fix this shit,@521784 Here’s what you can do to work around the issue until it’s fixed in a future software update: https://t.co/xXaXeeSRt9,fix shit,work issue fix future software update url
AppleSupport,521786,@AppleSupport please fix this glitch because I even did the text shortcut and it’s still changing my I’s. I’m very annoyed🙃,@521786 We'd like to look into this further. DM us with your iPhone model so we can get started. https://t.co/GDrqU22YpT,fix glitch text shortcut change annoyed 🙃,like look dm iphone model start url
AppleSupport,521787,Hey @AppleSupport can we get that bug fix released? Id like the random symbols that are appearing go away whenever I️ type ‘I️’ 🙄,@521787  Here’s what you can do to work around the issue until it’s fixed in a future software update: https://t.co/xXaXeeSRt9,bug fix release d random symbol appear i️ type i️ 🙄,work issue fix future software update url
AppleSupport,521779,I literally just deleted so much stuff and my phone still tellin me I don’t have any storage @AppleSupport I DONT THINK SO,@521779 We'd like to take a look at what's going on. Send us a DM with your iOS version and device type. https://t.co/GDrqU22YpT,delete stuff phone tellin storage dont think,like look go send dm ios version device type url
AppleSupport,521788,But like I updated my iPhone. Why am I still seeing question marks in boxes for emojis? WHY U DO DIS 🤬😤 @115858,@521788 Let's look into this for you. Send us a DM with your exact iOS version to get started. https://t.co/GDrqU22YpT,update iphone see question mark box emoji u dis 🤬,let look send dm exact version start url
AppleSupport,144022,"@AppleSupport hi there, I sent an iTunes gift for my friend. This morning he lost it with no reason and can’t find it anywhere. Please help.","@144022 Hi. We are here to help. Check out this link for steps to resend your gift:
https://t.co/dmWUqgVYdP",send itunes gift friend morning lose reason find help,help check link step resend gift url
AppleSupport,144023,"@115858 how do I install an agel de operating system, such as, @116230 XP on my iPhone 6? Your new update doesn't work.","@144023 We didn't quite understand what you're asking, but we'd like to help any way we can. What's happening exactly on your iPhone after updating it?

Also, is iOS 11.1.2 the version currently installed?",install agel operating system xp iphone new update work,understand ask like help way happen iphone update ios version instal
AppleSupport,515199,"So I️ was trying to ignore the autocorrect issue, but @AppleSupport why is this STILL an issue 😤",@515199 Here’s what you can do to work around the issue until it’s fixed in a future software update: https://t.co/xXaXeeSRt9,i️ try ignore autocorrect issue issue,work issue fix future software update url
AppleSupport,515198,So the capital letter “i” shows up as the stupid “ I️ “ but yet in my emojis i now have an actual letter “i” way to go @115858 https://t.co/sJbMwGrvNu,@515198 Here’s what you can do to work around the issue until it’s fixed in a future software update: https://t.co/uQeXsrrlXJ,capital letter show stupid i️ emoji actual letter way url,work issue fix future software update url
AppleSupport,238582,"@AppleSupport when are you guys gonna fix the ""I"" problem? Lol my friends with Android think I'm speaking in code",@238582  Let's help. Try this out: https://t.co/k0NAaSjWTU Let us know if that helps correct that issue with autocorrect.,guy go fix problem lol friend android think speak code,let help try url let know help correct issue autocorrect
AppleSupport,521789,@AppleSupport y’all seriously cmon now what the fuck https://t.co/FJvHIqMbiN,@521789 Here’s what you can do to work around the issue until it’s fixed in a future software update: https://t.co/evcqP6KgPj,cmon fuck url,work issue fix future software update url
AppleSupport,355814,@AppleSupport Yes we are but this is not working. Will not take husbands CC credentials on an iPhone 6s. Now none of us can update even free apps,@355814 We'd like to have you reach out to our iTunes Team to look into this more with you: https://t.co/SDIe7UiyJN,work husband cc credential iphone 6s update free app,like reach itunes team look url
AppleSupport,626758,@AppleSupport explain this https://t.co/l3d7kWscKw,"@626758 We've received your screenshot. Please, provide us more details on the issue you may be experiencing with this app.",explain url,receive screenshot provide detail issue experience app
AppleSupport,355814,@AppleSupport can’t updatepayment method with credit card after latest iOS update. Can’t update apps. What gives?,"@355814 We would like to make sure that you have tried this:
https://t.co/Y0YoIRcZa7 Please let us know and we can go from there.",updatepayment method credit card late update update app give,like sure try url let know
AppleSupport,368682,.@AppleSupport App Store in iOS 11.1 beta is getting worse thn ios11. Doesn’t show updates until a phone restart is required (iPhone 7+),@368682 We're here to help. DM us so that we can further assist you. https://t.co/GDrqU22YpT,app store beta get bad thn ios11 update phone restart require iphone,help dm assist url
AppleSupport,495463,@115858 @AppleSupport I️ I️ I️ I️ I️ I️ I️ I️ I️ I️ I️ I️ I️ I️ I️ I️ I️ I️ I️ I️ I️ I️ I️ I️ I️ I️ I️ I️ I️ I️ I️ I️ I️ I️ I️ I️ I️ I️ I️ I️,@495463 We're here to help. Follow these steps as a work around until a software update resolves it: https://t.co/xU1AGHStV6,i️ i️ i️ i️ i️ i️ i️ i️ i️ i️ i️ i️ i️ i️ i️ i️ i️ i️ i️ i️ i️ i️ i️ i️ i️ i️ i️ i️ i️ i️ i️ i️ i️ i️ i️ i️ i️ i️ i️ i️,help follow step work software update resolve url
AppleSupport,495462,智障，每次唤醒都跳出来这么个提示，关键是根本不能更新什么所谓的新版本。 #ios11.2 @AppleSupport https://t.co/n2wOwsw2o9,@495462 We offer support via Twitter in English. Contact us for help in your preferred language here: https://t.co/IBIY3vMgPj,。 ios11.2 url,offer support twitter english contact help preferred language url
AppleSupport,355818,DO NOT upgrade your Mac to macOS #HighSierra. It’s basically turned my MacBook Air into a very expensive paperweight. #Apple  @AppleSupport,@355818 We'd like to help. Reach out via DM using the link below. https://t.co/GDrqU22YpT,upgrade mac macos highsierra turn macbook air expensive paperweight apple,like help reach dm link url
AppleSupport,355817,@AppleSupport  Can I get some information on whether the iPhone x will have the option to purchase it sim free by/on pre - order day. https://t.co/nri2pnlXfA,@355817 We've received your DM and we'll answer your questions there.,information iphone option purchase sim free pre order day url,receive dm answer question
AppleSupport,355816,@115858 iPhone 6S battery is terrible! I’m done with it. Can’t even go out a full day without it depleting. Will be getting an android next..,"@355816 We'd be happy to look into this with you!  To begin, feel free to DM us what country you're located in: https://t.co/GDrqU22YpT",iphone 6s battery terrible day deplete get android,happy look begin feel free dm country locate url
AppleSupport,141446,@115858 My brand new iPhone X won’t connect via bluetooth. Not to ANY of my devices.,@141446 We know it's important to be able to use your new iPhone with your accessories. Let's see if we can things connected for you. What happens when you try connect? Have you ever been able to make a successful Bluetooth connection on your iPhone X?,brand new iphone x connect bluetooth device,know important able use new iphone accessory let thing connect happen try connect able successful bluetooth connection iphone x ?
AppleSupport,521775,@AppleSupport Apple Music isn’t letting me play my music and saying to choose my plan but I’m already member 😕😑,@521775 We’re investigating and will update our System Status page as more info becomes available: https://t.co/rKatBLop5Q,apple music let play music say choose plan member 😕 😑,investigate update system status page info available url
AppleSupport,521776,Yes! This is happening to me 😂 @AppleSupport https://t.co/2Hp7vU5HeC,@521776  Here’s what you can do to work around the issue until it’s fixed in a future software update: https://t.co/xXaXeeSRt9,happen url,work issue fix future software update url
AppleSupport,375382,@AppleSupport so what’s up with the new up date? Anytime you try to type in I️ it puts A ? With a box around the question mark.,@375382 Here’s what you can do to work around the issue until it’s fixed in a future software update: https://t.co/xXaXeeSRt9,new date try type i️ put box question mark,work issue fix future software update url
AppleSupport,533049,@AppleSupport I still can’t see if I can do what I want to do,"@533049  If you need further assistance, the contact information is provided in the link.",want,need assistance contact information provide link
AppleSupport,355815,@AppleSupport dear Lord the new OS is buggy. How do you miss that the WiFi toggle in the command center doesn’t work?? #iphone,@355815 You're in the right place for help. May we get a description of what happens when trying to toggle Wi-Fi in control center?,dear lord new os buggy miss wifi toggle command center work iphone,right place help description happen try toggle wi fi control center
AppleSupport,355815,@AppleSupport The toggle changes colour but doesn’t in fact turn WiFi off or on. I have to go into settings to do it. While we’re at it:,"@355815 With Wi-Fi, that is working as it should from the control center. For the issues you're having, join us in a DM here: https://t.co/GDrqU22YpT",toggle change colour fact turn wifi setting,wi fi work control center issue have join dm url
AppleSupport,144021,"God damn it, @115858 
Updated my phone and now my battery life is GONE. Please stop having ur phones bug to update when it ruins the phone. 😡","@144021 That's not the experience we want you to be having with your iPhone. Please send us a DM and tell us which country you're in and which device you're using, and we'll assist you. https://t.co/GDrqU22YpT",god update phone battery life go stop have ur phone bug update ruin phone 😡,experience want have iphone send dm tell country device assist url
AppleSupport,144022,@AppleSupport Thank you!,@144022 You are very welcome.,thank,welcome
AppleSupport,521777,@AppleSupport #fixthei,@521777 Here’s what you can do to work around the issue until it’s fixed in a future software update: https://t.co/xXaXeeSRt9,fixthei,work issue fix future software update url
AppleSupport,521778,@115858 i️ fix this shit,@521778 Here’s what you can do to work around the issue until it’s fixed in a future software update: https://t.co/qODbOsp4wz,i️ fix shit,work issue fix future software update url
AppleSupport,495464,Oh boy. Apparently I broke the camera. #FaceID #FaceIDFail @AppleSupport https://t.co/oqd9C15SXj,@495464 We'd like to help! Send us a DM with the country that you are located in to continue. https://t.co/GDrqU22YpT,boy break camera faceid # faceidfail url,like help send dm country locate continue url
AppleSupport,515152,Ok cause wtf @AppleSupport if y’all don’t fix this “I️” shit😒 https://t.co/LjwU6X1wbK,@515152 Here’s what you can do to work around the issue until it’s fixed in a future software update: https://t.co/xXaXeeSRt9,cause wtf fix i️ shit 😒 url,work issue fix future software update url
AppleSupport,495450,@AppleSupport why does my phone keep doing the thing? https://t.co/aBPUou9Clt,@495450 We can offer assistance. Follow the steps in this article:  https://t.co/xU1AGHStV6,phone thing url,offer assistance follow step article url
AppleSupport,515187,Can someone explain to me why @115858 still hasn’t fixed this glitch?,@515187 Here’s what you can do to work around the issue until it’s fixed in a future software update: https://t.co/xXaXeeSRt9,explain fix glitch,work issue fix future software update url
AppleSupport,141828,@AppleSupport please fix the podcast app. You’ve completely ruined it in IOS 11. Where’s the sleep timer? I can’t find episodes. Total clusterfuck 😱🙈,"@141828 We're here to help! Swipe up to access the sleep timer per this page: https://t.co/bO8AbJKuc3 As for not finding episodes, what do you see in the Library tab?",fix podcast app ruin ios sleep timer find episode total clusterfuck 😱 🙈,help swipe access sleep timer page url find episode library tab
AppleSupport,141828,@AppleSupport Stuff that’s not in chronological order. It’s just nowhere as user friendly as before,@141828 Got it. The next page after the one we sent may help with sorting order and managing your library. Here's the direct link for your convenience: https://t.co/ymueizyNHZ,stuff chronological order user friendly,get page send help sort order manage library direct link convenience url
AppleSupport,141827,"@AppleSupport why does my iPhone 5 SE run out of battery life after 6 hours, I’ve only had it for just over 1 year",@141827 Hi. Having great battery life on your iPhone is important. We're here to help. This article provides some great help with maximizing your battery life: https://t.co/bivpdfBNJ6,iphone se run battery life hour year,have great battery life iphone important help article provide great help maximize battery life url
AppleSupport,141827,"@AppleSupport I think you fail to see it has reduced significantly without me making any changes, hence my post.",@141827 OK. We'd be happy to take a closer look and do what we can to get to the bottom of this. DM us and tell us which version of iOS you're running. https://t.co/GDrqU2kzhr,think fail reduce make change post,ok happy close look dm tell version ios run url
AppleSupport,515170,Feeling blessed to have paid $800 for a phone that does not acknowledge a capital i @AppleSupport,@515170 Here’s what you can do to work around the issue until it’s fixed in a future software update: https://t.co/xXaXeeSRt9,feel blessed pay phone acknowledge capital,work issue fix future software update url
AppleSupport,211659,@AppleSupport when my Bluetooth earphones are connected my keyboard will not appear #iphoneSE any ideas???,@211659 We can look into this with you. Which version of iOS are you using? Have you already tired restarting your iPhone? Please reply in DM. https://t.co/GDrqU22YpT,bluetooth earphone connect keyboard appear iphonese idea,look version tired restart iphone reply dm url
AppleSupport,515169,"Also, what is going on with the letter 👀?! @AppleSupport @115858",@515169 Here’s what you can do to work around the issue until it’s fixed in a future software update: https://t.co/xXaXeeSRt9,go letter 👀,work issue fix future software update url
AppleSupport,366084,@AppleSupport Ok is it common when i buying an new apple keyboard in a store in Luxembourg that they don’t give me this kboard without packaging .,"@366084 Thank you for reaching out to us. Please send us a DM, so we can look into this further with you. https://t.co/GDrqU22YpT",common buy new apple keyboard store luxembourg kboard packaging,thank reach send dm look url
AppleSupport,161535,@AppleSupport Yes I already did it 3 or 4 times.,@161535 Good to know. Let's keep working on this via DM so we can dig into what's happening in greater detail. https://t.co/GDrqU22YpT,time,good know let work dm dig happen great detail url
AppleSupport,515166,Why did my I️ temporally fix and it’s now back to this ... I️ .... @115858 get your sh*t together!,@515166 Here’s what you can do to work around the issue until it’s fixed in a future software update: https://t.co/xXaXeeSRt9,i️ fix i️ sh*t,work issue fix future software update url
AppleSupport,515165,"@AppleSupport Ever since I cancelled my Apple music subscription I can’t listen to any of my songs I had in my library, any help on this?","@515165 We'd love to help. When was it canceled?  Also, how are you adding music now?",cancel apple music subscription listen song library help,love help cancel add music
AppleSupport,626769,stop fucking up my capital i’s b @115858,@626769 Here’s what you can do to work around the issue until it’s fixed in a future software update: https://t.co/xXaXeeSRt9,stop fuck capital,work issue fix future software update url
AppleSupport,366088,@AppleSupport when are you going to sort the bloody update? Phone is freezing constantly battery dying and speakers/ volume not working....,"@366088 We'd like to learn more. Which iPhone, and iOS version, are you using?",go sort bloody update phone freeze battery die volume work,like learn iphone version
AppleSupport,257995,"@AppleSupport Hi, I can’t download new apps or update current ones after installing the latest update. Can you help, please? Apps are all stuck on loading/waiting and not downloading.",@257995 We'll be more than happy to help look into this for you. What Apple device are you using so we can be sure we're providing the best steps?,download new app update current one instal late update help app stuck loading waiting download,happy help look apple device sure provide good step
AppleSupport,190045,My has been randomly restarting itself for a while. I woke up today to it being restarted randomly and somewhere in the process my phone deleted some of my contacts 🙄 @AppleSupport,@190045 We're here to help. Send us a DM and we'll work with you there. https://t.co/GDrqU22YpT,restart wake today restart process phone delete contact 🙄,help send dm work url
AppleSupport,813965,@AppleSupport my phone is stuck saying it’s on 100% when I know it’s not and just randomly dies.,@813965 We'd like to help with this. DM us and tell us which version of iOS you're running on your iPhone. Find that information under Settings &gt; General &gt; About. https://t.co/GDrqU22YpT,phone stick say % know die,like help dm tell version ios run iphone find information settings gt general gt url
AppleSupport,515167,@AppleSupport when y’all gunna fix the “i” autocorrect?,@515167 Here’s what you can do to work around the issue until it’s fixed in a future software update: https://t.co/xXaXeeSRt9,gunna fix autocorrect,work issue fix future software update url
AppleSupport,515171,"@AppleSupport restored my iPhone X from iCloud backup and now HomeKit devices are unavailable on this device only, all others are fine.",@515171 We're happy to help. Let's meet up in DM so we can go in-depth with this issue. Thanks! https://t.co/GDrqU22YpT,restore iphone x icloud backup homekit device unavailable device fine,happy help let meet dm depth issue thank url
AppleSupport,515172,"@AppleSupport are you going to fix this I️ problem??? Sincerely, all iPhone users...",@515172 Here’s what you can do to work around the issue until it’s fixed in a future software update: https://t.co/xXaXeeSRt9,go fix i️ problem iphone user,work issue fix future software update url
AppleSupport,141829,@115858 why is this a Siri suggested website? https://t.co/P7SQKqRIpr,@141829 Let's look into this together. Please DM us. https://t.co/GDrqU22YpT,siri suggest website url,let look dm url
AppleSupport,669749,"IOS 11.1 WIFI swithch is fake,close the WIFI Swithch,but iPhone Set WIFI button is open,it's disconnect wifi,not close the WIFI.It's a big bug.WHAT?@AppleSupport",@669749 We'd like to take a closer look with you. Where are you turning off your Wi-Fi from: the Settings app or Control Center This link may also be helpful to you under 'Temporarily disconnect from a Wi-Fi network': https://t.co/Ikfbnj28qe,ios wifi swithch fake close wifi swithch iphone set wifi button open disconnect wifi close wifi.it big bug what?@applesupport,like close look turn wi fi settings app control center link helpful disconnect wi fi network url
AppleSupport,669748,@AppleSupport why is iOS 11 completely draining my battery in like an hour?!? #bs,@669748 We'll be happy to take a look into it for you. Is this the first time you've noticed the battery draining like this?,drain battery hour bs,happy look time notice battery drain
AppleSupport,141837,@AppleSupport In how many years will I have the iPhone X? Because in Europe it’s impossible have it... Good work with your marketing...,@141837 We may be able to help. Where in Europe are you currently located?,year iphone x europe impossible good work marketing,able help europe locate
AppleSupport,141836,"@AppleSupport Hi, I have an iphone 6. Should i upgrade to IOS 11 ?","@141836 Thanks for reaching out. We always recommend that you upgrade to our latest version of iOS, to get the most current features and security protections. Before upgrading, be sure to make a backup so your information will be safe: https://t.co/4f8hwT5to6",iphone upgrade ios,thank reach recommend upgrade late version ios current feature security protection upgrading sure backup information safe url
AppleSupport,141835,Hey @115858 why has my iPhone deleted most of my contact names or stuck a ‘maybe’ next to people WHO WERE IN MY PHONE JUST FINE BEFORE THE LAST UPDATE WTF. https://t.co/zIK76a3wOK,@141835 We'd like to look into this. Send us a DM to continue. https://t.co/GDrqU22YpT,iphone delete contact name stick people phone update wtf url,like look send dm continue url
AppleSupport,141834,"@141835 @115858 This last update was utter garbage. Crucified my battery life, made everything wobbly and obnoxious, messed with the touch screen accuracy 👎🏻",@141834  We'd like to help. Please let us know all about the issues you're experiencing. We'd like to look into this further. Please DM us to get started. https://t.co/GDrqU22YpT,update utter garbage crucify battery life wobbly mess touch screen accuracy 👎 🏻,like help let know issue experience like look dm start url
AppleSupport,257995,"@AppleSupport Tried on both of these, but nothing seems to be working unfortunately.",@257995 Thanks for letting us know. Please send us a DM so we may better assist you. https://t.co/GDrqU22YpT,try work,thank let know send dm assist url
AppleSupport,141834,@AppleSupport My tweet pretty much says it all to be honest. The battery life and the touch screen inaccuracy are the most annoying.,"@141834 We'd like to gather more info about everything that's going on so we can find the best way to get this resolved. DM us more info, like which model of iPhone and the exact version of the operating system you're using for starters, and we'll team up. https://t.co/GDrqU22YpT",tweet say honest battery life touch screen inaccuracy annoying,like gather info go find good way resolve dm info model iphone exact version operating system starter team url
AppleSupport,141833,@AppleSupport Trying to open a document I scanned into documents this is the response I get from Acrobat Reader:  The SendMail doesn't know how to talk to my default client.  Please select a different mail application to use. I stopped using Mail -emails took too long to open.,@141833 We'd love to help you out. Is this a PDF document? Do you know which format the document was saved in?,try open document scan document response acrobat reader sendmail know talk default client select different mail application use stop mail -email take long open,love help pdf document know format document save
AppleSupport,141833,@AppleSupport It is a document that I scanned in as a PDF.  Also had to switch to Go Mail. My Emails in Mail started taking a long time to open.,"@141833 So we can take our next steps, let's take things to DM from here. https://t.co/GDrqU22YpT",document scan pdf switch mail emails mail start take long time open,step let thing dm url
AppleSupport,141832,Is anybody else on iPhone having contacts being deleted? It keeps happening to me. I know I’ve saved several numbers I tried to text. @AppleSupport,@141832 Having access to your saved contacts is important and we'd like to help with that. Has anything with the iPhone changed recently? Accounts added or removed? Please DM us. https://t.co/GDrqU22YpT,iphone have contact delete keep happen know save number try text,have access saved contact important like help iphone change account add remove dm url
AppleSupport,141831,@AppleSupport how can such messages be blocked in Messages? https://t.co/8Gbh3kCnpV,@141831 Happy to help you. Our website here has information on how to block a single phone number: https://t.co/rYxZGDk3Lz We'd also ask that you tap Report Junk under any message you receive like that looks like this. DM us if you have any questions. https://t.co/GDrqU22YpT,message block message url,happy help website information block single phone number url ask tap report junk message receive look dm question url
AppleSupport,515173,"@AppleSupport I'm having an issue with my mac, where can I get it fixed?",@515173 We can assist with most issues right here on Twitter. Tell us a little about the issue and we'll go from there.,have issue mac fix,assist issue twitter tell little issue
AppleSupport,366085,"That “awesome” attention to detail &amp; quality control we all love Cook’s @115858 for, still glaringly obvious in latest #ios update. https://t.co/7BMkreYDMs","@366085 We're here to help. What's the issue that you're having on your iPad? Once you search, are you unable to scroll down the list?",awesome attention detail amp quality control love cook obvious late ios update url,help issue have ipad search unable scroll list
AppleSupport,515173,"@AppleSupport When ever I boot it up, it says ""Lenovo"", and then it boots up windows.",@515173 Do you use Boot Camp? Power on your Mac and immediately press and hold the Option key. See if you can choose macOS there.,boot say lenovo boot window,use boot camp power mac press hold option key choose macos
AppleSupport,366084,"@AppleSupport Ich habe hier in Luxembourg in einem Shop das neue Keyboard gekauft, jedoch war keine verpackung dabei . Ist das normal ??",@366084  We offer support via Twitter in English. Contact us for help in your preferred language here: https://t.co/IBIY3vMgPj,ich habe hier luxembourg einem shop das neue keyboard gekauft jedoch war keine verpackung dabei ist das normal,offer support twitter english contact help preferred language url
AppleSupport,626774,"@AppleSupport @115858 EVERY TIME THE NEW PHONE COMES OUT YA’LL DELIBERATLY FUCK UP THE PHONE I CURRENTLY USE,  I want $6000 of refunds for time lost from freezing","@626774 We can help you with the issues you are experiencing on your iPhone. Please, send us a DM with details so we can assist. https://t.co/GDrqU22YpT",time new phone come ya’ll deliberatly fuck phone currently use want refund time lose freeze,help issue experience iphone send dm detail assist url
AppleSupport,141830,@AppleSupport bizarre battery problems on iOS 11.1.2. Went out for a short walk. Started at 77%. 30 minutes later never went on my phone; down to 1%! Reset the phone - back up to 71%. I do have an Apple Watch but I don’t think Bluetooth with an Apple Watch draws it down that much,@141830 We'd be happy to look into this with you more in detail. Please reach out to us via DM and we'll get started. https://t.co/GDrqU22YpT,bizarre battery problem ios 11.1.2 go short walk start % minute go phone % reset phone % apple watch think bluetooth apple watch draw,happy look detail reach dm start url
AppleSupport,301802,"@AppleSupport No, as I said in my original tweet, I've tried to update my payment details but the website won't let me and I can't do it on my phone. Keeps declining the new card. Will iTunes Store be able to help with AppleID payment details l update?",@301802 The iTunes Store team can help with payment details for your iTunes &amp; App Store account.,say original tweet try update payment detail website let phone keep decline new card itunes store able help payment detail l update,itunes store team help payment detail itunes amp app store account
AppleSupport,206663,@AppleSupport @115858 it’s simply ridiculous that y’all have not fixed this glitch yet. Any other time y’all spitting out updates for the hell of it but when there’s a actual issue y’all silent????? Ugh annoyed.,@206663 Hi there. We'd love to help out with this for you. Please DM and tell us what version of iOS you see under Settings &gt; General &gt; About &gt; Version. We'll meet you there to help. https://t.co/GDrqU22YpT,ridiculous fix glitch time spit update hell actual issue silent ugh annoy,love help dm tell version ios setting gt general gt gt version meet help url
AppleSupport,579154,@115858 IOS 11 has ruined my iPhone 6. Battery is 3 months old and now I have to recharge it 3 times per day.,@579154 We know how important battery life is and we'll help. Can you tell us when you updated to iOS 11.0.3? Please DM your answer. https://t.co/GDrqU22YpT,ios ruin iphone battery month old recharge time day,know important battery life help tell update ios dm answer url
AppleSupport,515156,HEY @115858 IM TRYING TO SAY “I️” AS IN TALKING IN FIRST PERSON NOT A STUPID QUESTION MARK,@515156 Here’s what you can do to work around the issue until it’s fixed in a future software update: https://t.co/xXaXeeSRt9,im try i️ talk person stupid question mark,work issue fix future software update url
AppleSupport,626779,I️ I️ I️ I️ I️ I️ I️ I️ I️ I️ I️ I️ I️ I️ I️ I️ I️ I️ I️ not to b dramatic but I️ I️ I️ I️ fuck @115858,@626779 Here’s what you can do to work around the issue until it’s fixed in a future software update: https://t.co/xXaXeeSRt9,i️ i️ i️ i️ i️ i️ i️ i️ i️ i️ i️ i️ i️ i️ i️ i️ i️ i️ i️ b dramatic i️ i️ i️ i️ fuck,work issue fix future software update url
AppleSupport,626780,Why is my iPhone 8 slow &amp; lagging @AppleSupport,@626780 Let's take a look together. Which iOS version do you currently have installed on your 8? Let us know more in DM. https://t.co/GDrqU22YpT,iphone slow amp lag,let look version instal let know dm url
AppleSupport,626782,"@115858 truly awful tech service from you tonight after spending a small fortune on new MacBook, cut of twice by operators when they could not resolve my problem with WiFi despite all other devices being able to connect",@626782 That’s not the experience we want you to have. We’d like to take a closer look at this with you. Meet us in DM to proceed. https://t.co/GDrqU22YpT,awful tech service tonight spend small fortune new macbook cut operator resolve problem wifi device able connect,experience want like close look meet dm proceed url
AppleSupport,626783,Quick! How do I stop a download in the #Mac #AppStore ? It does not respond when I click pause. #MacAppstore #Apple @AppleSupport,"@626783 Send us a DM, We'll be happy to help with any issues you're having with downloads. https://t.co/GDrqU22YpT",quick stop download mac appstore respond click pause macappstore apple,send dm happy help issue have download url
AppleSupport,265100,@AppleSupport It’s something to do with the Activity App.,@265100 Let's meet up in DM and discuss this further. You can reach us at the link below. https://t.co/GDrqU22YpT,activity app,let meet dm discuss reach link url
AppleSupport,626784,@115858 what the actual fuck is happening with the i️ key?,@626784 Here’s what you can do to work around the issue until it’s fixed in a future software update: https://t.co/xXaXeeSRt9,actual fuck happen i️ key,work issue fix future software update url
AppleSupport,515156,"@AppleSupport Thank you for your help, I️ apologize for raising my voice",@515156 No worries. We know unusual issues like this can be frustrating. Have a great day!,thank help i️ apologize raise voice,worry know unusual issue frustrating great day
AppleSupport,626778,So not only is my phone tripping so is my Mac.. @115858 wtf?,@626778 We'd like to help. Can you tell us more info on what's going on?,phone tripping mac wtf,like help tell info go
AppleSupport,515155,@AppleSupport aye Snapchat tripping I don’t know if it’s on y’all end or theirs but that shit needs to be fixed NOW ❗️❗️❗️,@515155 We'd like to see how we can help.  Do you have any available updates for Snapchat in the App Store?,aye snapchat tripping know end shit need fix ❗ ❗,like help available update snapchat app store
AppleSupport,515154,Why am I seeing boxes with question marks when people try to send me emojis? @AppleSupport,"@515154 We can field this one. If you see a box, it means your iPhone does not have the same emoji installed. Are you on iOS 11.1?",see box question mark people try send emoji,field box mean iphone emoji instal
AppleSupport,515154,@AppleSupport Yes I installed the new iOS but I still see weird boxes and exclamation points when people send me messages,@515154 Here’s what you can do to work around the issue until it’s fixed in a future software update: https://t.co/xXaXeeSRt9,instal new ios weird box exclamation point people send message,work issue fix future software update url
AppleSupport,515153,Updated my phone and love the update but @AppleSupport my battery is so crap now 😑,"@515153 Hey, we can offer some suggestions to help with the battery life. Let's try these steps first: https://t.co/bivpdfBNJ6",update phone love update battery crap 😑,offer suggestion help battery life let try step url
AppleSupport,626785,@115858 Fam. You have to fix this I️ thing. Pleeaaasee,@626785 Here’s what you can do to work around the issue until it’s fixed in a future software update: https://t.co/xXaXeeSRt9,fam fix i️ thing pleeaaasee,work issue fix future software update url
AppleSupport,758378,hey @115858 face id sucks pls fix it,@758378 We'd like to hear more about the issues you are experiencing with Face ID. Provide us some details so we can assist.,face d suck fix,like hear issue experience face id provide detail assist
AppleSupport,758377,@115858 fix your shit! It’s keeps autocorrecting “I” to something else,@758377 Here’s what you can do to work around the issue until it’s fixed in a future software update: https://t.co/xXaXeeSRt9,fix shit keep autocorrecte,work issue fix future software update url
AppleSupport,626786,.@115858 @AppleSupport IT’S BEEN OVER A WEEK AND MY “👁”s still look like i️ WTF R U DOING WITH UR TIME,"@626786 We're here to help and want to take a look into this further. To start, what device and iOS version are having this issue?",.@115858 week 👁 s look i️ wtf r u ur time,help want look start device version have issue
AppleSupport,515155,@AppleSupport It’s working now good looking out though.,@515155 Our pleasure. Feel free to reach out to us anytime you need assistance.,work good look,pleasure feel free reach need assistance
AppleSupport,515157,"@AppleSupport la nueva actualización de iSO para mi IPhone 6 lo volvió más lento en las aplicaciones y teclear, cómo solucionarlo ??",@515157 We offer support via Twitter in English. Get help in Spanish here: https://t.co/IBIY3vMgPj or join https://t.co/OczyRx7IOs,nueva actualización de iso para mi iphone lo volvió más lento las aplicaciones y teclear cómo solucionarlo,offer support twitter english help spanish url join url
AppleSupport,813966,@115858 your customer service in store is woeful at best. Who’d have thought it could be this difficult to buy something.,@813966 We're here to help. Let's take this to DM so we can better assist you. https://t.co/GDrqU22YpT,customer service store woeful think difficult buy,help let dm assist url
AppleSupport,515158,fix this question mark box shit @115858,@515158 Here’s what you can do to work around the issue until it’s fixed in a future software update: https://t.co/xXaXeeSRt9,fix question mark box shit,work issue fix future software update url
AppleSupport,669746,@AppleSupport it still doesn’t work,@669746 We'd like to request additional information. Please meet us in DM. https://t.co/GDrqU22YpT,work,like request additional information meet dm url
AppleSupport,669665,"@AppleSupport Hi, my phone keeps changing I️ to those emojis every time and I️ don’t know why. It’s happening to some of my friends to. What is wrong?",@669665 We'd like to help. Let's take this to DM and we'll explore ways to provide you assistance. https://t.co/GDrqU22YpT,phone keep change i️ emoji time i️ know happen friend wrong,like help let dm explore way provide assistance url
AppleSupport,669745,@115858 iOS 11.1 update did not fix the “A ?” issue for my iPhone 6s. It literally made it worse. I never had an issue with typing it myself it’s only others who comment on Facebook that it shows up. All my apps are fully updated and nothing changes.,"@669745 We'd like to help. Are you fully updated to iOS 11.1.1? You can check in Settings &gt; General &gt; About. Also, if you are not experiencing the issue but only see others typing with it then it would mean others are experiencing it and that it isn't your device.",update fix issue iphone 6s bad issue type comment facebook show app update change,like help update ios check settings gt general gt experience issue type mean experience device
AppleSupport,669744,Has anyone else noticed since updating your #iOS that your alarm is sooo quiet?? I’m afraid I’m going to sleep through it even though my volume is all the way up! @115858 #applechat #iphone,"@669744 Let's take a look so you can go to sleep without worry. To clarify, are any other sounds very quiet like music, calls, etc.?",notice update ios alarm sooo quiet afraid go sleep volume way applechat iphone,let look sleep worry clarify sound quiet music call
AppleSupport,196051,"@116333 Two kernel panics a day on a Mac Pro desktop with 32 gigs of RAM and I'm ready to throw this $5,000 paperweight I worked for years to buy in the trash.",@196051 We want to see how we can help out so that you can get back to using your Mac Pro. Send us a DM with some details about what's going on so that we can look into it together. https://t.co/GDrqU22YpT,kernel panic day mac pro desktop gig ram ready throw paperweight work year buy trash,want help mac pro send dm detail go look url
AppleSupport,669742,Fix this goddamn bug @115858,"@669742 Thanks for reaching out to us for support. iOS 11.1.1 was recently released and it includes a fix for autocorrect issues. Be sure to back up your device prior to updating, and let us know if the issue persists afterwards. How to back up: https://t.co/4f8hwT5to6",fix goddamn bug,thank reach support ios release include fix autocorrect issue sure device update let know issue persist url
AppleSupport,579157,@115858 if you could fix IOS11  that would be great https://t.co/qppSjH3rPN,@579157 We'd like to learn more about what's happening. Send us a DM and tell us which iPhone you have and iOS version it's running. https://t.co/GDrqU22YpT,fix ios11 great url,like learn happen send dm tell iphone version run url
AppleSupport,626775,Hey @318 @AppleSupport why does your podcast app not load? Does this oftwn. Tried reset. Tried clearing RAM #anyideas https://t.co/wUIBtnvs9l,@626775 Help is on the way. Send us a DM to get started. https://t.co/GDrqU22YpT,podcast app load oftwn try reset try clear ram anyidea url,help way send dm start url
AppleSupport,626776,@84740 And for the love of all things holy please correct this stupid I️ issue. It’s getting out of hand. I️ shouldn’t have to go into my phones text replacement settings just to type one of the most commonly used words in the English dictionary. @115858,"@626776 Reach out to us via DM and let us know the device you are using, then we can advise you on this from there. https://t.co/GDrqU22YpT",love thing holy correct stupid i️ issue get hand i️ phone text replacement setting type word english dictionary,reach dm let know device advise url
AppleSupport,626777,@AppleSupport hey guys why does my Live Photo keep turning back on despite having the preserve settings button turned on? I swear I turn off Live Photo weekly.,@626777 We'd be happy to help with this. Send us a DM with your iOS version and device model. We'll continue from there: https://t.co/GDrqU22YpT,guy live photo turn have preserve setting button turn swear turn live photo weekly,happy help send dm ios version device model continue url
AppleSupport,515165,"@AppleSupport About 2 months ago, I haven’t added any music recently. It was the music that was already in my ITunes which I can no longer listen to","@515165 Was it music that you added with Apple Music, or music that you added before Apple Music?",month add music music itunes listen,music add apple music music add apple music
AppleSupport,515164,ima need @115858 to go ahead and fix the I️ glitch,@515164 Here’s what you can do to work around the issue until it’s fixed in a future software update: https://t.co/xXaXeeSRt9,m need fix i️ glitch,work issue fix future software update url
AppleSupport,515163,@115858 FIX THIS QUESTION MARK BS,@515163 Here’s what you can do to work around the issue until it’s fixed in a future software update: https://t.co/xXaXeeSRt9,fix question mark bs,work issue fix future software update url
AppleSupport,515161,@515162 @AppleSupport Yeah what is the question mark bullshit my phone is updated it’s annoying lol,@515161 Here’s what you can do to work around the issue until it’s fixed in a future software update: https://t.co/xXaXeeSRt9,question mark bullshit phone update annoying lol,work issue fix future software update url
AppleSupport,515160,"hey @115858 can u like ,, fix the bug in the new ios11 update",@515160 We'd love to help you out! What kind of trouble are you having?,like fix bug new ios11 update,love help kind trouble have
AppleSupport,515160,@AppleSupport the letter i gets messed up and ends up looking like this i️,@515160 Here’s what you can do to work around the issue until it’s fixed in a future software update: https://t.co/xXaXeeSRt9,letter get mess end look i️,work issue fix future software update url
AppleSupport,669747,@115858 I have no idea how to install apps on the #iphonex! You come up with a bouncy statement about double click to install. #uxfail,@669747 We'd like to help. Tell us a little more about the issues you are experiencing when you try to install apps on your iPhone X.,idea install app iphonex come bouncy statement double click install uxfail,like help tell little issue experience try install app iphone x.
AppleSupport,515188,@AppleSupport I am gonna need to revert to the previous iOS.,"@515188 DM us, and we can help you get your iPhone lasting as long as possible. https://t.co/GDrqU22YpT",go need revert previous ios,dm help iphone last possible url
AppleSupport,515174,@AppleSupport yooooo,@515174 Here’s what you can do to work around the issue until it’s fixed in a future software update: https://t.co/xXaXeeSRt9,yooooo,work issue fix future software update url
AppleSupport,141839,@AppleSupport hey Apple support a picture of other people just showed up on my pictures. I do not know these people what so ever. And when my phone is rotation is locked it still turns,"@141839 Let's look into this together. DM us which iPhone and iOS version you're experiencing these issues on, and we'll start from there. https://t.co/GDrqU22YpT",apple support picture people show picture know people phone rotation lock turn,let look dm iphone version experience issue start url
AppleSupport,495439,@115858 hey stop changing our letters. We all can't afford a $1000 phone rn &amp; probably never will be able to.,@495439  Let's help. Try this out: https://t.co/k0NAaSjWTU Let us know if that helps correct that issue with autocorrect.,stop change letter afford phone amp able,let help try url let know help correct issue autocorrect
AppleSupport,495438,@115858  when y’all gone fix this update I’m tired of seeing boxes with question marks,"@495438 Hey there! What type of device are you experiencing this issue on? Let us know, we're happy to help.",go fix update tired see box question mark,type device experience issue let know happy help
AppleSupport,521806,@AppleSupport every time I️ try to type “I️” it autocorrects to “A?” What’s wrong?! https://t.co/nuscFa4q5c,@521806 Here’s what you can do to work around the issue until it’s fixed in a future software update: https://t.co/qODbOsp4wz,time try type i️ autocorrect wrong url,work issue fix future software update url
AppleSupport,471394,@AppleSupport Is this allowed when you upgrade at an Apple store with the upgrade program?,@471394 We want to help and would like to make sure we understand. What exactly are you wanting to do with the upgrade program?,allow upgrade apple store upgrade program,want help like sure understand want upgrade program
AppleSupport,515179,The reason why I becomes I️. @115858 turned the letter I into a fuckin emoji so when you type it your keyboard gets confused https://t.co/uncThdyctS,@515179 Here’s what you can do to work around the issue until it’s fixed in a future software update: https://t.co/xXaXeeSRt9,reason turn letter fuckin emoji type keyboard get confused url,work issue fix future software update url
AppleSupport,626767,"@AppleSupport iPhone 7+ haven’t had it longer than 4 months...my phone should not be acting up. Nothing will load, takes forever to open apps etc.",@626767 Thanks for reaching out. We're here to help. DM us so we can look into this further with you. https://t.co/GDrqU22YpT,iphone long month phone act load take open app,thank reach help dm look url
AppleSupport,626767,@115858 I ain’t getting the new phone just because y’all iOS keep messing up with us 7 &amp; 7 plus users..y’all ain’t slick. I’ll keep my fucked up phone rather than pay $1k for a new one. 🙄,"@626767 We're here to help. To start, what device model are you using and what issue(s) are you experiencing exactly?",ai get new phone mess amp user y’all ai slick fuck phone pay 1k new 🙄,help start device model issue(s experience
AppleSupport,521807,.@115858 plz help my friends are distressed https://t.co/fa6oYsYK0S,@521807 Here’s what you can do to work around the issue until it’s fixed in a future software update: https://t.co/xXaXeeSRt9,help friend distressed url,work issue fix future software update url
AppleSupport,495437,@AppleSupport why the fuck does the letter I️ it autocorrects to this shit. I️. I️. I️.,"@495437 We're here to help. To start, we recommend following these steps: https://t.co/xU1AGHStV6",fuck letter i️ autocorrect shit,help start recommend follow step url
AppleSupport,495436,I updated my phone thinking that would fix the question marks problem but NOPE. Come on @115858 @AppleSupport,@495436 We're here for you. Tell us a bit more about the issue you're experiencing via DM. We'll go from there. https://t.co/GDrqU22YpT,update phone thinking fix question mark problem nope come,tell bit issue experience dm url
AppleSupport,129792,@AppleSupport I updated my iPhone 6s to iOS 11.1 &amp; now my messages are taking forever to send &amp; say delivered in or out of WiFi 🤦🏽‍♀️,@129792 Thanks for those details. Restart your iPhone and DM us if the issue continues after that. https://t.co/GDrqU22YpT,update iphone ios amp message take send amp deliver wifi 🤦 🏽‍ ♀,thank detail restart iphone dm issue continue url
AppleSupport,515178,"@AppleSupport &lt;/rant&gt;

(for now. @115858 you broke it, pls fix it)","@515178 We'd be happy to look into what's going on. To start, can you tell us which iPhone and iOS version you're using?",lt;/rant&gt break fix,happy look go start tell iphone version
AppleSupport,515178,"@AppleSupport Thanks, I'm using an iPhone 6 64GB (MG4F2X/A) on iOS 11.0.3",@515178 Thanks for confirming that for us. Can you tell us more about what you're experiencing?,thank iphone gb mg4f2x ios,thank confirm tell experience
AppleSupport,515178,@AppleSupport 1) random OS freezes requiring hard reset 2) camera app freezes 3) overheating when charging (had to turn off the phone to let it cool),@515178 Thanks for those details. Please DM us using the following link and we'll work together towards a resolution for these issues. https://t.co/GDrqU22YpT,random os freeze require hard reset camera app freeze overheat charge turn phone let cool,thank detail dm follow link work resolution issue url
AppleSupport,366088,@AppleSupport iPhone 6s and 11.0.3,"@366088 So that we can look into this further with you, feel free to send us a DM and we'll proceed from there: https://t.co/GDrqU22YpT",iphone,look feel free send dm proceed url
AppleSupport,495441,@118936 @116333 #appleorlemon #apple bought 2 Macbookpro both failing 3 times in reparation case 100330179698 value of the brand?,@495441 We'd like to look into this. Send us a DM to continue. https://t.co/GDrqU22YpT,appleorlemon apple buy macbookpro fail time reparation case value brand,like look send dm continue url
AppleSupport,495442,@AppleSupport Perfect! Thanks!,"@495442 No problem, we’re happy to help!",perfect thank,problem happy help
AppleSupport,626766,@AppleSupport which iOS version will be fixing this notifications bug and 3d touch switching between apps ? https://t.co/7WmYEqEoqU,@626766 That’s unexpected. Let us know which version of iOS you’re currently running in DM. We’ll continue from there. https://t.co/GDrqU22YpT,ios version fix notification bug 3d touch switching app url,unexpected let know version ios run dm continue url
AppleSupport,515187,@AppleSupport Thanks!,@515187 You're quite welcome. Let us know if you have additional questions. Take care.,thank,welcome let know additional question care
AppleSupport,515186,ios11 needs so much fixing.. @115858 wtf are you guys doing??? https://t.co/M5K71zgtqR,@515186 Here’s what you can do to work around the issue until it’s fixed in a future software update: https://t.co/xXaXeeSRt9,ios11 need fixing wtf guy url,work issue fix future software update url
AppleSupport,366093,Its been an hour since i got out of my house and i already have 48% fix this @115858,@366093 We're happy to help. Let us know what device and operating system you're using to begin.,hour get house % fix,happy help let know device operating system begin
AppleSupport,515185,this i️ glitch is fuckin me up @115858,@515185 Here’s what you can do to work around the issue until it’s fixed in a future software update: https://t.co/xXaXeeSRt9,i️ glitch fuckin,work issue fix future software update url
AppleSupport,521805,@115858 please fix these fucking boxes it’s driving me insane OhEmGeee🤦🏾‍♀️🤦🏾‍♀️🤦🏾‍♀️,@521805 Here’s what you can do to work around the issue until it’s fixed in a future software update: https://t.co/xXaXeeSRt9,fix fucking box drive insane ohemgeee ♀ ♀ ♀,work issue fix future software update url
AppleSupport,626765,"@AppleSupport Back from an Apple dealer, phone issue was not fixed. They said it’s fine. Ppl cant hear me in calls, voice drops, and FaceTime ... No voice and screen freezes. Can use husbands phone and it works just fine in both cases. Has been since I bought it end of July.",@626765 We want to help with your iPhone. Let's take a look at this further for you in DM. https://t.co/GDrqU22YpT,apple dealer phone issue fix say fine ppl hear call voice drop facetime voice screen freeze use husband phone work case buy end july,want help iphone let look dm url
AppleSupport,515184,@AppleSupport I never had a call I’m waiting since summer for my problem to get done still waiting...,@515184 We want to help.  Send us a DM letting us know which country you are located in to begin. https://t.co/GDrqU22YpT,wait summer problem wait,want help send dm let know country locate begin url
AppleSupport,515182,Right first snap now WhatsApp. @AppleSupport what’s your problem https://t.co/g8zcaZu16b,@515182 We're here to help. Let's take this to DM so we can better assist you. https://t.co/GDrqU22YpT,snap whatsapp problem url,help let dm assist url
AppleSupport,495449,@AppleSupport can you un-update my phone? thanks!,@495449 We're happy to help with any issues you are experiencing. Join us in DM with more details. https://t.co/GDrqU22YpT,un - update phone thank,happy help issue experience join dm detail url
AppleSupport,485030,@495448 @AppleSupport Look it only happened once there!!! Wtf ugh,@485030 We'd love to look into this further with you. Please DM us so we can continue from there. https://t.co/GDrqU22YpT,look happen wtf ugh,love look dm continue url
AppleSupport,495444,Can @115858 please correct the keyboard glitch in the new update? I️ am tired of reading tweets and texts with weird characters,@495444 We're glad to help. We've got a guide to share with you that has steps for this issue: https://t.co/xU1AGHStV6,correct keyboard glitch new update i️ tired read tweet text weird character,glad help get guide share step issue url
AppleSupport,495444,@AppleSupport Thanks. I think that fixed it. 👍🏽,@495444 We’re glad we could assist you. Please feel free to contact us back if you have any other questions or concerns.,thank think fix,glad assist feel free contact question concern
AppleSupport,495443,Anyone else dealing with this macOS/iOS bug?” “I” vs “a” and strange icon @115858 #macOS #iOS #Apple #bug https://t.co/nuX33q2ZVs,@495443 We want to look into this with you. Let's see if setting up text replacement helps: https://t.co/xXaXeeSRt9,deal macos ios bug strange icon macos ios apple # bug url,want look let set text replacement help url
AppleSupport,366091,"@AppleSupport @366092  pre-ordered new TSwift, didn’t receive code.  📞 for help and has now lost songs in @115948. Who can help?",@366091 We'd like to make things right. Have you made any recent changes to your Apple ID account?,pre - order new tswift receive code 📞 help lose song help,like thing right recent change apple id account
AppleSupport,515181,@115858 @AppleSupport fix this Wingdings bullshit.,@515181 Here’s what you can do to work around the issue until it’s fixed in a future software update: https://t.co/xXaXeeSRt9,fix wingdings bullshit,work issue fix future software update url
AppleSupport,515180,@115858 @AppleSupport I will not be buying an X so you better just fix this 8 I just paid too much for. Stop the glitches.,@515180 What kind of issues are you having with the iPhone 8? We'd love to help.,buy x fix pay stop glitch,kind issue have iphone love help
AppleSupport,495442,@AppleSupport what and why https://t.co/BctfkMtVs6,@495442 We can help you out. Take a gander at the following article and DM us with any questions. Thanks. https://t.co/xXaXeeSRt9 https://t.co/GDrqU22YpT,url,help gander follow article dm question thank url url
AppleSupport,155300,What the fuck is this shit @115858,@155300 Here’s what you can do to work around the issue until it’s fixed in a future software update: https://t.co/xXaXeeSRt9,fuck shit,work issue fix future software update url
AppleSupport,521811,@AppleSupport my iPhone 8 plus freezes a lot and it recently shut down for no reason. running iOS 11.1!,@521811 We'll be happy to assist as best we can. DM us and we'll see what we can do to help resolve this for you. https://t.co/GDrqU22YpT,iphone freeze lot shut reason run ios,happy assist dm help resolve url
AppleSupport,141838,"Anyone knows how to disconnect from iCloud? Last iOS update transferred my files to the iCloud (!). If I try to turn it off, it offers to delete my files from the computer and store them in the iCloud. What the hell is going on, @AppleSupport?","@141838 Thanks for reaching out. We'd like some details to assist. Are you referring to the files saved on iCkoud Drive? Also, are those files saved locally to your computer? Send us a DM with the details, we'd like to help. https://t.co/GDrqU22YpT",know disconnect icloud ios update transfer file icloud try turn offer delete file computer store icloud hell go,thank reach like detail assist refer file save ickoud drive file save computer send dm detail like help url
AppleSupport,515176,@515177 lmao but @115858 gmfu too w that I️ crap,@515176 Here’s what you can do to work around the issue until it’s fixed in a future software update: https://t.co/xXaXeeSRt9,lmao gmfu i️ crap,work issue fix future software update url
AppleSupport,366087,@AppleSupport notification sounds don’t work (even camera doesn’t click) after iOS 11 upgrade to iPod (newest ver). Battery life=awful too.,"@366087 We'd love to help out with these concerns.  Do any sounds work on your iPod now, or is the issue with just those?",notification sound work camera click upgrade ipod new ver battery life = awful,love help concern sound work ipod issue
AppleSupport,368720,"Новое обновление айфон такое дерьмо, телефон жёстко тормозит 
@AppleSupport поясните",@368720 We offer support via Twitter in English. Contact us for help in your preferred language here: https://t.co/IBIY3vMgPj,новое обновление айфон такое дерьмо телефон жёстко поясните,offer support twitter english contact help preferred language url
AppleSupport,368721,@AppleSupport I also got this one &amp; never used it set up apple pay or wallet on my iPhone. Please help me STOP this garbage! Thanks! https://t.co/xIRaNs9afn,@368721 We're here to help! Check out this article: https://t.co/qtyk71JfU1,get amp set apple pay wallet iphone help stop garbage thank url,help check article url
AppleSupport,368721,@115858 Updated my IPhone 6S to IOS 11.0.03. How do I STOP the annoying pop-ups please? Thank you very much!! #NotHappy,"@368721 We can investigate this together. To help isolate the issue, can you give us some details on the pop-ups you’re noticing?",update iphone 6s ios stop annoying pop up thank nothappy,investigate help isolate issue detail pop up notice
AppleSupport,368722,@AppleSupport my charging cable has stopped working..where can i buy new cable in india.so provide address of service centre,@368722 You can buy cables and accessories at https://t.co/fxAH9cASt2. Check here for closest stores: https://t.co/pMByj0ZEGM,charge cable stop work buy new cable provide address service centre,buy cable accessory url check close store url
AppleSupport,131042,Phone is unable to receive messages from any phone that isn’t iPhone after iOS 11.3 update! Help @AppleSupport @115858,@131042 We want to help.  Let's dig a little deeper. DM us which country you're located in. https://t.co/GDrqU22YpT,phone unable receive message phone iphone update help,want help let dig deep dm country locate url
AppleSupport,368723,is there any solution about disconnecting wifi on control center without repetitive automatic connection? @AppleSupport,@368723 To disable Wi-Fi you want to do so from settings. Using these steps: https://t.co/G7BHuQnDS6,solution disconnect wifi control center repetitive automatic connection,disable wi fi want setting step url
AppleSupport,368724,Quand @AppleSupport bug en bêta sous ios11 😂 #calcul #mathsup #oklm #apple #iphone https://t.co/HfYa26oBv8,@368724 We offer support via Twitter in English. Contact us for help in your preferred language here: https://t.co/IBIY3vMgPj,quand bug bêta sous ios11 😂 calcul mathsup oklm apple iphone url,offer support twitter english contact help preferred language url
AppleSupport,572857,C’mon @115858. Fix the I️ problem on the iPhones! This is getting ridiculous #fail #consideringandroid,@572857 Here's what you can do to work around the issue until it's fixed in a future software update: https://t.co/xXaXeeSRt9,c’m fix i️ problem iphone get ridiculous fail consideringandroid,work issue fix future software update url
AppleSupport,129791,@AppleSupport why does my lock screen when playing music freeze and not let me skip or go back or anything?,@129791 We can help! Which version of iOS are you currently running? You can check in Settings &gt; General &gt; About &gt; Version,lock screen play music freeze let skip,help version run check settings gt general gt gt version
AppleSupport,563550,"great: to add to the tech fun, now mail on my macbook air crashes + drops classic view whenever it feels like it. @applesupport HELP",@563550 We want to help.  Send us a DM letting us know what version of macOS is on your MacBook Air. https://t.co/GDrqU22YpT,great add tech fun mail macbook air crash drop classic view feel help,want help send dm let know version macos macbook air url
AppleSupport,626768,@AppleSupport #os11 is garbage! Phone crashes. Locks up. Destroyed my battery life. #thanksfornothing,"@626768 Let's work together on the issues you're experiencing. Tell us in DM when you notice the device crashes or locks, please. https://t.co/GDrqU22YpT",os11 garbage phone crash lock destroy battery life thanksfornothe,let work issue experience tell dm notice device crash lock url
AppleSupport,495416,@AppleSupport trying to report a problem with an app purchase but it keeps telling me it’s “unable to process this request.” Got a Plan B?,@495416 Thanks for reaching out! We’d recommend contacting out iTunes Store Support for further assistance: https://t.co/SDIe7UiyJN,try report problem app purchase keep tell unable process request got plan b,thank reach recommend contact itunes store support assistance url
AppleSupport,301802,"Gah! Trying to update my AppleID payment card with new card details &amp; it keeps saying card is declined (it's fine), &amp; when I try to update / change anything online, whenever I hit save it times my session out 'for security purposes'. Come on, @AppleSupport, give a girl a break!","@301802 Check out this article: https://t.co/U96y4MTG7k
If the issue persists, the iTunes Store team is here: https://t.co/SDIe7UiyJN",gah try update appleid payment card new card detail amp keep say card decline fine amp try update change hit save time session security purpose come girl break,check article url issue persist itunes store team url
AppleSupport,572851,"hey @115858, i️ think we have a problem",@572851 Here’s what you can do to work around the issue until it’s fixed in a future software update: https://t.co/xXaXeeSRt9,i️ think problem,work issue fix future software update url
AppleSupport,141840,when @115858 does that thing where they erase all of my threads AND contacts without my consent. Real cute. Y'all best have my shit stored on y'all magical ass database or sumn for when I need to extract receipts for science. Got me fucked up.,@141840 Accessing your data is extremely important and we'd like to review this for you. Please DM us with more information and we'll get started. https://t.co/GDrqU22YpT,thing erase thread contact consent real cute y'all shit store magical ass database sumn need extract receipt science get fuck,access datum important like review dm information start url
AppleSupport,572859,My phone is going to shit and it’s pretty depressing. Thanks @115858.,@572859 We want your iPhone experience to be great. Send us a DM and tell us what's going on so we can look into this issue with you. https://t.co/GDrqU22YpT,phone go shit depressing thank,want iphone experience great send dm tell go look issue url
AppleSupport,180070,@AppleSupport Just restarted my phone. It wentback to okay. Im not sure why it lags like that all of a sudden. Is it normal? I don’t think so. Is it bcos of the new ios update?,@180070 Great! We're glad it's back to normal again. Sometimes a simple restart is all it takes.,restart phone wentback m sure lag sudden normal think bcos new ios update,great glad normal simple restart take
AppleSupport,180070,The keys are stuck when I press them. i7/256gb/11.1.1 @AppleSupport https://t.co/KgHYmxGJWV,@180070 We'd be glad to help. Can you tell us what happens if you restart the iPhone? Does the issue remain? Does this happen when you are using a specific app or apps?,key stuck press i7/256gb/11.1.1 url,glad help tell happen restart iphone issue remain happen specific app app
AppleSupport,521808,Pretty annoyed with apples new update. Not being able to even type out letters anymore is very frustrating .  @AppleSupport,@521808 Here’s what you can do to work around the issue until it’s fixed in a future software update: https://t.co/qODbOsp4wz,annoyed apple new update able type letter frustrating,work issue fix future software update url
AppleSupport,521809,👁 am sick of the games @115858 get your shit together,@521809 Here’s what you can do to work around the issue until it’s fixed in a future software update: https://t.co/qODbOsp4wz,👁 sick game shit,work issue fix future software update url
AppleSupport,521810,@115858 @AppleSupport yo wtf is going on my phone keeps fucking up and freezing and logging me out of insta get your shit together Apple!!!,@521810 We're here to help. Send us a DM with your iOS version and device type. https://t.co/GDrqU22YpT,yo wtf go phone keep fuck freeze log insta shit apple,help send dm ios version device type url
AppleSupport,521812,@AppleSupport @115858  FIX THIS SHIT. DAMN! 😒 https://t.co/Ln2eeXm0zC,@521812 Here’s what you can do to work around the issue until it’s fixed in a future software update: https://t.co/xXaXeeSRt9,fix shit damn 😒 url,work issue fix future software update url
AppleSupport,521813,@AppleSupport Thank you 😊,@521813 No problem. Feel free to reach out if you have any other questions.,thank,problem feel free reach question
AppleSupport,521813,Really hoping that @AppleSupport fixes the issue with the letter “I️” showing up as “A?” 🙏🏾,@521813 Here’s what you can do to work around the issue until it’s fixed in a future software update: https://t.co/qODbOsp4wz,hop fix issue letter i️ show 🙏 🏾,work issue fix future software update url
AppleSupport,368719,"I’ve had to restart my phone 6 or 7 times in the last 16 hours.... @AppleSupport, iOS 11 is a major letdown.",@368719 Thanks for reaching out. DM which iPhone and specific iOS version you are using to get started. https://t.co/GDrqU22YpT,restart phone time hour ios major letdown,thank reach dm iphone specific version start url
AppleSupport,141848,@AppleSupport  https://t.co/9KrD2oAz5L,@141848 Thanks for reaching out. We'd like some additional details to assist. Which iOS is this occurring on? Let us know and we'll take it from there.,url,thank reach like additional detail assist occur let know
AppleSupport,141847,@115858 Ok how TF do I upload a cd to my phone??? this iCloud music library crap screwed everything up! I pay for Apple Music and this is what I get?!?!! Steve jobs would be disappointed NOT USER FRIENDLY AT ALL,@141847 Thanks for reaching out. We're happy to help. Send us a DM to get started. We'll meet you there. https://t.co/GDrqU22YpT,tf upload cd phone icloud music library crap screw pay apple music steve job disappoint user friendly,thank reach happy help send dm start meet url
AppleSupport,141846,Is anyone else having lagging issues with the @115858 11.1.2 update? It sucks #iphone,"@141846 Hi there. We'd be glad to help out. Which device do you have? Do you notice this issue on any particular apps, or does it happen on all screens?",have lag issue update suck iphone,glad help device notice issue particular app happen screen
AppleSupport,141845,My phone keeps vibrating but I’m not getting any notifications @AppleSupport,@141845 Thanks for reaching out. We can definitely look into this further with you. Have you restarted your iPhone since you noticed this behavior?,phone keep vibrate get notification,thank reach look restart iphone notice behavior
AppleSupport,521942,@115858 GET YOUR SHIT TOGETHER BRO ITS BEEN 3 DAYS I️ I️ I️ I️,@521942 Here’s what you can do to work around the issue until it’s fixed in a future software update: https://t.co/qODbOsp4wz,shit bro day i️ i️ i️,work issue fix future software update url
AppleSupport,141844,"Hey @AppleSupport, third MacBook retina display with stain problem. Getting tired of spending time and money to fix it, what do I do???",@141844 We are here to help. DM us your device details and we can take a look at this. https://t.co/GDrqU22YpT,macbook retina display stain problem get tired spending time money fix,help dm device detail look url
AppleSupport,141843,@AppleSupport hello my phone is not good,@141843 We'd like to help. What issue are you running into on your iPhone?,phone good,like help issue run iphone
AppleSupport,141842,"@115858 seriously iOS 11 is shit, phones so buggy can’t send a message from the dialer screen, crashes non stop Apple you suck dick",@141842 Thanks for reaching out to us. We'd like to help you and look into this further. Please DM us to continue working on this. https://t.co/GDrqU22YpT,shit phone buggy send message dialer screen crash stop apple suck dick,thank reach like help look dm continue work url
AppleSupport,141841,Some weird dots on my #iphonex any idea what they are? @AppleSupport https://t.co/fQYYDafNDq,@141841 Let's get this figured out. When did you start seeing these dots? Have you tried cleaning the screen with a microfiber cloth? Please DM us. https://t.co/GDrqU22YpT,weird dot iphonex idea url,let figure start see dot try clean screen microfiber cloth dm url
AppleSupport,515175,My audio still isn’t fixed @115858 SORT OUT UR SHIT,@515175 We're here to help. Let's take this to DM so we can better assist you. https://t.co/GDrqU22YpT,audio fix ur shit,help let dm assist url
AppleSupport,502709,@AppleSupport care to explain why my phone keeps autocorrecting the letter “I” to this?! 😐 https://t.co/fNdQslKrKY,@502709 Here’s what you can do to work around the issue until it’s fixed in a future software update: https://t.co/xXaXeeSRt9,care explain phone keep autocorrecte letter url,work issue fix future software update url
AppleSupport,502564,Yo @AppleSupport Pleeaaasseee fix this it’s getting so annoying!!!😒 https://t.co/AY9bWJ8kaJ,@502564 Here’s what you can do to work around the issue until it’s fixed in a future software update: https://t.co/xXaXeeSRt9,yo pleeaaasseee fix get annoying 😒 url,work issue fix future software update url
AppleSupport,233080,@115858 #MacBook #OOPS! (Help request. :) https://t.co/uSqzUgwjz6,@233080 We'd be happy to help. Which version of macOS are you using? Which app do you notice this keeps happening in?,macbook help request url,happy help version macos app notice keep happen
AppleSupport,758299,@116333 how you were able to make the podcast app so shitty in the newest update is incredibly impressive.,@758299 Having some issues with podcasts? Send us a DM and we'll take a look into it with you! https://t.co/GDrqU22YpT,able podcast app shitty new update impressive,have issue podcast send dm look url
AppleSupport,758298,"@115858, your newest update to fix “bugs” now has my iPhone turning on and off randomly, GET YOUR SHIT TOGETHER!!","@758298 We can help with that. To clarify, are you referring to iOS 11.1.2? Also, which model iPhone do you have? Lastly, does the phone automatically turn back on after unexpectedly shutting down or do you have to manually power back on?",new update fix bug iphone turn shit,help clarify refer ios model iphone phone turn shut power
AppleSupport,315612,My old iPhone 5s exploded Lool @115858 can you fix it x,@315612 We’re here to help. Let’s team up in DM and we’ll do our best to assist you. https://t.co/GDrqU22YpT,old iphone explode lool fix,help let team dm good assist url
AppleSupport,315611,@AppleSupport fix your iOS 11 I don’t even know what language it is. 😠 https://t.co/ai5nAz1dQS,@315611 We want to help out. Can you tell us which steps you've tried so far? This way we won't have you do any steps over again.,fix know language url,want help tell step try way step
AppleSupport,315611,"@AppleSupport I restarted my phone and now it's not there anymore, it's not the first time it happens. It's updated to the latest version.","@315611 Okay, thanks. Are you in a good coverage location? DM us and we'll go from there. https://t.co/GDrqU22YpT",restart phone time happen update late version,thank good coverage location dm url
AppleSupport,315610,"@AppleSupport I know you value your customers..think about my well-being, I can cut my fingers scrolling on this cracked screen  and die with an infection",@315610 We're here to help. DM us what country or region you're located in. https://t.co/GDrqU22YpT,know value customer think cut finger scroll crack screen die infection,help dm country region locate url
AppleSupport,521939,@AppleSupport can you please fix this “ I️ “ ish,@521939 Here’s what you can do to work around the issue until it’s fixed in a future software update: https://t.co/xXaXeeSRt9,fix i️ ish,work issue fix future software update url
AppleSupport,315609,"@AppleSupport please advise -  my iPhone 6 battery dies after half a day post iOS upgrade, why?? It’s driving me crazy #help #ios11","@315609 Thanks for reaching out. What's the exact iOS running when this occurs? Also, let us know when you updated, we'd like to help.",advise iphone battery die day post upgrade drive crazy help ios11,thank reach exact ios run occur let know update like help
AppleSupport,758298,"@AppleSupport 11.1.2, 128gig 7 plus, turns off, then turns right back on.",@758298 Send a DM and we can look into this. https://t.co/GDrqU22YpT,turn turn,send dm look url
AppleSupport,315608,"@AppleSupport Open the phone app, go to recent contacts, pick one and open the i icon. The first time you click on messages it does not work. Systematic.",@315608 Let's continue to look into this together via DM: https://t.co/GDrqU22YpT,open phone app recent contact pick open icon time click message work systematic,let continue look dm url
AppleSupport,355520,@AppleSupport Issue started as soon as the IOS 11 update came out. Even though I have done the bug updates it has yet to change. Happens periodically.,"@355520 Does this happen after using a specific app, or a gesture?",issue start ios update come bug update change happen,happen specific app gesture
AppleSupport,758297,"@115858 @AppleSupport i am having difficulties with my assistive touch... when i click on it.. it takes a fraction of second before popping up the menu.. earlier (in ios 10) it was very quick and responsive... please Help!!
Using iPhoneSE with iOS 11.1.2.","@758297 We're here to help. Send us a DM, and we'll take a closer look at this issue together there. https://t.co/GDrqU22YpT",have difficulty assistive touch click take fraction second pop menu io quick responsive help ios,help send dm close look issue url
AppleSupport,521940,Okay @115858 please fix this stupid “*I️” problem that I️ keep having,@521940 Here’s what you can do to work around the issue until it’s fixed in a future software update: https://t.co/xXaXeeSRt9,fix stupid * i️ problem i️ have,work issue fix future software update url
AppleSupport,521941,Yo @115858 @AppleSupport your new IOS is a POS. Have had noting but issues since IOS 11 dropped. #DumpsterFire,"@521941 What sort of issues are you running into? Let us know in DM, and we'll get started on resolving them. https://t.co/GDrqU22YpT",yo new ios pos note issue ios drop dumpsterfire,sort issue run let know dm start resolve url
AppleSupport,655556,"+20 dias sem wpp! Obrigada, @AppleSupport https://t.co/RMPbQFWQ1o","@655556 Since our Twitter support is available in English, get help at https://t.co/IBIY3vMgPj or join https://t.co/pvaOFfPbjt",+20 dia sem wpp obrigada url,twitter support available english help url join url
AppleSupport,315608,@AppleSupport constant problem since iOS 11. Still not fixed in 11.0.3 https://t.co/5PJWSpeo4v,@315608 We'd like to help look into this together. Please reach out to us in DM &amp; tell us more about what's going on. https://t.co/GDrqU22YpT,constant problem fix url,like help look reach dm amp tell go url
AppleSupport,521938,@AppleSupport CMON. FIX THAT GLITCH. I️ didn’t type box with a ? 😡 https://t.co/YcQH6aUqKR,@521938 Here’s what you can do to work around the issue until it’s fixed in a future software update: https://t.co/qODbOsp4wz,cmon fix glitch i️ type box 😡 url,work issue fix future software update url
AppleSupport,758300,@AppleSupport Hi! My device is an iPhone 8 Plus and I’m using iOS 11.1.2.,@758300 Have you also tried a restart? Please let us know in DM here: https://t.co/GDrqU22YpT,device iphone ios 11.1.2,try restart let know dm url
AppleSupport,440630,@115858 can you help us all out and fix the I️ problem? I️ I️ I️ I️,@440630 Here’s what you can do to work around the issue until it’s fixed in a future software update: https://t.co/xXaXeeSRt9,help fix i️ problem i️ i️,work issue fix future software update url
AppleSupport,629340,@115858 Puhleez get letter “i” issue together. It’s getting ridiculous at this point.,@629340 Here’s what you can do to work around the issue until it’s fixed in a future software update: https://t.co/xXaXeeSRt9,puhleez letter issue get ridiculous point,work issue fix future software update url
AppleSupport,629341,Wtf @115858 you need to fix this “I️“problem,@629341 Here’s what you can do to work around the issue until it’s fixed in a future software update: https://t.co/xU1AGHStV6,wtf need fix,work issue fix future software update url
AppleSupport,447359,none of my apps wont update @115858 you’re ugly idc https://t.co/LhzYSQUVff,@447359 We'd love to help out. Could you tell us what iOS version you're on and if you're getting any error messages?,app update ugly idc url,love help tell ios version get error message
AppleSupport,629342,@AppleSupport 1.54gb of messages gone just like that but they're still taking up the memory on my phone?? looooool ok den https://t.co/hlal0famyL,"@629342 Let's take a look together!  To begin, DM us what iOS version you're currently on and whether you have a backup of your data. https://t.co/GDrqU22YpT",gb message go take memory phone looooool den url,let look begin dm ios version backup datum url
AppleSupport,629343,@AppleSupport - Had a issue on iwatch 3 reported to apple at Sydney store an month back. Still no response.. more details can be provided,"@629343 We’d love to help with your Apple Watch. To start, please send us a DM with more details. https://t.co/GDrqU22YpT",issue iwatch report apple sydney store month response detail provide,love help apple watch start send dm detail url
AppleSupport,521929,@AppleSupport please fix the bug with the letter I being changed to A ?,@521929 Here’s what you can do to work around the issue until it’s fixed in a future software update: https://t.co/xXaXeeSRt9,fix bug letter change,work issue fix future software update url
AppleSupport,521930,How did all my deleted photos end up in my phone @AppleSupport?,@521930 Let's look into this photo issue for you. Send us a DM with more details to get started. https://t.co/GDrqU22YpT,delete photo end phone,let look photo issue send dm detail start url
AppleSupport,521931,@115858 fix this stupid glitch pls,@521931 We're here to help. DM us and tell us what issue you're currently having. https://t.co/GDrqU22YpT,fix stupid glitch pls,help dm tell issue have url
AppleSupport,521932,@AppleSupport @366846 THANK YOU!!!,@521932 You're very welcome.,thank,welcome
AppleSupport,366846,@AppleSupport when you gonna fix this annoyance? I️,@366846 Here’s what you can do to work around the issue until it’s fixed in a future software update: https://t.co/qODbOsp4wz,go fix annoyance,work issue fix future software update url
AppleSupport,224493,@AppleSupport is this 6am EST or my local time? Screen shot taken from the Apple store app (Canadian version) https://t.co/pMjOpCI8Nv,"@224493 We'd be glad to help! Please send us a DM, and we'll continue there. https://t.co/GDrqU22YpT",est local time screen shoot take apple store app canadian version url,glad help send dm continue url
AppleSupport,521933,I️ this shit is annoying af. @115858 when are y’all doing another update?,@521933 Here’s what you can do to work around the issue until it’s fixed in a future software update: https://t.co/qODbOsp4wz,i️ shit annoying update,work issue fix future software update url
AppleSupport,521934,@AppleSupport It’s the same software glitch everyone’s having where we cant type I️ without a question mark box,@521934 Here’s what you can do to work around the issue until it’s fixed in a future software update: https://t.co/xXaXeeSRt9,software glitch have type i️ question mark box,work issue fix future software update url
AppleSupport,521934,Yo @115858 can you get your shit together and fix this awful software glitch?,@521934 What's going on with your device? We'd like to help out. DM us details and which model you have: https://t.co/GDrqU22YpT,yo shit fix awful software glitch,go device like help dm detail model url
AppleSupport,521686,@521935 @115858 I️ did this ! And updated to iOS 11. I’m just going back to galaxy 🤣,"@521686 Let us check that out with you. Send us a DM, we'll continue on from there. https://t.co/GDrqU22YpT",i️ update go galaxy 🤣,let check send dm continue url
AppleSupport,521936,"Is it crazy how my mind has already adapted so that when my eyes see I️ , my brain knows what it is lol

@115858 fix this!",@521936 Here’s what you can do to work around the issue until it’s fixed in a future software update: https://t.co/xXaXeeSRt9,crazy mind adapt eye i️ brain know lol fix,work issue fix future software update url
AppleSupport,521937,"This new iPhone glitch is annoying as hell @115858 pls fix.
Sincerely, an iPhone 6 user",@521937 We'd like to help! What's going on with your iPhone 6? Let us know in DM. https://t.co/GDrqU22YpT,new iphone glitch annoying hell fix iphone user,like help go iphone let know dm url
AppleSupport,521943,Omg @115858 FIX THE DAMN “eye” button,@521943 Here’s what you can do to work around the issue until it’s fixed in a future software update: https://t.co/qODbOsp4wz,omg fix damn eye button,work issue fix future software update url
AppleSupport,629340,@AppleSupport Thank you. I’ve tried and it does not work.,"@629340 Got it. We still want to help you. DM us, and we'll look into this deeper. https://t.co/GDrqU22YpT",thank try work,got want help dm look deep url
AppleSupport,484275,Fix this auto correct @AppleSupport 😒 I️,"@484275 We can fix that. Check out this article, it should do the trick: https://t.co/xU1AGHStV6",fix auto correct 😒 i️,fix check article trick url
AppleSupport,655556,"@AppleSupport You are curled up in every language. help me out! 20 days without whatsapp sucks, kisses kk 😒","@655556 What specific issues are you experiencing with Whatsapp? Which device, and iOS version are you using?",curl language help day whatsapp suck kiss kk 😒,specific issue experience whatsapp device version
AppleSupport,521945,"@115858 , y’all need to get it together with the autocorrect for “ I “ ... I’m tired of seeing this I️ crap , it’s mad annoying ! 😤",@521945 Here’s what you can do to work around the issue until it’s fixed in a future software update: https://t.co/qODbOsp4wz,need autocorrect tired see i️ crap mad annoying,work issue fix future software update url
AppleSupport,355519,Every time I update to a new iOS my iPhone gets suckier and suckier. Tired of this. @AppleSupport,@355519 This is not what we like to hear. Can you provide us which iPhone and iOS you're currently using? https://t.co/ZTw54HL4Rm,time update new ios iphone get sucki suckier tired,like hear provide iphone url
AppleSupport,355519,"@AppleSupport With every iOS update, especially when new phones are released, the phone degrades. Battery life, glitchy, slow. This isn’t unique to me.","@355519 Okay, Let's look into this together in DM here: https://t.co/GDrqU22YpT",ios update new phone release phone degrade battery life glitchy slow unique,let look dm url
AppleSupport,355519,"@AppleSupport 6S, 11.0.3",@355519 Thanks for providing that for us. Can you provide us details of what you're experiencing with your device?,6s,thank provide provide detail experience device
AppleSupport,502689,@115858 FIX THIS 🤬😡🤯 https://t.co/zAxEfSqmcZ,@502689 Here’s what you can do to work around the issue until it’s fixed in a future software update: https://t.co/xXaXeeSRt9,fix 🤬 😡 🤯 url,work issue fix future software update url
AppleSupport,502690,My home button worked JUST fine before my phone died.... 🙄 @AppleSupport wtf,"@502690 We want to help you. DM us, and let us know what's going on. We can look into this. https://t.co/GDrqU22YpT",home button work phone die 🙄 wtf,want help dm let know go look url
AppleSupport,802213,"@AppleSupport Newest update, with no new notification, shuts off randomly for no reason especially at night, woke up at 7:30 with an 8AM alarm and it was on so I went back to sleep for the remaining 30 minutes and then it never went off because the phone turned off. I demand a replacement ASAP",@802213 Let's move to DM for a closer look. What country are you located in? https://t.co/GDrqU22YpT,new update new notification shut reason night wake 8am alarm go sleep remain minute go phone turn demand replacement,let dm close look country locate url
AppleSupport,365998,"@115858 @AppleSupport I didn’t think my battery life could get worse after the last few updates, but 11.1 continues the trend. #FixIt #ios11 https://t.co/8SUQSVRGTZ",@365998 We'd be glad to check into your battery usage with you. Send us a DM letting us know which iPhone you're using: https://t.co/GDrqU22YpT,think battery life bad update continue trend fixit ios11 url,glad check battery usage send dm let know iphone url
AppleSupport,497377,"@AppleSupport getting this again and again but when i check updates nothing is there . 
Btw i am on public beta 11.2 iphone 5s https://t.co/ZJHQmn6wRv",@497377 Thanks for reaching out. This is simply telling you that there is an update to the public version of iOS.,get check update btw public beta iphone url,thank reach tell update public version ios
AppleSupport,497378,"@AppleSupport I plugged my phone into the aux, and when I use the finger scanner it makes this noise? what is this. https://t.co/eaA783Qn1n",@497378 Which iPhone and iOS version are you using? Check Settings &gt; General &gt; About and let us know in DM. https://t.co/GDrqU22YpT,plug phone aux use finger scanner make noise url,iphone version check settings gt general gt let know dm url
AppleSupport,497379,@AppleSupport just got an iPhone X. Now whenever I dictate a reply using CarPlay it sends the message to the wrong person! So awkward.,@497379 Hi! Is it hearing the wrong name? Or showing the correct name and sending it to the wrong person? Give us some more details in DM,get iphone x. dictate reply carplay send message wrong person,hear wrong show correct send wrong person detail dm
AppleSupport,502693,@AppleSupport Thank you! I hope this works. That was a test sentence.,"@502693 That's fabulous news!  If you ever need other help, we're here every day from 5am-8pm Pacific time. Thanks!",thank hope work test sentence,fabulous news need help day pacific time thank
AppleSupport,502693,"Wtf is this autocorrect sh*t, @115858. This is why I wait about 7 extra weeks before updating my iOS system. I️ can’t use “I” anymore?",@502693 Thanks for reaching out. We have a workaround for this here: https://t.co/xXaXeeSRt9 DM us if you still need help.,wtf autocorrect sh*t wait extra week update ios system i️ use,thank reach workaround url dm need help
AppleSupport,502694,@AppleSupport Didn’t work. Fix the issue,@502694 Let's take a further look into this issue. Send us a DM and we'll get started. https://t.co/GDrqU22YpT,work fix issue,let look issue send dm start url
AppleSupport,502694,This capital I️ shit is so fuckin annoying @115858 get your shit together,@502694 Here’s what you can do to work around the issue until it’s fixed in a future software update: https://t.co/xXaXeeSRt9,capital i️ shit fuckin annoying shit,work issue fix future software update url
AppleSupport,502692,.@AppleSupport why does my phone all of a sudden now autocorrect capital “I” to ... https://t.co/gwXtu7YFTE,@502692 Here’s what you can do to work around the issue until it’s fixed in a future software update: https://t.co/xXaXeeSRt9 https://t.co/GDrqU22YpT,phone sudden autocorrect capital url,work issue fix future software update url url
AppleSupport,569775,@AppleSupport any reason for this dears? Pls help? https://t.co/3p39fKa2wx,@569775 We'd love to lend a hand!  Which iOS version is on your iPhone and when did this issue begin?,reason dear help url,love lend hand version iphone issue begin
AppleSupport,149315,"@AppleSupport Dear Apple, my iPhone’s screen suddenly and quite randomly turned pink/green. It has never fell/dropped or be exposed to any liquid/water. How can I fix this very inconvenient problem?","@149315 Let's check this out together. Which iPhone are you experiencing this problem with? Also, what events led up to this happening?",dear apple iphone screen turn pink green fall drop expose liquid water fix inconvenient problem,let check iphone experience problem event lead happening
AppleSupport,149315,"@AppleSupport I have an iPhone 6, and no specific event has led to this as my screen was completely normal while I was using it until it randomly ‘malfunctioned’ into green-pink shade. I‘m confused and I need help",@149315 Thanks for this information. Send us a DM and let us know which country you're in and we'll work from there: https://t.co/GDrqU22YpT,iphone specific event lead screen normal malfunction green pink shade i‘m confused need help,thank information send dm let know country work url
AppleSupport,123959,"@AppleSupport my iPhone is telling me to update my software but when I click on it, it says the newest software is already installed. But still telling me to update. Any advice?",@123959 Let's have a look at this together. Can you DM us and tell us which iOS version you are currently on? https://t.co/GDrqU22YpT,iphone tell update software click say new software instal tell update advice,let look dm tell ios version url
AppleSupport,758296,"@AppleSupport Hi, is there anything I need to do with my iPhone before trading it for a new phone? like restoring the phone, etc?",@758296 There certainly is. The following article will go over all the steps to take before tradining in your device for a new one: https://t.co/fd32fNtWuZ,need iphone trade new phone restore phone,follow article step tradining device new url
AppleSupport,758296,"@AppleSupport Alright, thank you so much!",@758296 You're welcome!,thank,welcome
AppleSupport,176292,"So @AppleSupport, what will it take to get @35767's Johnny Dangerously on @118721? Please?",@176292 You can leave request for a movie you'd like to see on iTunes here: https://t.co/vcSzj5tstI,johnny,leave request movie like itunes url
AppleSupport,129596,@AppleSupport i go from 100% on low power saving mode to 50% in 32 minutes! I timed it.,@129596 We'd be happy to look into this with you. Send us a DM and we can start there. https://t.co/GDrqU22YpT,% low power saving mode % minute time,happy look send dm start url
AppleSupport,655556,"@AppleSupport first they said it was 72 hours. It's already 72 hours and they only increase the deadline. It's hard, honey.",@655556 We understand and take your security very seriously for unlocks. It sounds like you're working with someone on this already?,say hour hour increase deadline hard honey,understand security unlock sound work
AppleSupport,758295,Can @115858 update their shit so “eye” can write the letter I️ without it coming up with a box...,@758295 We'd be glad to be of assistance. We have addressed this issue in our recent iOS update: https://t.co/uQeXsrrlXJ,update shit eye write letter i️ come box,glad assistance address issue recent ios update url
AppleSupport,758295,"@AppleSupport my iPhone is currently running iOS 11.2, and there is no available software updates",@758295 Let's take a further look. DM us and let us know if you are on the public or developer version. https://t.co/GDrqU22YpT,iphone run available software update,let look dm let know public developer version url
AppleSupport,758294,"@AppleSupport can you Please help me? Already tried to restart several times, but it won’t work.. can do anything right now https://t.co/CTKIHv15zs","@758294 We'll be happy to do all we can to get macOS High Sierra installed for you. You mentioned you can't do anything. To clarify, what happens when you boot your computer at the moment? For more on the screens you may see at startup, check out: https://t.co/KKHbRRkCpI",help try restart time work url,happy macos high sierra instal mention clarify happen boot computer moment screen startup check url
AppleSupport,758294,@AppleSupport It’s stuck on the Apple logo screen for like 10/15 minutes. https://t.co/8iNZDq28jl,"@758294 Thanks for that info. If you're stuck on the Apple logo and not making any progress, we'd suggest attempting to boot into recovery mode using the steps here: https://t.co/dwZ2UVMxdg

Once within macOS Recovery, attempt to reinstall macOS here: https://t.co/u5rxH0dYWX",stick apple logo screen minute url,thank info stuck apple logo make progress suggest attempt boot recovery mode step url macos recovery attempt reinstall macos url
AppleSupport,758293,"@AppleSupport  everytime i hook my ipod to my computer it installs an update. This happens at least once a week
 Why??",@758293 Let's look into this for you. What type of update is being installed? Let us know in DM. https://t.co/GDrqU22YpT,everytime hook ipod computer install update happen week,let look type update instal let know dm url
AppleSupport,355520,@AppleSupport whens this glitch going to be fixed? Im tired of restarting my phone to make it go away. https://t.co/JTq24vOpvA,@355520 Using a reliable device is important. We'll do everything we can to help. When did this issue start? Any recent changes?,s glitch go fix m tired restart phone url,reliable device important help issue start recent change
AppleSupport,355520,@AppleSupport Nope no profiles and yea it happens on both.,"@355520 Alright, thanks for checking. Let's continue the conversation in DM. Tell us the exact version of iOS 11 installed there. https://t.co/GDrqU22YpT",profile yea happen,alright thank check let continue conversation dm tell exact version ios instal url
AppleSupport,149313,@AppleSupport Using iPhone 6. Nothing I do fixes the music app crash since iOS 11 update. Cannot use it. Help plse. 😡,@149313 We don't want you to miss out on your favorite music! We can help you. Can you tell us what steps you've taken to resolve this? We don't want to ask you to repeat any steps. Send us a DM and let us know. https://t.co/GDrqU22YpT,iphone fix music app crash update use help 😡,want miss favorite music help tell step take resolve want ask repeat step send dm let know url
AppleSupport,355520,@AppleSupport Nope. Just happens at random.,@355520 Any profiles installed? Learn how to delete it: https://t.co/05TKWsvri2 Does it occur on Wi-Fi and cellular?,nope happen random,profile instal learn delete url occur wi fi cellular
AppleSupport,149314,@AppleSupport I got a $25 iTunes card and only got 17🤬🤬🤬 this is some garbage m8,@149314 Let's get you pointed in the right direction for help with iTunes Gift Card. You can reach out to one of our iTunes Advisors here: https://t.co/SDIe7UiyJN,get itunes card get 🤬 🤬 garbage m8,let point right direction help itunes gift card reach itunes advisor url
AppleSupport,521944,official release of the iphone x and my perfectly good 7S is suddenly malfunctioning. get your shit together @115858 i don't need a new phone,"@521944 We can help you with your iPhone. DM us, and let us know what's going on. We'll try to assist. https://t.co/GDrqU22YpT",official release iphone good 7s malfunction shit need new phone,help iphone dm let know go try assist url
AppleSupport,502695,"@AppleSupport Hi guys, please check your DM.","@502695 Thanks for reaching out. We've received your DM, and we'll continue there.",hi guy check dm,thank reach receive dm continue
AppleSupport,629339,"@AppleSupport upon opening iMessage the app immediately quits to a black screen before returning to the home screen - any idea? I’ve rebooted, quit all apps, etc https://t.co/qM5E7EDV8c",@629339 We'd be happy to assist with your Messages today. Send us a DM to get started. https://t.co/GDrqU22YpT,open imessage app quit black screen return home screen idea reboot quit app url,happy assist message today send dm start url
AppleSupport,629338,@AppleSupport I restarted haven’t gotten the message but I have WiFi turned off,"@629338 Does this only occur while connected to Wi-Fi? Once you connect to Wi-Fi, please check for any app updates.",restart get message wifi turn,occur connect wi fi connect wi fi check app update
AppleSupport,532838,DAMNIT @AppleSupport,@532838 Here’s what you can do to work around the issue until it’s fixed in a future software update: https://t.co/xXaXeeSRt9,damnit,work issue fix future software update url
AppleSupport,329822,@AppleSupport @115858 votre mise à jour 11.0.3 elle rend fou. Mon 6S+ bug comme jamais il a bugger. Pour écrire c’est devenu une horreur,@329822 We offer support via Twitter in English. Contact us for help in your preferred language here: https://t.co/IBIY3vMgPj,votre mise à jour 11.0.3 rend fou mon bug comme jamais il bugger pour écrire c’est devenu une horreur,offer support twitter english contact help preferred language url
AppleSupport,149304,No srsly @115858. None of my social media apps work more the websites. JUST social media tho. This keeps popping up. https://t.co/88DRIEBmZm,"@149304 Thanks for reaching out an including the photo for us! We can definitely look into this further with you. 
Let us know if this helps: https://t.co/fUZ0NRJxcn",social medium app work website social medium tho keep pop url,thank reach include photo look let know help url
AppleSupport,149305,@AppleSupport all my music has been undownloaded and loads of my songs are greyed out and unavailable what is going on ?,"@149305 We want you to be able to enjoy your music, and we'll do our very best to help. 

Which device are you seeing this issue on? Does your music display the same way in iTunes on a computer? Please let us know the answer in DM. https://t.co/GDrqU22YpT",music undownloade load song grey unavailable go,want able enjoy music good help device see issue music display way itunes computer let know answer dm url
AppleSupport,149306,"Dear @115858 @AppleSupport - this is NOT a full battery. Phone died, put on the charger and went from 1% to 100% in 2 minutes...SORT IT OUT(I have done all the battery optimisation stuff already AND a full restore) 11.1.2 is SHITE... https://t.co/7kVeLAKAQR","@149306 We know battery life is important on your iPhone, and we'll be happy to see how we can help. Send us a DM with the country you're currently located in, and we'll continue from there. https://t.co/GDrqU22YpT",dear battery phone die charger go % % minute out(i battery optimisation stuff restore shite url,know battery life important iphone happy help send dm country locate continue url
AppleSupport,149307,@AppleSupport Alarms didn’t work 3/5 times this week on version previous version to 11.1.2 (11.1.1??). I just updated today,"@149307 Have you tested things out since updating to iOS 11.1.2? If so, does the issue persist?",alarm work time week version previous version update today,test thing update ios issue persist
AppleSupport,149307,"@AppleSupport As of yet no, as I only updated a few hrs ago. But I did test on the old version (set alarm 5min ahead) and the alarm worked. Overnight, phone on, alarm set and 3/5 mornings I didn’t go off which caused me to be newly late for work.","@149307 Okay, since the issue hasn't come up since updating, let's test things out moving forward. If issues come back, let us know and we'll go from there.",update hrs test old version set alarm 5min alarm work phone alarm set morning cause late work,issue come update let test thing move issue come let know
AppleSupport,759518,@AppleSupport Then why my keypad is still doing it,"@759518 Are you seeing this on messages that you type or on messages sent by others? If it's on messages sent by others, it just means they have not done the update yet. If it's on messages you type, join us in DM. https://t.co/GDrqU22YpT",keypad,see message type message send message send mean update message type join dm url
AppleSupport,329822,@AppleSupport The phone put it automatically because my phone was charging between 2 and 4am,@329822 We want to help you out. DM us what kind of iPhone you are having these issues with and we'll continue from there. https://t.co/GDrqU22YpT,phone phone charge,want help dm kind iphone have issue continue url
AppleSupport,759518,@AppleSupport @2531 @AppleSupport what is going on with my keyboard why can’t the word “I️” spell out???? Remove your bug please,@759518 We recently released an iOS update that contains a fix for autocorrect issues. Let’s be sure to back up your device prior to updating. How to back up: https://t.co/4f8hwT5to6,go keyboard word i️ spell remove bug,release ios update contain fix autocorrect issue let sure device update url
AppleSupport,161538,WHY DONT APPLE ALARMS WORK!? @AppleSupport,"@161538 Being late is never fun, so let's look into this together. Could you join us in DM with more info? https://t.co/GDrqU22YpT",dont apple alarms work,fun let look join dm info url
AppleSupport,758311,So @115858 is the most profitable and innovative company in the world and can’t figure out how to fix a fucking “I️”?,"@758311 The autocorrect issue was resolved with the iOS 11.1.1 update. If you haven't already, backup your iOS device, update, and see if that helps. 

Backup and update iOS: https://t.co/ahjigcvFRG",profitable innovative company world figure fix fucking i️,autocorrect issue resolve ios update backup ios device update help backup update url
AppleSupport,218778,@AppleSupport where are the cellular indicators? https://t.co/idlsSTyeAb,@218778 Let's meet up in DM and work together. We're here to help. https://t.co/GDrqU22YpT,cellular indicator url,let meet dm work help url
AppleSupport,320387,@115858 my phone should not be doing this under any circumstances. Are you to replace this? This happened again whilst I was driving and using the sat nav - how dangerous as I was driving unfamiliar routes ! https://t.co/cLhuG89eAd,"@320387 We're happy to look into this with you and appreciate the video you've provided. To clarify, are you only seeing this occur within the map app shown or does it happen in other areas of your iPhone? Also, which iOS version is installed and what iPhone is this?",phone circumstance replace happen drive sat nav dangerous drive unfamiliar route url,happy look appreciate video provide clarify see occur map app show happen area iphone ios version instal iphone
AppleSupport,320387,"@AppleSupport No, it happens when I use Spotify and other apps too! When I am just listening to music and using maps it went on the calculator and started inputting numbers by itself! Latest update installed, iPhone 7 it’s happened with every update and a month after purchase in August.",@320387 We appreciate that info. Let us know in DM if this happens when the case is removed from your iPhone. We'll continue from there. https://t.co/GDrqU22YpT,happen use spotify app listen music map go calculator start inputte number late update instal iphone happen update month purchase august,appreciate info let know dm happen case remove iphone continue url
AppleSupport,758310,"@115858 HEY APPLE. FIX THE THING WHERE WHENEVER SOMEBODY TYPES THE LETTER ""i"" or ""I"" IT TURNS INTO ""A ?""","@758310 An update has been released to assist with this issue. If you haven’t yet, please back up your device and update it. For more info, check out: https://t.co/4f8hwT5to6",hey apple fix thing type letter turn,update release assist issue device update info check url
AppleSupport,758309,"Was supposed to receive a call from @AppleSupport a few minutes ago, nothing...&amp; trying to connect w them from app says ""There's a problem connecting to Apple Support"". 😱",@758309 We can help. Send us a DM with the details of the issue you're experiencing. We can also check on the status of your callback with you. https://t.co/GDrqU22YpT,suppose receive minute &amp try connect app say problem connect apple support 😱,help send dm detail issue experience check status callback url
AppleSupport,763295,"@AppleSupport I tried to do this, but as you see there is no cancel option, only renewing. How do I cancel this? https://t.co/PnAU9kNhsG","@763295 If you are using those steps and that subscription won't cancel, you may want to reach our iTunes Store team to check on this. You can reach them here to get started:  https://t.co/SDIe7UiyJN",try cancel option renew cancel url,step subscription cancel want reach itunes store team check reach start url
AppleSupport,759519,"Hey @115858, where are all my MP3s and WAVs I buy off @14664? Updated iTunes and they are all gone. Thanks for pissing me off.","@759519 While you may have to reach out to Beatport, we'd like to help any way we can over Twitter. Do you recall doing anything on your device right before you noticed those songs missing?

Which device model do you have and which OS version is installed in it?",mp3s wav buy update itunes go thank piss,reach beatport like help way twitter recall device notice song miss device model os version instal
AppleSupport,329821,No custom ringtones (even those from iTunes) work with the new iOS update. Do @115858 want everyone's phone to sound the same @AppleSupport?,@329821 We're here to help. Can you please contact us in DM? https://t.co/GDrqU22YpT,custom ringtone itunes work new ios update want phone sound,help contact dm url
AppleSupport,329820,@AppleSupport Brightness down the the bottom but 1 hour after my phones at 1% where as before it was at 72% any ideas? Going to be upgrading to a 7 soon,"@329820 We're glad you're here, we'll look into it together. Which iOS version is isntalled? That's in Settings &gt; General &gt; About.",brightnes hour phone % % idea go upgrade,glad look version isntalle settings gt general gt
AppleSupport,329820,@AppleSupport I’m on IOS 11.0.3 I’ve had the issue before in IOS 10 too,"@329820 That's good to know, thank you. Let's meet up in DM and dig into the issue. https://t.co/GDrqU22YpT",ios issue ios,good know thank let meet dm dig issue url
AppleSupport,329814,@AppleSupport Seems my battery DIES twice as fast now that this new UPDATE cane out !! And the wireless keeps turning it self On! 😡,"@329814 Let's help get this resolved. To better assist, what device and version of OS are you using?",battery die new update cane wireless keep turn self 😡,let help resolve well assist device version os
AppleSupport,321939,@AppleSupport Yes i brought a new cord n i do charge it from battery back up some time,@321939 Are you having any other issues with things like apps freezing or the device restarting? Are you on iOS 11.0.3? Let us know in DM. https://t.co/GDrqU22YpT,bring new cord charge battery time,have issue thing app freeze device restart ios let know dm url
AppleSupport,321939,@AppleSupport Yes i’m on same ios. Thing is my phone is getting hanged like anything and its not getting charged after the update!!,@321939 Thank you for keeping us updated. Could you DM us and we can continue from there? https://t.co/GDrqU22YpT,io thing phone get hang get charge update,thank keep update dm continue url
AppleSupport,629334,@AppleSupport has the screenshot editing feature included in iOS 11 been taken away from iOS 11.1?,"@629334 We can help you. DM us, and we'll look into screenshots. https://t.co/GDrqU22YpT",screenshot editing feature include ios take,help dm look screenshot url
AppleSupport,321939,@AppleSupport Yes exactly i tried 3-4 times but didnt worked,@321939 Have you tried more than one cord?  Are you charging via an outlet or plugged into a computer?,try time work,try cord charge outlet plug computer
AppleSupport,517194,@AppleSupport can someone DM me please I have a question about the iPhone finance,@517194 We want you to reach out to the best resource to have this handled. You can reach our Online Store team here: https://t.co/8yjRd1Xo0i,dm question iphone finance,want reach good resource handle reach online store team url
AppleSupport,329816,"@AppleSupport okay so i did that, and it’s still not in my library. what’s going on?",@329816 Did the song appear in your purchase history? Let's move to DM for a closer look. https://t.co/GDrqU22YpT,library go,song appear purchase history let dm close look url
AppleSupport,329816,@AppleSupport i don’t have enough money to buy this again,@329816 We can help. Use this link to locate and download previous purchases :https://t.co/I39AyMJNgb,money buy,help use link locate download previous purchase url
AppleSupport,329817,@AppleSupport No no damage and it’s only 8 months old,"@329817 Great, thanks! To confirm, does the device continue to vibrate after powering it off?",damage month old,great thank confirm device continue vibrate power
AppleSupport,329817,@AppleSupport Yes it still continues to vibrate when it’s been powered off and when it’s been restarted,@329817 Thanks! Do you have a current backup of your iPhone? Reach out to us in DM to let us know. We'll get this resolved. https://t.co/GDrqU22YpT,continue vibrate power restart,thank current backup iphone reach dm let know resolve url
AppleSupport,329817,"@AppleSupport I have an iPhone SE &amp; it won’t stop vibrating. I’ve tried restarting, turning it off etc, but it is still constantly vibrating",@329817 Thanks for reaching out. Let's work to get that vibrating resolved. Do you currently have any damage to the device?,iphone se amp stop vibrate try restart turn vibrate,thank reach let work vibrating resolve damage device
AppleSupport,329818,@AppleSupport Tried it after 11.0.2 (I noticed it on move from 10 to 11.0.1) but will try again,"@329818 If you haven't updated to iOS 11.0.3, please create a backup and update the iPhone. Here's how: https://t.co/ahjigcvFRG",try notice try,update ios create backup update iphone url
AppleSupport,329818,@AppleSupport Already on 11.0.3 on iPhone SE,@329818 We'd like to look into this further with you. Please go ahead and DM us using the link below. https://t.co/GDrqU22YpT,iphone se,like look dm link url
AppleSupport,329818,Anyone else having problems with messages on iOS11? Keep getting a thing where keyboard obscures last 2 or 3 messages. Sigh @AppleSupport,@329818 We'd love to help you out with this. Have you tried powering off and restarting your iPhone? https://t.co/n9BF3L9h6y,have problem message ios11 get thing keyboard obscure message sigh,love help try power restart iphone url
AppleSupport,329819,Hello @AppleSupport the bug that #iMessage did not show Messages on #Macbook is a pain in the ass! Fix it! immediately! #apple #macOS,"@329819 We expect this to work for you, and want to help. Has this worked as expected for you in the past? If so, when did it stop?",bug imessage message macbook pain ass fix apple macos,expect work want help work expect past stop
AppleSupport,149304,@AppleSupport App or website. Even when I used Google chrome. It's the phone,@149304 Does this happen when using both Wi-Fi and cellular data?,app website google chrome phone,happen wi fi cellular datum
AppleSupport,521920,@115858 I️ don’t know why I️ even bother I️ am so fed up and I️ hope I️ made it clear I️ am pissed,@521920 Here’s what you can do to work around the issue until it’s fixed in a future software update: https://t.co/xXaXeeSRt9,i️ know i️ bother i️ feed i️ hope i️ clear i️ piss,work issue fix future software update url
AppleSupport,149304,@AppleSupport Yes  today when I went to Apple for help everything worked once connected to the Apple store WiFi and as soon as I left it started acting stupid again,@149304 Let's take a deeper look into this to determine the issue. Send us a DM with your iPhone model and iOS version from Settings &gt; General &gt; About. https://t.co/GDrqU22YpT,today go apple help work connect apple store wifi leave start act stupid,let deep look determine issue send dm iphone model version settings gt general gt url
AppleSupport,763295,@AppleSupport I did not renew my Freedome VPN subscription but App Store keeps charging me the old price every month (and VPN of course don't work). I have tried to cancel it many times. This is robbery. What to do?,"@763295 We want to help you with this today. Let's start by using our article at https://t.co/YKDbvueXrq to confirm that this is a subscription being billed through Apple, and cancel it there if applicable. Let us know if that helps.",renew freedome vpn subscription app store keep charge old price month vpn course work try cancel time robbery,want help today let start article url confirm subscription bill apple cancel applicable let know help
AppleSupport,629338,@AppleSupport keep getting this message don’t know what it’s trying to purchase https://t.co/8DbcDfjoAi,@629338 We're always happy to lend a hand. Has this been happening since you got your iPhone X? Is iOS 11.1 installed?,get message know try purchase url,happy lend hand happen get iphone x ? instal
AppleSupport,551268,The new @115858 iPhone update killed my otherwise excellent battery. Sad! @AppleSupport,@551268 We'd love to help.  Can you send us over a DM with your iPhone model and iOS version?  We'll go from there. https://t.co/GDrqU22YpT,new iphone update kill excellent battery sad,love help send dm iphone model version url
AppleSupport,521919,this new iphone update is KILLING ME I’ve never had a phone this slow. Makes me miss my brick phone. @115858,@521919 Send us a DM detailing what's specifically being slow on your device. We'll help you from there.,new iphone update kill phone slow make miss brick phone,send dm detail slow device help
AppleSupport,802211,@AppleSupport  how do I get my iPhone seven repaired or replaces its under warranty and its not been working how do I get in touch with you,@802211 We'd be happy to look in to your options with you. Please DM us a bit more about what's happening with your iPhone 7. https://t.co/GDrqU22YpT,iphone repair replace warranty work touch,happy look option dm bit happen iphone url
AppleSupport,802212,Hey @115858 fix this I️ glitch thing you rat bastards,"@802212 We recently released an update to address this issue. Please create a backup, and update your iPhone as explained here: https://t.co/8xihd9VRBM",fix i️ glitch thing rat bastard,release update address issue create backup update iphone explain url
AppleSupport,569775,@AppleSupport The lock screen gets blurry and only half the screen. This problem was on and off for approx 4 days. Today i faced a peoblem with the contacts. It was invisible.,@569775 Please send us a DM and we'd be happy to look into this further with you. https://t.co/GDrqU22YpT,lock screen get blurry screen problem approx day today face peoblem contact invisible,send dm happy look url
AppleSupport,569775,"@AppleSupport Latest ios 11.1.2
More than 10 days and some issues from beginning like screen freezing sometimes",@569775 Thanks!  Does it help to restart your iPhone?,late io 11.1.2 day issue begin screen freezing,thank help restart iphone
AppleSupport,149311,"@AppleSupport Gutted. At Southampton store y’day, told there’d no NO B/Friday deals so bought MacBook Air. Today email: wd be £120 gift card",@149311 Thanks for reaching out. Click here to join us in DM. We'll continue there: https://t.co/GDrqU22YpT,gutted southampton store y’day tell b friday deal buy macbook air today email wd gift card,thank reach click join dm continue url
AppleSupport,149312,"@AppleSupport I'm considering getting my daughter an iPod touch for Xmas. I was wondering about parental controls in regards to iMessage. Is there a way to restrict her messaging to pre approved contacts only, in the parental control settings for iMessage?","@149312 We understand how important it is to be able to monitor your child's online activities. With Restrictions, access to apps and features can be limited. However, the behavior of an app cannot. You can see https://t.co/eiyAtwvrU1 for more details.",consider get daughter ipod touch xmas wonder parental control regard imessage way restrict message pre approve contact parental control setting imessage,understand important able monitor child online activity restriction access app feature limit behavior app url detail
AppleSupport,127615,@AppleSupport I will try again: I I I,@127615 Feel free to DM us if you continue to have issues. https://t.co/GDrqU22YpT,try,feel free dm continue issue url
AppleSupport,149310,@AppleSupport - Hi! Is there any way to determine WHICH phone # initiated a group text? All I’m able to find is a list of phone #s incl in the group. I know who the person is &amp; want to save the # to contacts but don’t want to mass text group to ask which number is this person’s.,@149310 We'd like to help. Let us know which device and OS you're using via DM. We'll go from there. https://t.co/GDrqU22YpT,hi way determine phone # initiate group text able find list phone incl group know person amp want save # contact want mass text group ask number person,like help let know device os dm url
AppleSupport,127615,"@AppleSupport why can I️ not type the letter “I️” now? (In case my phone puts characters instead, it’s the letter “eye”",@127615 Here’s what you can do to work around the issue until it’s fixed in a future software update: https://t.co/evcqP6KgPj,i️ type letter i️ case phone put character letter eye,work issue fix future software update url
AppleSupport,629336,@115858 thank u for ruining my iPhone with ur shit update.,@629336 We want to help. DM us details of the issues you're experiencing. We'll be happy to work on towards resolving them with you. https://t.co/GDrqU22YpT,thank ruin iphone ur shit update,want help dm detail issue experience happy work resolve url
AppleSupport,629337,@AppleSupport I think you guys have a scammer. Warn other people. 👌🏻 https://t.co/MNNa3mS4x1,@629337 Please report this phishing message using the info here: https://t.co/6Ye6EtSytB,think guy scammer warn people 🏻 url,report phishe message info url
AppleSupport,758301,@AppleSupport This is the charger. Not sure if that would be the issue? It’s plugged into an iPad charger. https://t.co/FbH9uXFq2m,@758301 Thanks for providing this information. Join us in DM and let us know if you have another iPhone that supports wireless charging or if this is the only device: https://t.co/GDrqU22YpT,charger sure issue plug ipad charger url,thank provide information join dm let know iphone support wireless charging device url
AppleSupport,758301,@AppleSupport Correct: no increase in percentage,"@758301 How long has the iPhone been charging? Also, how long have you noticed this happening?",correct increase percentage,iphone charge notice happening
AppleSupport,758300,"Hey @116333, I think there is a bug on the @118936. When I tap in “Copy link” and then paste the text, there is a space missing between the name of the App and the URL. This makes it impossible to click when sharing. @AppleSupport @138069 @639783 https://t.co/au1jb8N9Jh","@758300 Let's take a closer look together. Which device model do you have and what's the exact iOS version number installed on it?

Tried a restart? Here's a link with those steps: https://t.co/OWRDHWSt4h

Please keep us posted on both details in DM here: https://t.co/GDrqU22YpT",think bug tap copy link paste text space miss app url make impossible click share url,let close look device model exact version number instal try restart link step url post detail dm url
AppleSupport,629338,@AppleSupport It’s my iPhone X test it’s on 11.1. Only started happening today &amp; only when it’s connected to WiFi,@629338 Any steps tried since this started? Any issues browsing in Safari and do you have this same issue using cellular?,iphone x test start happen today amp connect wifi,step try start issue browse safari issue cellular
AppleSupport,629338,@AppleSupport No don’t have the issue on LTE. Haven’t tried anything because I have no idea what it’s trying to purchase,"@629338 Do you currently have any updates for apps downloading? If you restart the iPhone, do you still get that message on Wi-Fi?",issue lte try idea try purchase,update app download restart iphone message wi fi
AppleSupport,629335,I️ LOST THE FUCKING DONGLE TO ATTACH MY HEADPHONES TO MY PHONE WITHOUT A HEADPHONE JACK SO IM NEVER LISTENING TO MUSIC WHILE I️ WORK OUT AGAIN THANKS @115858,@629335 We're here to help. You can purchase an adapter from our Apple Store or here: https://t.co/i1UvwNbTE3,i️ lose fucking dongle attach headphones phone headphone jack im listen music i️ work thank,help purchase adapter apple store url
AppleSupport,149309,"Disappointing service from @115858. Covent Garden “genius” - rude, patronising and unhelpful. My location and WiFi can still not be found!",@149309 Hi there. We'd like to look into this. DM us and tell us a bit more about what happened and we'll go from there. https://t.co/GDrqU22YpT,disappointing service covent garden genius rude patronising unhelpful location wifi find,like look dm tell bit happen url
AppleSupport,368917,"@AppleSupport when are you going to fix the power problem, touch delay, Bluetooth coming on when wifi turned on 11.3-Android is calling me",@368917 We'd love to help! Send us a DM so we can look into it together: https://t.co/GDrqU22YpT,go fix power problem touch delay bluetooth come wifi turn android call,love help send dm look url
AppleSupport,521921,Hey @AppleSupport. Fix this stupid I️ issue. We all know you want us to upgrade to the new phone but shaming us won’t work.,@521921 Here’s what you can do to work around the issue until it’s fixed in a future software update: https://t.co/xXaXeeSRt9,fix stupid i️ issue know want upgrade new phone sham work,work issue fix future software update url
AppleSupport,521922,@115858 I’m tired of seeing these stupid ass question marks,@521922 Here’s what you can do to work around the issue until it’s fixed in a future software update: https://t.co/xXaXeeSRt9,tired see stupid ass question mark,work issue fix future software update url
AppleSupport,521923,"@521924 WELL @AppleSupport NEEDS TO FIX IT !!!!!!! IM DONE WITH IT!! &amp; while they’re at it, can I️ get a new phone?",@521923 Here’s what you can do to work around the issue until it’s fixed in a future software update: https://t.co/qODbOsp4wz,need fix im amp i️ new phone,work issue fix future software update url
AppleSupport,758303,Why is it that when a new Iphone is released or soon to be released my current iPhone starts slowing down or malfunctioning! Hmmm sounds suspicious....@AppleSupport #TeenMomOG,@758303 We'd like to see what's going on with your iPhone. DM us which device you have and the iOS version you have currently installed. We'll start working with you there. https://t.co/GDrqU22YpT,new iphone release release current iphone start slow malfunction hmmm sound suspicious,like go iphone dm device ios version instal start work url
AppleSupport,758307,"@AppleSupport @758303 Yep! I said the exact same thing! Ever since updating to iOS11, my iPhone is stuffing up constantly. Whether it’s messaging, reminders, calls, battery life..its BS! I’m w/you Simon. We shouldn’t be forced to upgrade. It’s not fair &amp; very suspicious. 😒",@758307 We'd like to see what we can do to help. Which iPhone model and exact iOS 11 version are you using? Let us know in DM and we'll work on this. https://t.co/GDrqU22YpT,yep say exact thing update ios11 iphone stuff message reminder call battery life bs w simon force upgrade fair amp suspicious 😒,like help iphone model exact version let know dm work url
AppleSupport,758302,@115858 Your iOS 11 software is so bad it has made my personal iPhone 7 unusable. Tweeting from my iPhone 5s work phone running iOS 9 !! #DoBetter #SwitchingToAndroid,@758302 Let's look into this for you. Send us a DM with more details about what you are experiencing with iOS 11 and we can get started. https://t.co/GDrqU22YpT,software bad personal iphone unusable tweet iphone work phone run ios dobetter switchingtoandroid,let look send dm detail experience start url
AppleSupport,758301,"@AppleSupport seems like my iPhone X isn’t wireless charging, even when it shows the lightning bolt &amp; indicates that it is charging? Help plz?","@758301 We'd be glad to check into what's going on here. To get started, are you not seeing an increase in percentage or what's happening?",iphone x wireless charging show lightning bolt amp indicate charge help plz,glad check go start see increase percentage happen
AppleSupport,574721,"@120640 Had negative experience at your Estero, FL Apple Store.  Where can I file my complaint?","@574721 We'd like to look into this with you. Send us a DM with more details about your experience, and we'll go from there. https://t.co/GDrqU22YpT",negative experience estero fl apple store file complaint,like look send dm detail experience url
AppleSupport,521925,@AppleSupport I️ didnt pay $800 to be seeing I️ . Fix this shit or I’m going back to my Android 😤,@521925 We can help. Please DM us. https://t.co/GDrqU22YpT,i️ pay see i️ fix shit go android,help dm url
AppleSupport,521926,"Dear @115858, please fix this whole I️ (I) thing. It’s getting ridiculous. #apple #autocorrect",@521926 We can help. Please DM us. https://t.co/GDrqU22YpT,dear fix i️ thing get ridiculous apple autocorrect,help dm url
AppleSupport,521927,@AppleSupport when are you going to fix the “i” problem???,@521927 Here’s what you can do to work around the issue until it’s fixed in a future software update: https://t.co/qODbOsp4wz,go fix problem,work issue fix future software update url
AppleSupport,521928,"If your good with iPhones please hmu, mine just committed suicide @AppleSupport @115858","@521928 We can help. Reach out to us in DM with some details, and we'll work with you on getting it going again. https://t.co/GDrqU22YpT",good iphone commit suicide,help reach dm detail work get go url
AppleSupport,759520,entao @AppleSupport @115858 vamos conversar https://t.co/5wLWBeu6pc,"@759520 Since our Twitter support is available in English, get help at https://t.co/IBIY3vMgPj or join https://t.co/pvaOFfPbjt",entao vamo conversar url,twitter support available english help url join url
AppleSupport,149307,@AppleSupport Ok. Thank you.,@149307 You're more than welcome. We'll be right here if you need us.,ok thank,welcome need
AppleSupport,149307,3x this week my alarm has not gone off and I’ve nearly been late to work but I’ve changed absolutely nothing and it’s been set properly... @AppleSupport explain?,"@149307 We certainly don't want you missing out on anything, so it's important for your alarms to work as expected. If they aren't, go ahead and let us know which iOS version you have installed under Settings &gt; General &gt; About.",week alarm go late work change set explain,want miss important alarm work expect let know ios version instal setting gt general gt
AppleSupport,149308,"@AppleSupport ever since the new update my phone glitches, and it freezes. I have the 7plus. It shouldn’t be doing this. It also takes longer to charge up. I’m switching to Samsung if this don’t get fixed","@149308 Let's look into this together. Do you experience this when using certain apps, performing specific functions like switching apps, or randomly? Let us know in DM, and we'll go from there. https://t.co/GDrqU22YpT",new update phone glitch freeze take long charge switch samsung fix,let look experience certain app perform specific function switch app let know dm url
AppleSupport,758308,New iPhone question: I don’t want sound notifications on for any apps. Do I have to turn them all off one by one in settings? @AppleSupport,"@758308 That's a great question. To disable all sounds, you can put your iPhone in silent mode. Currently, there isn't a way to manage notification sounds for every app at once, for more on notifications check this out: https://t.co/2txgOv5s2M",new iphone question want sound notification app turn setting,great question disable sound iphone silent mode way manage notification sound app notification check url
AppleSupport,214431,I deleted 9.5k pictures and my phone is still going slow @AppleSupport get your shit together this update is ruining everything,@214431 We'd like to take a look at the situation with you. May we ask which iOS version you're currently using?,delete picture phone go slow shit update ruin,like look situation ask ios version
AppleSupport,574742,Has anyone else’s @115858 watch screen popped off?  Mine sprung across the room for no reason and is completely useless now. @AppleSupport,"@574742 We want you to enjoy your Apple Watch; we'll do all we can to help. To get started, connect with us in DM here: https://t.co/GDrqU22YpT",watch screen pop spring room reason useless,want enjoy apple watch help start connect dm url
AppleSupport,368954,"@AppleSupport ios11 drains battery a lot, and music player freezes at locked. Who authorized this version?? #ios11 #ios11sucks https://t.co/p0F1F8J69O","@368954 We'd like to look into this with you. Can you tell us what version of iOS 11 you're using? Also, are your apps up to date?",ios11 drain battery lot music player freeze locked authorize version ios11 ios11sucks url,like look tell version ios app date
AppleSupport,368955,Open Calculator on your iOS 11 device and try to quickly calculate 1 + 2 + 3. You'll end up with 23 instead of 6. iOS 👌👌👌,@368955 We'd like to look into this. Send us a DM to continue. https://t.co/GDrqU22YpT,open calculator device try calculate end,like look send dm continue url
AppleSupport,368957,@AppleSupport I’m actually using the 11.0.3 in a iPhone SE,"@368957 Would you mind joining us in DM, please? We'd like to continue our conversation there. https://t.co/GDrqU22YpT",iphone se,mind join dm like continue conversation url
AppleSupport,368957,just found a bug in the new iOS @115858,"@368957 We can look into this together. To begin, what device and iOS version are you using?",find bug new ios,look begin device version
AppleSupport,655553,@AppleSupport  11.0.3 is a mess. AirPods no longer work for phone calls on iPhone 8 plus.,@655553 We want you to have a great experience with the update. What happens when you try to use your AirPods? We'd love to help!,mess airpods work phone call iphone plus,want great experience update happen try use airpods love help
AppleSupport,368958,@AppleSupport no these phones wasn't at icloud library at the first place i even deleted them for the garbage,@368958 Thanks for letting us know. Shoot us a DM and let's continue this conversation there. https://t.co/GDrqU22YpT,phone icloud library place delete garbage,thank let know shoot dm let continue conversation url
AppleSupport,368958,wtf?? i delete all the photos last week and this morning there was only 300 on my camera roll what the hell @AppleSupport ? https://t.co/sp70WRMH1H,"@368958 We’d like to assist with your photos. Just to clarify, were you deleting the photos from the iCloud Photo Library?",wtf delete photo week morning camera roll hell url,like assist photo clarify delete photo icloud photo library
AppleSupport,368954,"@AppleSupport ios 11.0.3 on iPhone SE. Well... I can't really upgrade Music app, can I? It's not showing anything on the locked screen.",@368954 Good to know. DM us and we'll take a deeper look into this. https://t.co/GDrqU22YpT,iphone se upgrade music app show locked screen,good know dm deep look url
AppleSupport,368961,@AppleSupport Just did. Awaiting a response.,@368961 We've responded to your DM. Look for us there.,await response,respond dm look
AppleSupport,329921,@AppleSupport This was never an issue before the most recent update. Thanks for the ‘tips’.,"@329921 We want to make sure you're taken care of. If you'd like further assistance, feel free to DM us here: https://t.co/GDrqU22YpT",issue recent update thank tip,want sure take care like assistance feel free dm url
AppleSupport,368963,Does anyone know if ya can reset 'spellcheck' anywhere so it doesnt keep doing this to me? @AppleSupport #setting #spellcheck #autocorrect,"@368963 We'll be happy to assist you with this issue. To get started, let us know which device is affected and the exact iOS version.",know reset spellcheck set spellcheck autocorrect,happy assist issue start let know device affect exact version
AppleSupport,368966,@AppleSupport iPhone 8 KEEPS freezing. I’ve had to do three hard resets and I’ve only had it for a month. Will there be an update to fix?,@368966 We want to help. Let's continue in DM. https://t.co/GDrqU22YpT,iphone keeps freeze hard reset month update fix,want help let continue dm url
AppleSupport,368967,@115858 @AppleSupport The new iOS is so glitchy!! Reminds me of my old droid which was complete garbage.  #youcandobetter #ios11sucks,@368967 We're here for you! Send us a DM with your current iOS version and we'll get started there. https://t.co/GDrqU22YpT,new ios glitchy remind old droid complete garbage youcandobetter ios11suck,send dm current version start url
AppleSupport,368969,@AppleSupport why has my payment method been “declined” when trying to download FREE apps???,@368969 We're here to help and would recommend contacting our iTunes Store team directly: https://t.co/SDIe7UiyJN,payment method decline try download free app,help recommend contact itunes store team url
AppleSupport,368970,@AppleSupport App Store not downloading apps using iOS 11.0.3 on 2017 iPad. Works fine on my 6s with iOS 10.3.3,@368970 We'd like to help. If you are having issues downloading apps take a look at the following link: https://t.co/FgWA1fgP26,app store download app ios ipad work 6s ios 10.3.3,like help have issue download app look following link url
AppleSupport,368971,#hamradio I'm amused. kc4aaa is having trouble updating his iPad from the south pole. Fix it for him @AppleSupport ? ;),"@368971 We're here to help. If you or someone you know needs help updating, take a look at this: https://t.co/80YRnjDFDk",hamradio amused kc4aaa have trouble update ipad south pole fix,help know need help update look url
AppleSupport,368961,"@AppleSupport Was adding up PTA donations for kid’s school and couldn’t figure out why my math was off. It wasn’t, the phone was.",@368961 We'd like to look into this with you. DM us using the link below. https://t.co/GDrqU22YpT,add pta donation kid school figure math phone,like look dm link url
AppleSupport,368953,.@AppleSupport you guys charge me twice for one subscription like why,@368953 Our iTunes Store Support team can check into that charge. Reach out at https://t.co/SDIe7UiyJN or https://t.co/TnACmwZbFZ,guy charge subscription,itunes store support team check charge reach url url
AppleSupport,203476,@AppleSupport are these the default number of Kogel was in control centre? https://t.co/4vjJxp8t7A,"@203476 In iOS 11, these are the default controls that should show in Control Center.",default number kogel control centre url,default control control center
AppleSupport,672102,"-@AppleSupport  reporting a facebook bug witl ios 11!
The application close by it self!",@672102 Thank you for reaching out to us! Are you seeing this issue with any other apps at all or just the Facebook app?,-@applesupport report facebook bug witl ios application self,thank reach see issue app facebook app
AppleSupport,329915,Oh boy @AppleSupport iOS 11.0.3 update is all sorts of bad news. Most troubling is the battery management. Phone just tapped out at 35%.,"@329915 We’d love to help with your battery. To start, please send us a DM to continue. https://t.co/GDrqU22YpT",ios update sort bad news troubling battery management phone tap %,love help battery start send dm continue url
AppleSupport,802219,@AppleSupport Can y’all hurry up &amp; fix this blank box for the I? Shit annoying at this point.,@802219 There's an update out now that fixes this issue. Make sure you have a recent update and update to 11.1.2,hurry amp fix blank box shit annoying point,update fix issue sure recent update update
AppleSupport,740292,We spend too much money on these phones for this shit to not be able to process the word “it” by itself @AppleSupport,"@740292 Let us know via DM which device you're experiencing this on, then we can take a look and help out from there. https://t.co/GDrqU22YpT",spend money phone shit able process word,let know dm device experience look help url
AppleSupport,160279,Wow @applesupport I just lost 22% power in 15mins on my iPhone. 11.0.3 is terrible. Wait... now 24%...,"@160279 We’d love to help with your battery life. To start, please send us a DM letting us know which iPhone you’re using. https://t.co/GDrqU22YpT",lose % power 15min iphone terrible wait %,love help battery life start send dm let know iphone url
AppleSupport,329916,Sos horrible iOS11.3. Raja de acá con esta beta... @115858,@329916 We offer support via Twitter in English. Get help in Spanish here: https://t.co/IBIY3vMgPj or join https://t.co/OczyRx7IOs,sos horrible ios11.3 raja acá con esta beta,offer support twitter english help spanish url join url
AppleSupport,368952,@AppleSupport Words pro,"@368952 Do you see app updates in App Store &gt; Updates? Also, are you using iOS 11.0.3?",word pro,app update app store gt update ios
AppleSupport,368952,@AppleSupport I am using 11.0.3 and there are no updates for words pro that I can find,"@368952 Thanks for checking. Next, what happens in that app that makes it unusable?",update word pro find,thank check happen app make unusable
AppleSupport,368952,@AppleSupport It’s says it’s not compatible.,@368952 Thanks for confirming this. Send us a DM and we'll work from there: https://t.co/GDrqU22YpT,say compatible,thank confirm send dm work url
AppleSupport,368952,@115858 the new update ios11 sucks. I can’t even use some apps on my phone.,"@368952 We want your iPhone to work properly, and we are here for you. Which apps are giving you trouble, and which iPhone?",new update ios11 suck use app phone,want iphone work app give trouble iphone
AppleSupport,329918,@AppleSupport Come up on the screen. I’m just trying to establish if this is a system error or a problem with my phone,"@329918 Understood, and we want to figure out the same. Does connecting the iPhone to power when frozen help the issue?",come screen try establish system error problem phone,understood want figure connect iphone power frozen help issue
AppleSupport,329918,Updated my iPhone to the new iOS and now it keeps freezing all the time 🤦🏼‍♀️🤦🏼‍♀️ @AppleSupport,"@329918 We'd like to help. When your iPhone becomes unresponsive, does this happen when certain apps are used or is it system wide?",update iphone new ios keep freeze time 🤦 🏼‍ ♀ ️ 🤦 🏼‍ ♀,like help iphone unresponsive happen certain app system
AppleSupport,329919,@AppleSupport already updated to ios 11.0.3 and it has the same issue 😅😅 please fix it .. its so frustrating ..,"@329919 Thanks for updating; sorry the issue continues. Please meet us in DM, so we may gather more information, and better assist you. https://t.co/GDrqU22YpT",update issue 😅 fix frustrating,thank update issue continue meet dm gather information assist url
AppleSupport,329919,@329920 @115858 Im also having the same issue .. im on ios11.0.2,"@329919 We'd love to help. To start, please update to iOS 11.0.3: https://t.co/80YRnjDFDk We recommend backing up the device first.",m have issue m ios11.0.2,love help start update ios url recommend back device
AppleSupport,813979,"@AppleSupport soooooo mad right now, updated the software on my Mac book and my iCloud account from all my 3 devices logged out, keeps brining an ERROR when I try log in! I have now lost all my MUSIC, iMessage won't work on all devices!!!!!!!!!!!!!!! #WORSTUPDATE","@813979 We’d love to help. To start, send us a DM confirming if you receive an error message when you attempt to sign in to iCloud. https://t.co/GDrqU22YpT",soooooo mad update software mac book icloud account device log keep brine error try log lose music imessage work device worstupdate,love help start send dm confirming receive error message attempt sign icloud url
AppleSupport,329920,iOS 11 is pathetic. The touch isn’t working the way it’s supposed to. My phone freezes at weird times. Please fix this @115858 #iphone7,@329920 We can look into these issues with you. Which version of iOS 11 are you using? Can you please reply in DM? https://t.co/GDrqU22YpT,ios pathetic touch work way suppose phone freeze weird time fix iphone7,look issue version ios reply dm url
AppleSupport,495224,Stupidest thing ever all this bullcrap with @115858 tv and then I hav to download a movie again and get charged 7$ and buy it twice!? @118721,@495224 Thanks for reaching out! You’ll want to contact our iTunes Store Support for further assistance: https://t.co/SDIe7UiyJN,stupidest thing bullcrap tv hav download movie charge buy,thank reach want contact itunes store support assistance url
AppleSupport,368972,@AppleSupport - Updated to 11.0.3 (IPhone 6).  Bluetooth is randomly enabled even though I have disabled.  Help.,@368972 This article explains more about the changes to Bluetooth &amp; Wi-Fi in iOS 11: https://t.co/G7BHuQnDS6,update iphone bluetooth enable disable help,article explain change bluetooth amp wi fi ios url
AppleSupport,329922,@AppleSupport @115858 Spam email from __email__ posing as Apple https://t.co/adt0UKm4tu,@329922 Hi. Thanks for making us aware of this. Here's a resource for identifying and reporting these emails: https://t.co/LNMCdqt6fD,spam email email pose apple url,thank make aware resource identify report email url
AppleSupport,502708,@AppleSupport Pls,@502708 Here’s what you can do to work around the issue until it’s fixed in a future software update: https://t.co/xXaXeeSRt9,pl,work issue fix future software update url
AppleSupport,368979,@AppleSupport the macos error i see alot,"@368979 If the issue persists after a safe boot, set up a test user account in order to isolate the issue. https://t.co/yoThHdqdHe",macos error alot,issue persist safe boot set test user account order isolate issue url
AppleSupport,368979,"@AppleSupport i doubt its app related, that wouldnt freeze the entire system, i happend after upgrading to high sierra","@368979 If it continues to happen in a test user account, let us know in DM. https://t.co/GDrqU22YpT",doubt app relate freeze entire system happend upgrade high sierra,continue happen test user account let know dm url
AppleSupport,368980,@368979 @AppleSupport Were you able to fix it? As with many others my system also freezes randomly multiple times a day. #HighSierra,"@368980 We want you to enjoy your Mac; we'll do all we can to help. To get started, let us know what country you're in via DM: https://t.co/GDrqU22YpT",able fix system freeze randomly multiple time day highsierra,want enjoy mac help start let know country dm url
AppleSupport,368979,@AppleSupport My Imac keeps crashing at random with the new high sierra. it totaly freezes mouse and keepboard stops working etc etc.. help?,@368979 We'll help in any way we can. Start by doing a Safe Boot of the Mac as outlined here. https://t.co/PQ4LSYhUTY,imac keep crash random new high sierra totaly freeze mouse keepboard stop work help,help way start safe boot mac outline url
AppleSupport,495223,@AppleSupport any idea why when I️ type “I️” my iPhone wants to correct it to this? https://t.co/K5qVjidyTB,"@495223 Thanks for reaching out. This article has more details on that behavior, including how to address it: https://t.co/xXaXeeSRt9",idea i️ type i️ iphone want correct url,thank reach article detail behavior include address url
AppleSupport,802220,@AppleSupport why does my phone always turn Bluetooth on !??,@802220 Thanks for reaching out. That's a great question. We can definitely look into this with you. Is it enabled in Control Center or Settings?,phone turn bluetooth,thank reach great question look enable control center setting
AppleSupport,572818,"@572819 Me see that, me trying very hard not to type ""I"", me thinks this @115858 really fucked up #leftandrightfindunity",@572818 Here’s what you can do to work around the issue until it’s fixed in a future software update: https://t.co/xXaXeeSRt9,try type think fuck leftandrightfindunity,work issue fix future software update url
AppleSupport,495222,Um what @AppleSupport https://t.co/x7T3hzRLzp,@495222 We'd like to help. Are you seeing that emoji when typing in any app or is it just in your Frequently Used emojis?,url,like help see emoji type app emoji
AppleSupport,495221,How do you screenshot with iPhone X @AppleSupport,@495221 You can see how to take a screenshot on iPhone X here: https://t.co/iQkc2ZuaLN,screenshot iphone x,screenshot iphone x url
AppleSupport,495220,@AppleSupport Why is it so hard to delete open pages on the iPhone X? It doesn’t stay firm when I swipe and hold from the bottom,@495220 Hey there! Thank you for contacting us for support. We'd like to help out. Could you tell us which iOS version you're using?,hard delete open page iphone x stay firm swipe hold,thank contact support like help tell ios version
AppleSupport,495220,@AppleSupport Never mind I figured out myself. Thank you,"@495220 Great job! If you ever need any help, please let us know. Have a great day!",mind figure thank,great job need help let know great day
AppleSupport,495219,"For realz, this I as I️ ish is so annoying. What the I️ @AppleSupport please fix this","@495219 Thanks for reaching out. This article has more details on that behavior, including how to address it: https://t.co/xXaXeeSRt9",realz i️ ish annoying i️ fix,thank reach article detail behavior include address url
AppleSupport,495218,srsly @115858??? what is this shit https://t.co/78Lpz5chYE,@495218  We want to help. Follow the steps in this article that talks about this issue:  https://t.co/xU1AGHStV6,shit url,want help follow step article talk issue url
AppleSupport,495217,SERIOUSLY. @AppleSupport WYD https://t.co/lJkPEcqLX2,"@495217 We can get this working again with a work around, just follow the steps here: https://t.co/xXaXeeSRt9",seriously url,work work follow step url
AppleSupport,495216,thanks @115858 for the new update. My phone sucks now.,"@495216 We're here to help. To start, what device model are you using and what issue(s) are you experiencing exactly?",thank new update phone suck,help start device model issue(s experience
AppleSupport,495222,@AppleSupport It’s just in frequently used but I’m assuming it’s there because of this. https://t.co/L3VICaqung,@495222 Thanks for reaching out. We have a workaround for this here: https://t.co/xXaXeeSRt9 DM us if you still need help. https://t.co/GDrqU22YpT,assume url,thank reach workaround url dm need help url
AppleSupport,572821,@applesupport does Apple still offer $80 battery replacements for iPhone’s out of warranty????,@572821 We'd be glad to verify some options for your phone. Please DM us so we can get some info to help us confirm what's available. https://t.co/GDrqU22YpT,apple offer battery replacement iphone warranty,glad verify option phone dm info help confirm available url
AppleSupport,655553,"@AppleSupport They work fine for music. For phone calls nothing. They appear in the sound button, but you cannot pick them.",@655553 Let's see if unpairing and re-pairing them helps. https://t.co/K6XAvVwFkf,work fine music phone call appear sound button pick,let unpairing - pair help url
AppleSupport,329923,"I'm friggin ticked off that 1 1/2 gen old phone  (iPhone 6s) is having a hard time with #ios11, it feels as @115858 does this crap on purpose",@329923 Let's look into this. Send us a DM and we'll go from there. https://t.co/GDrqU22YpT,friggin tick gen old phone iphone 6s have hard time ios11 feel crap purpose,let look send dm url
AppleSupport,368973,@115858 New iOS 11 updates really hurt my iPhone 5S. Apps are failing. Slow. Poor battery life. Very frustrating. Worked fine before updates.,@368973 We'd like to look into this with you. DM us using the link below. https://t.co/GDrqU22YpT,new update hurt iphone 5s. app fail slow poor battery life frustrating work update,like look dm link url
AppleSupport,177548,"@AppleSupport So for example, just like I can long-press to get additional options for clock, flashlight etc, you could easily allow us to turn WiFi off",@177548 We value your feedback. You can submit additional feedback here: https://t.co/N599dZQwRe,example press additional option clock flashlight allow turn wifi,value feedback submit additional feedback url
AppleSupport,177548,@AppleSupport please add me to the list of people who are having their WiFi indicator in Control Center on when the WiFi is sposed to be OFF,@177548 Hey there! This is intended. You can turn off Wi-Fi in Settings &gt; Wi-Fi. This link has more info: https://t.co/G7BHuQnDS6,add list people have wifi indicator control center wifi spose,intend turn wi fi settings gt wi fi link info url
AppleSupport,368974,#iOS11 'Reduce Motion' doesn't really reduce the animation. It just make them go slower huh? @AppleSupport,@368974 Excellent question. You can get a rundown of what that feature does and changes from this link here: https://t.co/P2Obw7hkfD,ios11 reduce motion reduce animation slow huh,excellent question rundown feature change link url
AppleSupport,217276,"@AppleSupport watch is fine, it’s just IPhone 📱 &amp; activity App getting it all wrong!  But instead of congratulating me on a Sunday 4 goals it does it Mon.",@217276 Got it. Let's move to DM where we can dig in a bit more deeply. https://t.co/GDrqU22YpT,watch fine iphone 📱 amp activity app get wrong congratulate sunday goal mon,got let dm dig bit url
AppleSupport,217276,@AppleSupport the activity App is showing my achievements twice sometimes:-/ Also it thinks Monday is the last day of the week?? 🙁 https://t.co/M4eq0bCXrR,"@217276 We'll help out. Is your Watch notifying you of achievements twice, or is this just on the iPhone? What iOS version?",activity app show achievement sometimes:-/ think monday day week 🙁 url,help watch notify achievement iphone ios version
AppleSupport,347741,"@AppleSupport can you pls explain?

World has gone mad with circles. 😡 What’s with blue pulses? So annoying. https://t.co/Qm94RO27hh",@347741 We're here to help. Are you seeing this blue pulse on multiple apps or a specific app?,explain world go mad circle blue pulse annoying url,help see blue pulse multiple app specific app
AppleSupport,368975,"@AppleSupport Yep, have never strayed away from the Apple branded Lightning to USB cable and Wall Adapter.  Only starting having issues after iOS update.",@368975 Let's take this to DM so we can better assist you. https://t.co/GDrqU22YpT,yep stray apple brand lightning usb cable wall adapter start have issue update,let dm assist url
AppleSupport,368975,@115858 @AppleSupport This new iOS update is just terrible.  I've had my new 7 Plus on my charger for an hour and it's not above 20%.  Why?,@368975 Thanks for reaching out to us. Are you using the Apple branded Lightning to USB cable and Wall Adapter that came with your iPhone?,new update terrible new charger hour %,thank reach apple brand lightning usb cable wall adapter come iphone
AppleSupport,368976,Unplugged my phone at 9am and it is at 89% at 9:09am....WTF @115858 @AppleSupport #IOS11sucks,@368976 We can help with battery life. Could you Direct Message us and let us know what device you're using? https://t.co/GDrqU22YpT,unplug phone % 9:09am .... wtf ios11sucks,help battery life direct message let know device url
AppleSupport,368977,@AppleSupport USA,@368977 Pre-orders start at 12:01 a.m. PDT on 10/27. Be sure to bookmark this link here: https://t.co/lzeawymxcf,usa,pre - order start a.m. pdt sure bookmark link url
AppleSupport,491096,"Hey @115858 What the heck is all this about.  My #iPhoneX and Laptop are changing ""I"" to this and its not in the settings at all #BROKEN https://t.co/p6F6EtofoY",@491096 Here’s what you can do to work around the issue until it’s fixed in a future software update: https://t.co/xXaXeeSRt9,heck # iphonex laptop change setting broken url,work issue fix future software update url
AppleSupport,368977,@AppleSupport when does the pre order for the X start?,@368977 We can help with that. Which country are you located in?,pre order x start,help country locate
AppleSupport,368978,@AppleSupport IOS 11 and its updates have destroyed my Red IPhone 7 Plus. @2310  Battery life✖️Messaging✖️Safari✖️It’s been 3 weeks!!!!,@368978 We can certainly help get this resolved. Which version of iOS is currently installed on your iPhone?,ios update destroy red iphone plus battery life ✖ ️messaging ✖ ️safari ✖ ️it week,help resolve version ios instal iphone
AppleSupport,329921,Hey @115858 I’ve charged my phone 3 times today.  A 129.00 Moto G is looking mighty sweet right now.,@329921 We can help with battery life. Have you checked these steps to maximize the battery efficiency:  https://t.co/TpjqFp3jxD,charge phone time today moto g look sweet,help battery life check step maximize battery efficiency url
AppleSupport,502696,@AppleSupport fix my iPhone please so that l can use my alphabet properly!!,@502696 Here’s what you can do to work around the issue until it’s fixed in a future software update: https://t.co/xXaXeeSRt9,fix iphone l use alphabet,work issue fix future software update url
AppleSupport,495225,@495226 @115858 Yesss I thought I was the only one. I just updated and I’m still seeing these damn question marks,@495225 Thanks for reaching out to us. Check out this article for more details: https://t.co/sDSg93LaFu,yesss think update see damn question mark,thank reach check article detail url
AppleSupport,495226,"Apple need to fix this “I” problem, it’s an obvious glitch and my phone is updated. @115858",@495226  We can help you out. Take a gander at the following article and DM us with any questions. Thanks. https://t.co/xXaXeeSRt9 https://t.co/GDrqU22YpT,apple need fix problem obvious glitch phone update,help gander follow article dm question thank url url
AppleSupport,802213,Love when my alarm shuts off never goes off and phone shuts down on its own......@115858 expecting a brand new phone,"@802213 We understand how much you rely on your iPhone and we're here to help. 

What version of iOS are you currently on? The latest is iOS 11.1.2. 

Additionally, if you create a brand new alarm does the issue persist?",love alarm shut go phone shut expect brand new phone,understand rely iphone help version ios late ios 11.1.2 create brand new alarm issue persist
AppleSupport,802214,"@AppleSupport The problem started after the update to the OS, currently the same has started working. This was not the case for the past few weeks...","@802214 Okay. Let's take a look at this article to see if it helps:
https://t.co/d4WKhnGwPr",problem start update os start work case past week,let look article help url
AppleSupport,503597,@AppleSupport why does this keep happening? I️,@503597 Here’s what you can do to work around the issue until it’s fixed in a future software update: https://t.co/xXaXeeSRt9,happen,work issue fix future software update url
AppleSupport,802214,@AppleSupport Unable to type in the Spotlight Search Bar on my MacBook Air,"@802214 Hello. We are here to help. How long has this been occurring? Have their been any recent changes to your MacBook Air? Also, what is your macOS version?",unable type spotlight search bar macbook air,help occur recent change macbook air macos version
AppleSupport,802215,Kompastuin tänään melkein taitavaan Apple-tilin salasanan kalasteluyritykseen - onko tätä enemmänkin liikkeellä nyt? @AppleSupport,@802215 We offer support via Twitter in English. Contact us for help in your preferred language here: https://t.co/IBIY3vMgPj,kompastuin tänään melkein taitavaan apple tilin salasanan kalasteluyritykseen onko tätä enemmänkin liikkeellä nyt,offer support twitter english contact help preferred language url
AppleSupport,802216,@AppleSupport 11.1.2 (15B202) is the version. So the problem only occurs sometimes. I’ve noticed if I pull on the wire of my headphones it sometimes goes back to normal. Also when my phone restarted it didn’t occur.,@802216 Thank you for that information.  Can you DM us your current country? https://t.co/GDrqU22YpT,version problem occur notice pull wire headphone go normal phone restart occur,thank information dm current country url
AppleSupport,497382,@AppleSupport UK,@497382 Thanks for the info. The Spotify app should be available for the iPod Touch in the UK as shown here. https://t.co/Og31mfb6h0,uk,thank info spotify app available ipod touch uk show url
AppleSupport,497382,@AppleSupport hey. Can you download and play Spotify on iPod touches?,@497382 Could you tell us which country/region you're located in and we'll take a look for you?,download play spotify ipod touch,tell country region locate look
AppleSupport,713680,@AppleSupport I buy my music from the iTunes Store,@713680 Got it. Let's have you go through the steps here for an app that is not responding correctly: https://t.co/fUZ0NRJxcn Update us on how it responds after those steps.,buy music itunes store,got let step app respond url update respond step
AppleSupport,502704,"@115858 lisTEN heRe bud, i don’t have enough money for the x so stop making my pooR 7+ act super slow and glitch-y okAy",@502704 We understand wanting a smooth-running iPhone and we'd like to help make that happen. Do you recall when this started?,listen money stop make poor act slow glitch y,understand want run iphone like help happen recall start
AppleSupport,802216,@115858 @115948 hi there’s something wrong with my speaker on my iphone8 plus I can hear a clicking noise in my headphones and now on the speaker it’s fuzzy in some moments,@802216 We want you to enjoy the sound without any issues. Let's work on this together. Have you noticed the clicking and fuzziness when using any particular app or on calls?,wrong speaker iphone8 hear clicking noise headphone speaker fuzzy moment,want enjoy sound issue let work notice clicking fuzziness particular app call
AppleSupport,506507,Thanks to your new update @115858 I can wake up to silent alarms now,"@506507 We want you to be able to hear your alarms, so we’d like to investigate this. To begin, tell us which device you’re using.",thank new update wake silent alarm,want able hear alarm like investigate begin tell device
AppleSupport,124483,@AppleSupport Tried all this still facing issues with the Bottom mic ... No luck... Even I can hear crackling sound from my front microphone for other people calls.,@124483 Thanks for letting us know. Go ahead and send us a DM and we'll look into this further with you. https://t.co/GDrqU22YpT,try face issue mic luck hear crackling sound microphone people call,thank let know send dm look url
AppleSupport,124483,"@AppleSupport I already have a case number 100344984209 opened previously for this, an auto call came and when I opted a reschedule option it did not allow me to do so... It's literally taking toll on my conversations.",@124483 Thank you. We certainly understand. We want to do all we can to help. Send us a DM and we'll look into this further with you. https://t.co/GDrqU22YpT,case number open auto come opt reschedule option allow take toll conversation,thank understand want help send dm look url
AppleSupport,759521,Why the fuck haven't I got an email to reset my @115858 password yet if I've been trying to do it since this morning... #whatupsamsung #goodbyeiphone 🚮,"@759521 We'd be happy to look into this with you!  To begin, feel free to DM us and we'll go from there: https://t.co/GDrqU22YpT",fuck get email reset password try morning whatupsamsung goodbyeiphone 🚮,happy look begin feel free dm url
AppleSupport,572829,"@572830 I️ don’t know what the deal is, but I’m pissed... @115858 https://t.co/ODP0kWdpa6",@572829 Here’s what you can do to work around the issue until it’s fixed in a future software update: https://t.co/xXaXeeSRt9,i️ know deal piss url,work issue fix future software update url
AppleSupport,572828,@AppleSupport the gold rubbed off my iPhone 6s Plus,"@572828 Hey, we want to hear more about what happened with the iPhone. DM us the country you're located in. We'll go from there. https://t.co/GDrqU22YpT",gold rub iphone,want hear happen iphone dm country locate url
AppleSupport,802216,@AppleSupport No just whilst using Apple Music,"@802216 Thank you for letting us know that this is only occurring with Apple Music. Is this occurring with all tracks? Are the tracks downloaded or streaming? Also, what is the iOS version number on your iPhone 8 Plus? Find it by going to Settings &gt; General &gt; About &gt; Version.",apple music,thank let know occur apple music occur track track download streaming ios version number iphone plus find go setting gt general gt gt version
AppleSupport,713679,@AppleSupport my texts are delivering? What gives? #iPhoneXisOutandMyPhonestoppedworking #ImOntoYouApple,@713679 We know how important your messages are and want to make sure you can send without issue. Are only iMessages (blue) or SMS (green) affected?,text deliver give iphonexisoutandmyphonestoppedworke,know important message want sure send issue imessage blue sms green affect
AppleSupport,713679,@AppleSupport Multiple people. Cellular bars up.,"@713679 Let's run through and make sure you've tried all the suggestions listed here: https://t.co/2hgNQH8Vvq If that doesn't help, let us know.",multiple people cellular bar,let run sure try suggestion list url help let know
AppleSupport,497381,@AppleSupport what is this I️ ?,"@497381 Hi, what device and OS version are you using? DM us back, we'll look into this there. https://t.co/GDrqU22YpT",i️,hi device os version dm look url
AppleSupport,574747,Can @115858 sort out ios11 now it’s fucked up my phone I literalLY BOUGHT THIS TWO MONTHS AGO,@574747 We're happy to look into any issues you're experiencing with your iPhone. DM us details of the issue to get started. https://t.co/GDrqU22YpT,sort ios11 fuck phone literally bought months ago,happy look issue experience iphone dm detail issue start url
AppleSupport,502697,"@502698 @AppleSupport My apps don’t work, weird question marks pop up when I type. I️ didn’t pay 800 dollars for this shit. 😂",@502697 We'd like to help any way we can. What's the model you're using and the OS version installed? Which apps won't open?,app work weird question mark pop type i️ pay dollar shit,like help way model os version instal app open
AppleSupport,574749,@AppleSupport Still waiting on my confirmation email so I can complete my iPhoneX order... going on 33 hours now...,@574749 We understand wanting to check on your iPhone X order. Please let us know in DM which country you're located in. https://t.co/GDrqU22YpT,wait confirmation email complete iphonex order go hour,understand want check iphone x order let know dm country locate url
AppleSupport,502699,iCan’t Handle This iPhone Bug Anymore. 😊 @AppleSupport,@502699 Here’s what you can do to work around the issue until it’s fixed in a future software update: https://t.co/uQeXsrrlXJ,ican’t handle iphone bug,work issue fix future software update url
AppleSupport,713679,@AppleSupport iMessages. Have reset my phone. And am connected to WiFi,"@713679 Does this happen while connected to cellular data as well? Also, does this happen while sending messages to one specific person or multiple different people?",imessage reset phone connect wifi,happen connect cellular datum happen send message specific person multiple different people
AppleSupport,163656,@AppleSupport Is there to set up a Genius Bar appointment through the Apple Store app? Or is it through the website?,@163656 You can schedule through the Apple Support app and online here: https://t.co/PruGCHO1ib,set genius bar appointment apple store app website,schedule apple support app url
AppleSupport,502700,"Yo, @AppleSupport @115948 @118721 or whoever else will listen.",@502700 We'd be glad to help out. DM us some more details and we can start there. https://t.co/GDrqU22YpT,yo listen,glad help dm detail start url
AppleSupport,502701,@115858 wtf is up with your bullshit and not being able to type the letter “I️”,@502701 Here’s what you can do to work around the issue until it’s fixed in a future software update: https://t.co/xXaXeeSRt9,wtf bullshit able type letter i️,work issue fix future software update url
AppleSupport,163656,@AppleSupport I didn't know there was an Apple Support app! Thanks for letting me know! 😁,"@163656 It's our pleasure! We're here to help. If you have any questions in the future, please let us know.",know apple support app thank let know 😁,pleasure help question future let know
AppleSupport,315593,Does anyone know how to fix this problem?? I got my screen replaced and now I can’t use my camera!! #iphone6s @115858 yes I’ve enabled my📷 https://t.co/PUPtz1TMiE,@315593 We'd be happy to look into this with you. Send us a DM and we can start from there. https://t.co/GDrqU22YpT,know fix problem get screen replace use camera enable 📷 url,happy look send dm start url
AppleSupport,502702,I’m really afraid to type the letter “I️”. Fix it @115858,@502702 Here’s what you can do to work around the issue until it’s fixed in a future software update: https://t.co/xXaXeeSRt9,afraid type letter i️ fix,work issue fix future software update url
AppleSupport,502703,The question marks are on my nerves @115858 fix it,@502703 Here’s what you can do to work around the issue until it’s fixed in a future software update: https://t.co/xXaXeeSRt9,question mark nerve fix,work issue fix future software update url
AppleSupport,315592,"@115858 ‘s latest iOS 11.0.2  is a serious piece of s**t!  upgrade at your own peril... iPad slows down, apps freeze and just stop working",@315592 We want your iPad to run smoothly. Send us a DM so we can look into this with you. https://t.co/GDrqU22YpT,late ios 11.0.2 piece upgrade peril ipad slow app freeze stop work,want ipad run send dm look url
AppleSupport,315591,@AppleSupport I still haven’t been issued my refund??? https://t.co/Tlb4mK1iBF,@315591 We’re here to help. Let’s team up in DM and we’ll do our best to assist you. https://t.co/GDrqU22YpT,issue refund url,help let team dm good assist url
AppleSupport,315590,"@AppleSupport  Hi, I sent you a DM.",@315590 We've received your DM. Be on the lookout for our response there.,send dm,receive dm lookout response
AppleSupport,315589,@115858 how about fixing the battery drain on the iphone software update? https://t.co/WXwQc3WdU1,"@315589 We're here to help. To start, what device model and iOS version are you using?",fix battery drain iphone software update url,help start device model version
AppleSupport,497380,@AppleSupport @115858 i’ve done everything possible but my iphone 6 cannot support ios11- please help me get back to ios10 🙏🏾 mercy,@497380 Let's see what we can do to help. DM us with more details about what you are experiencing with iOS 11. https://t.co/GDrqU22YpT,possible iphone support ios11- help ios10 🙏 🏾 mercy,let help dm detail experience url
AppleSupport,337874,@AppleSupport Could we do this tomorrow at 6pm? .. The AMA’zz are on at 8 and I’m in the middle of making meatballs n chorizo sausage (Hot n  sweet) w/rice 🍝🍷I truly appreciate all of your help! https://t.co/yHEYzxqItd,@337874 Absolutely!  Have a great evening and we will be here to continue when you are ready.,tomorrow pm ama’zz middle make meatball chorizo sausage hot sweet w rice 🍝 🍷 appreciate help url,great evening continue ready
AppleSupport,329914,"@AppleSupport @38625 @200998 ... I launch GoogleMaps on my iPhone, I lose cellular connection. Every time. Can one of you help?",@329914 We are here to help with your iPhone. Can you let us know if this happens to Maps as well via DM? https://t.co/GDrqU22YpT,launch googlemaps iphone lose cellular connection time help,help iphone let know happen maps dm url
AppleSupport,672107,@AppleSupport after the new update my phone won't turn off and won't allow me to access any apps whatsoever,@672107 We're happy to assist you. Can you tell us what is happening specifically when you try to access the apps?,new update phone turn allow access app,happy assist tell happen try access app
AppleSupport,672105,Why does my camera do this when I open it? @AppleSupport https://t.co/ZvNc0v8Min,"@672105 Are you referring to the image being out of focus? Does it clear up after a moment, and is it just the rear camera?",camera open url,refer image focus clear moment rear camera
AppleSupport,149321,"@AppleSupport of course. 2x power button (off-on) » same issue. home button, unlock phone » normal (portrait) mode. itt happened only one times, cannot repeating. 
… so a have bigger problem… my iphone very, very lazy, and slow. but only the original apple apps..",@149321 We appreciate that info. Let's take a look into this performance issue via DM. Let us know exactly what behavior you're encountering to get started. https://t.co/GDrqU22YpT,course power button » issue home button unlock phone » normal portrait mode itt happen time repeat big problem iphone lazy slow original apple app,appreciate info let look performance issue dm let know behavior encounter start url
AppleSupport,572825,@AppleSupport I’d really like to not restart my iPhone 8 everytime I would like to download and app... 😒😒,@572825 We want to be sure you can enjoy your iPhone 8. We're happy to help! Why do you have to restart it? DM us and let us know. https://t.co/GDrqU22YpT,like restart iphone everytime like download app 😒 😒,want sure enjoy iphone happy help restart dm let know url
AppleSupport,671849,@AppleSupport hello Apple! Very happy with my iPhone X. What I really don’t understand is why you didn’t include in the box a fast charger. Very very poor image the slow charger that we use the last X years! Can I change it to a fast one please?,"@671849 We'd like you to check out the details on our batteries here: https://t.co/cKKGWSxTRk
The battery is designed to fast charge, even with the 5W adapter, up to 80%.",apple happy iphone x. understand include box fast charger poor image slow charger use x year change fast,like check detail battery url battery design fast charge 5w adapter %
AppleSupport,130037,@AppleSupport my ipad pro is stuck on loading.... not opening app store ... how to fix? https://t.co/bPeadvDaIo,@130037 We want to help you out. Let's start by following the steps in this link: https://t.co/1SrHVMz478 Let us know if you still encounter issues after that.,ipad pro stick loading open app store fix url,want help let start follow step link url let know encounter issue
AppleSupport,813974,"@AppleSupport Hi, i dont know why but i’ve lost thousands of videos and images after the latest software update?! How can i get them back?","@813974 Photos and videos are a big part of why we like our devices too. Let's see where your photos and videos are. Which device are you using? Are you using iCloud? If you log into this site from a computer, are you able to see your photos: https://t.co/9bUADNIlYp?",know lose thousand video image late software update,photo video big like device let photo video device icloud log site computer able photo url
AppleSupport,813975,"Phone just died on 20%, sort your shit out @AppleSupport its a fucking joke","@813975 Help is here, as that's not the experience we want for you. Join us in DM using this link: https://t.co/GDrqU22YpT",phone die % sort shit fucking joke,help experience want join dm link url
AppleSupport,813976,"@AppleSupport why since I updated to ios 11.1.2 are all of my calls failing, no one can reach me and I can't call out. I use my phone for business. I need this fixed ASAP !",@813976 Let's work together to get you on the path to resolution. What happens specifically when you try to make a call? Are you notified at all if someone tries to call you? Let us know that info and confirm what type of iPhone you're using via DM. https://t.co/GDrqU22YpT,update ios call fail reach use phone business need fix,let work path resolution happen try notify try let know info confirm type iphone dm url
AppleSupport,160279,@AppleSupport Same as I tweeted last week,"@160279 Please send us a DM, and we’ll be happy to help further. https://t.co/GDrqU22YpT",tweet week,send dm happy help url
AppleSupport,802219,"@AppleSupport Not true, I see boxes right now &amp; I got 11.1.2.",@802219 Are you seeing those boxes on other messages or from your messages? https://t.co/GDrqU22YpT,true box amp get,see box message message url
AppleSupport,813977,@115858 why can't I permanently disable this 'live photo' nonsense?  utterly irritating and pointless feature.  Almost as annoying as wifi turning itself back on after i've switched it off.,@813977 We want to help. Join us in DM with the currently installed iOS version to get started: https://t.co/GDrqU22YpT,disable live photo nonsense irritate pointless feature annoying wifi turn switch,want help join dm instal version start url
AppleSupport,329912,"@115858 is it true that if I have 5 mo left on my #warranty and my #iphone needs to be replaced, I only get a 90 day warranty on the new one?",@329912 DM us and we'll be glad to look into this with you. Use the link below. https://t.co/GDrqU22YpT,true mo leave warranty # iphone need replace day warranty new,dm glad look use link url
AppleSupport,329913,"@AppleSupport ok, hope in 10.0.4 ver. Can fix apps stuck or freeze. And volume goes down by itself.",@329913 We want to help. Reach out via DM using the link below. https://t.co/GDrqU22YpT,ok hope ver fix app stick freeze volume go,want help reach dm link url
AppleSupport,672103,@115858 Wow......my storage gets full so you Delete all my Notes without my permission. I hate you with all my heart 🖕🏽@115858,@672103 We can look into what happened. DM us and let us know when you first noticed your Notes were missing. https://t.co/GDrqU22YpT,storage get delete note permission hate heart 🏽@115858,look happen dm let know notice note miss url
AppleSupport,149321,"@AppleSupport iPhone 6, ios 11.1.2. and i’m not to brave to upgrading, becuse from ios 11 is my iphone slower, and slower as it upgraded.",@149321 Thanks for that info. Could you tell us what you were doing when this happened? Did you exit an app in landscape mode?,iphone io 11.1.2 brave upgrading becuse io iphone slow slow upgrade,thank info tell happen exit app landscape mode
AppleSupport,813978,"Dear @115858 because of your new update my phone keeps deleting rather important shit. 
Fix this! 
Sincerely a pissed off customer 🤬",@813978 We'd love to help look into this and get you back in action. Can you send us a DM with some additional details? https://t.co/GDrqU22YpT,dear new update phone keep delete important shit fix piss customer 🤬,love help look action send dm additional detail url
AppleSupport,149321,@AppleSupport hey apple! iphone 6 lock screen. is it normal? https://t.co/j6IcQk1s6D,@149321 We'd like to look into this with you. Could you tell us the version of iOS you're running on this phone? Have you restarted the phone recently?,apple iphone lock screen normal url,like look tell version ios run phone restart phone
AppleSupport,149322,@AppleSupport iOS 11.1.2,"@149322 Thanks for that info. Have you tried deleting the app and reinstalling it to see if the issue persists? (If you have music saved for offline play, you may need to re-download it after this step).",ios,thank info try delete app reinstall issue persist music save offline play need - download step
AppleSupport,329911,@AppleSupport When I add an ext display it takes over as the primary desktop. How do I keep my MacBook (late 2016 w/ TouchBar) as primary? https://t.co/FGNIZ1VFV9,@329911 We can help out with this. How are you connecting them?,add ext display take primary desktop macbook late w/ touchbar primary url,help connect
AppleSupport,802218,"@AppleSupport is there going to be a fix for #carplay? Msgs not being read, navigation not working properly. Forums are blowing up with problems!","@802218 We'll be happy to help you out. If you're having trouble with CarPlay, you'll find assistance here: https://t.co/pg90dhXKAJ

If your issues persist after exhausting all the steps in the article, refer to your car manufacturer for additional help.",go fix carplay msgs read navigation work forum blow problem,happy help have trouble carplay find assistance url issue persist exhaust step article refer car manufacturer additional help
AppleSupport,149319,"@149320 @115858 They're going to lose my biz! Just got my macbook pro serviced under warranty and they claim to have replaced all these things and formatted it, but the core problem with the keyboard is worse! Five days of not having it!","@149319 That's not normal, and we can help. Could you tell us what issue you're having with the keyboard?",go lose biz get macbook service warranty claim replace thing format core problem keyboard bad day have,normal help tell issue have keyboard
AppleSupport,572826,"@AppleSupport please fix this keyboard glitch, I️ sound like an idiot.",@572826 Here’s what you can do to work around the issue until it’s fixed in a future software update: https://t.co/xXaXeeSRt9,fix keyboard glitch i️ sound idiot,work issue fix future software update url
AppleSupport,506507,@AppleSupport iPhone 7,@506507 Let us know which version of iOS you're using via DM. https://t.co/GDrqU22YpT,iphone,let know version ios dm url
AppleSupport,124483,@AppleSupport Can you please address this at the earliest? https://t.co/FIDbqPgeA8,@124483 Thanks for reaching out. We want to be sure your callers can hear you. Let us know if this helps: https://t.co/rDJwu6CX24,address early url,thank reach want sure caller hear let know help url
AppleSupport,802217,@AppleSupport I have a contact picture for all my friends but when they call me it doesn’t show up full screen 🤦🏾‍♀️,@802217 We can work together to see what's going on. Can you tell us the iPhone model and current iOS version? Does this occur after a restart. Meet us in DM with those details. https://t.co/GDrqU22YpT,contact picture friend screen 🤦 ♀,work go tell iphone model current ios version occur restart meet dm detail url
AppleSupport,802218,@AppleSupport None of that works. The problems only started when I installed my update.,@802218 We'd suggest working with your car manufacturer to ensure there is no firmware update needed in order to be compatible if you've exhausted all the steps in the article with issues persisting.,work problem start instal update,suggest work car manufacturer ensure firmware update need order compatible exhaust step article issue persist
AppleSupport,337874,@AppleSupport - I did on Friday https://t.co/1InV8mJbuc,"@337874 We'd like to help.  If you go to Settings, do you see your account name signed in at the top of the page?",friday url,like help setting account sign page
AppleSupport,672104,@AppleSupport why am I not getting text notifications?!? New update messed everything up.,@672104 We'd be happy to look at this. Which device are you having issues on?,get text notification new update mess,happy look device have issue
AppleSupport,573259,@115858 can you please stop turning my Bluetooth on,@573259 Hello there. Can you share with us which device and the current iOS you're using? DM us and we'll continue from there. https://t.co/GDrqU22YpT,stop turn bluetooth,share device current dm continue url
AppleSupport,672104,@AppleSupport IPHONE 7 plus,@672104 Are the text notifications the only notifications that are experiencing issues? Feel free to DM us. https://t.co/GDrqU22YpT,iphone,text notification notification experience issue feel free dm url
AppleSupport,149316,I updated my #iPhone #iOS to #IOS11 something lastnight.And Now its #WiFi won't work.Can you offer any help? @115858 @128511 #World #Tech,"@149316 We want to be sure you can connect to a Wi-Fi network without any issue. Check out the troubleshooting steps you can take outlined here: https://t.co/sXbhzfS2lM
Let us know how it goes.",update iphone ios ios11 lastnight # wifi work offer help world tech,want sure connect wi fi network issue check troubleshooting step outlined url let know go
AppleSupport,149317,@AppleSupport I’m trying to buy the iPhone X but the site won’t let me buy it says we’re updating a few things,@149317 We're sorry to hear you're having an issue with your order. Our Sales Support team would be happy to assist you. You can reach out to them directly at https://t.co/8yjRd1Xo0i .,try buy iphone x site let buy say update thing,sorry hear have issue order sale support team happy assist reach url
AppleSupport,149318,@AppleSupport I ended up trading it in thru Verizon &amp; getting the iPhone 8 because they actually gave me some money for it cuz it wasn’t cracked and did turn on. However I still owe them $300 for the phone which was worthless to me. It would just say connect to iTunes then error 51 when u did,@149318 Let's continue in DM. https://t.co/GDrqU22YpT,end trade verizon amp get iphone give money crack turn owe phone worthless connect itunes error,let continue dm url
AppleSupport,149318,@115858 thanks for causing my IPhone 7 to disconnect from my data for 8 days when trying to download the new IOS and then you guys bricked my phone when trying to restore it. Then said sorry can’t do anything because it’s 50 days past the year warranty. Thanks guys. 😊,@149318 We'll do everything we can to help. Can you tell us a bit about the device and the state it's in currently?,thank cause iphone disconnect datum day try download new ios guy bricke phone try restore say sorry day year warranty thank guy,help tell bit device state
AppleSupport,149319,"@AppleSupport This is a late-2016 Macbook Pro. Command key broke and popped out. Then, other keys worked unreliably. Now, the ""replaced"" keyboard has the same command key act funky where a quarter of it presses down and there's no haptic feedback...feels like typing on Surface v1.",@149319 We'd like to look into this further. Let's continue in DM. Click here: https://t.co/GDrqU22YpT,late-2016 macbook pro command key broke pop key work replace keyboard command key act quarter press haptic feedback feel type surface v1,like look let continue dm click url
AppleSupport,759522,@AppleSupport My iPhone 6 is completely rendered unusable since your latest ios deployment into production. Even that latest patch update hasn't worked!!! Using my PC to make this complaint. Please fix 'unable to activate touch ID' ........,@759522 We're here to help. Send us a DM and we'll take a closer look at your iPhone and Touch ID there. https://t.co/GDrqU22YpT,iphone render unusable late deployment production late patch update work pc complaint fix unable activate touch id,help send dm close look iphone touch id url
AppleSupport,671849,@AppleSupport The 5w charger takes more than 2 hours to fully charge the phone. You didn’t reply my answer though; can I give the 5w back in exchange of a fast charger please?,@671849 Let's meet up in DM. You can reach us at the link below. https://t.co/GDrqU22YpT,5w charger take hour charge phone reply answer 5w exchange fast charger,let meet dm reach link url
AppleSupport,502705,@AppleSupport  why is this magnified showing up randomly? How can I get it to go away? https://t.co/X73F56a71F,"@502705 Hi, send us a DM and tell us more about what you're referring to. We'll continue with this there. https://t.co/GDrqU22YpT",magnify show url,send dm tell refer continue url
AppleSupport,502706,@AppleSupport  any ideas what’s going on here? I️ didn’t see this until someone asked me about it.. now it won’t go away. https://t.co/T9X6jO3IeV,@502706 Here’s what you can do to work around the issue until it’s fixed in a future software update: https://t.co/xXaXefaskH,idea go i️ ask url,work issue fix future software update url
AppleSupport,672106,Funny how I updated my phone and suddenly the battery dies much faster now.... @115858,@672106 We want to help with battery life. DM us and we'll continue there. https://t.co/GDrqU22YpT,funny update phone battery die,want help battery life dm continue url
AppleSupport,503311,@115858 can we fix this I️ thing,@503311 Here’s what you can do to work around the issue until it’s fixed in a future software update: https://t.co/xXaXeeSRt9,fix i️ thing,work issue fix future software update url
AppleSupport,669737,@AppleSupport My music app hasn't been opening. It just goes to a black screen when opened and then closes out. Can't even access settings. What's going on?,"@669737 We can find out what's going on together. What iOS are you using? Also, when did you first notice this? Let us know in a DM to get started. https://t.co/GDrqU22YpT",music app open go black screen open close access setting go,find go ios notice let know dm start url
AppleSupport,329813,¿Se daña la batería de mi MacBook pro 2012 si la uso mientras se carga? @AppleSupport @115858,@329813 We offer support via Twitter in English. Get help in Spanish here: https://t.co/IBIY3vMgPj or join https://t.co/OczyRx7IOs,¿ se daña batería de mi macbook pro si uso mientras carga,offer support twitter english help spanish url join url
AppleSupport,502687,nothing shows up on this thing and my phone keeps crashing🤦🏼‍♂️ @AppleSupport https://t.co/YlDH3INSKB,"@502687 When you say that nothing shows up, do you mean that songs that you’re actively listening do not appear?",show thing phone keep crash 🏼‍ url,show mean song listen appear
AppleSupport,315732,So @AppleSupport I’m kind of missing my app bar on the bottom? #ios11 https://t.co/E5RYzqepgJ,@315732 Let's see if we can find those apps. DM us and let us know if restarting your phone helps. https://t.co/GDrqU22YpT,miss app bar ios11 url,let find app dm let know restart phone help url
AppleSupport,315731,"Je reçois des mail d’@115858 que Mail lui-même considère comme indésirables.
WHAT. THE. FUCK.",@315731 We offer support via Twitter in English. Contact us for help in your preferred language here: https://t.co/IBIY3vMgPj,je reçois mail d’@115858 que mail lui même considère comme indésirable fuck,offer support twitter english contact help preferred language url
AppleSupport,315730,@AppleSupport iOS 11 has absolutely murdered my battery. iPhone 6,@315730 We can help with your battery. Which iOS version are you currently at? You can check in Settings &gt; General &gt; About &gt; Version,ios murder battery iphone,help battery ios version check settings gt general gt gt version
AppleSupport,315729,"This new iOS update is causing my phone to do weird things. Fix your shit, @115858.","@315729 Tell us a bit about what's going on. We're here for you, and we'd love to help!",new update cause phone weird thing fix shit,tell bit go love help
AppleSupport,315728,@AppleSupport today I charged my iPhone after it being dead for a month or more and when it turned on it showed this. Does anyone know why?? https://t.co/qNfeKnjPD1,@315728 We're glad to hear the issue seems to be resolved. Feel free to reach back out if you have any questions or concerns.,today charge iphone dead month turn show know url,glad hear issue resolve feel free reach question concern
AppleSupport,149291,"@AppleSupport It froze mid-air, not doing anything special. I tried restarting but then it hang. Meanwhile with Crtl R reinstalled macOS but now the same behaviour...","@149291 Thank you. Have you tried starting up in Safe Mode? If not, let's give that a try. This article will explain the process in detail: https://t.co/PQ4LSYhUTY. Please keep us posted on your progress.",freeze mid - air special try restart hang crtl r reinstall macos behaviour,thank try start safe mode let try article explain process detail url post progress
AppleSupport,693995,I updated pages and all of my school work I did on it for the last 4 years is gone. Is there any way to get it back @115858 @AppleSupport,@693995 We can help move things forward! For issues with Pages get help from our App experts with this link: https://t.co/IBIY3vMgPj,update page school work year go way,help thing issue page help app expert link url
AppleSupport,149291,"@AppleSupport Unfortunately that gave the same result / screen... I'm now restoring from time capsule, hope that works!",@149291 That's a good step to try. Please keep us posted on how it goes.,give result screen restore time capsule hope work,good step try post go
AppleSupport,456853,@115858 what are these new emoji boxes popping up everywhere.,@456853 We want to help. Please DM us which iOS version you're on. We'll look into this with you there. https://t.co/GDrqU22YpT,new emoji box pop,want help dm ios version look url
AppleSupport,589939,@AppleSupport Like so ^,@589939 Thanks for bringing this to our attention. Which device and software version are you using? Click here and join us in DM: https://t.co/GDrqU22YpT,^,thank bring attention device software version click join dm url
AppleSupport,589941,@AppleSupport if I forgot to renew my iCloud payment does all the data over 5G get deleted or do I get it back when I pay?,@589941 We can understand why you'd be concerned about your iCloud storage. Send us a DM and we'll look into it with you. https://t.co/GDrqU22YpT,forget renew icloud payment datum g delete pay,understand concern icloud storage send dm look url
AppleSupport,589944,@115858  it was cool the first time but now this is just reoccurring and annoying. https://t.co/f8CPdHWbMH,@589944 We can certainly look into this with you. Which device and OS are you using? Send us a DM and let us know. https://t.co/GDrqU22YpT,cool time reoccurring annoying url,look device os send dm let know url
AppleSupport,450064,@115714 @115858 iono which one of y’all responsible. But I know this damn iPhone 7 need to start working like it did before y’all drop the 8 and the X. I ain’t buying nothing new!!,"@450064 We'd like to help get your iPhone 7 working right, but we'll need more details about what's happening and any steps tried.",iono responsible know iphone need start work drop x. ai buy new,like help iphone work right need detail happen step try
AppleSupport,693994,@AppleSupport @115858 @116333 @120640 I cannot really believe that to lodge a formal complaint about service and misleading t&amp;c is for me to write a letter and put it in the post. I thought Apple was supposed to be a leading technology company?,@693994 We'd be happy to help you however possible with any concerns you may have. Let us know what's going on in Direct Message. https://t.co/GDrqU22YpT,believe lodge formal complaint service mislead t&amp;c write letter post think apple suppose lead technology company,happy help possible concern let know go direct message url
AppleSupport,693992,My iPhone 8 Plus is getting stuck too much . Need help @AppleSupport @115858 non acceptable service,"@693992 We want your iPhone working for you; we'll do all we can to help. To start, may we know what iOS version is installed? You can find that here: Settings &gt; General &gt; About. Also, by ""stuck"" do you mean that your iPhone is slow or unresponsive? Or both?",iphone get stick need help non acceptable service,want iphone work help start know ios version instal find setting gt general gt stuck mean iphone slow unresponsive
AppleSupport,456852,Pues no parece que se haya arreglado la batería con ios 11.1… Sigue descargándose demasiado rápido… @AppleSupport https://t.co/I0AbgflTvG,@456852 We offer support via Twitter in English. Get help in Spanish here: https://t.co/IBIY3vMgPj or join https://t.co/OczyRx7IOs,pues parece que se haya arreglado la batería con ios sigue descargándose demasiado rápido url,offer support twitter english help spanish url join url
AppleSupport,153211,@AppleSupport is there a way to enter text via the keyboard (instead of speaking it) in the Clips app?,"@153211 There is! You don't have to rely on voice in order to add custom captions. What you'll want to do is choose the pre-made caption that best fits the look you're going for. Then, double tap on that caption once it's placed and you'll be able to modify the text.",way enter text keyboard speak clips app,rely voice order add custom caption want choose pre - caption fit look go double tap caption place able modify text
AppleSupport,693996,@115858 y’all need to get it the fuck together.  cause i’m not buying the X . so y’all need to make my phone stop glitching,@693996 What issues are you currently having? We'd love to help out.,need fuck buy x need phone stop glitche,issue have love help
AppleSupport,693997,@AppleSupport I don't wanna erase all my data is that the only option?,@693997 Did you have a backup of your data prior to receiving the message that your iPad was disabled?  Do you see a timer of any sort on the screen indicating you can try inputting your passcode later?,wanna erase data option,backup datum receive message ipad disable timer sort screen indicate try inputte passcode
AppleSupport,149289,"@AppleSupport I can translate if you want...
1) Here’s the distance between my home and Vivonne city.
2) My iPhone is telling me that I am home.
3) My Apple Watch is telling me that I am in Vivonne.
Help me !",@149289 Well those are not the same place. We'll help see why these aren't registering the same approximate location. Let's chat over in Direct Message so we can look into this. https://t.co/GDrqU22YpT,translate want distance home vivonne city iphone tell apple watch tell vivonne help,place help register approximate location let chat direct message look url
AppleSupport,693997,Fuck iPads I'm forever disabled from my iPad gr8888 @AppleSupport,"@693997 Let's take a look at this together!  To start, have you tried using these steps to resolve the behavior: https://t.co/CPIXyxe7mK",fuck ipads disabled ipad gr8888,let look start try step resolve behavior url
AppleSupport,228230,@AppleSupport I’m really really excited to pick up my iPhone X from Covent Garden tomorrow... but not sure I can make my allotted time slot any more! Can I come earlier/later?,@228230 Congrats on your new iPhone! Let's reach out to our Online Sales team. Contact them through this link: https://t.co/8yjRd1Xo0i,excited pick iphone x covent garden tomorrow sure allotted time slot come,congrats new iphone let reach online sale team contact link url
AppleSupport,149289,"1) Voici la distance à vol d’oiseaux de chez moi à Vivonne.
2) D’après mon iPhone je suis à Iteuil.
3) D’après mon Apple Watch je suis à Vivonne.
@AppleSupport aidez-moi ! https://t.co/D1dJkNje5J",@149289 We offer support via Twitter in English. Contact us for help in your preferred language here: https://t.co/IBIY3vMgPj,voici distance vol d’oiseaux de chez moi à vivonne mon iphone je suis à iteuil mon apple watch je suis à vivonne aidez moi url,offer support twitter english contact help preferred language url
AppleSupport,149290,Why do all my photos look so shitty on Facebook.. like always!? @188 @115858 #facebookproblems,"@149290 Hey there, we want to make sure we find you the information you need. Please send us a DM with the following: 

-What kind of device are you using? 
-What version of the software is installed? 
-Does this issue happen only in the Facebook app, or with all photos? https://t.co/GDrqU22YpT",photo look shitty facebook facebookproblem,want sure find information need send dm following kind device version software instal -doe issue happen facebook app photo url
AppleSupport,629309,@AppleSupport Alert:email phishing... @84934 https://t.co/4JRXz04RyJ,@629309 Thanks for bringing it to our attention. Take a look at this article for more info: https://t.co/LNMCdqt6fD,alert email phishing url,thank bring attention look article info url
AppleSupport,456849,"ios11をダウンロードしてから、LINE開かなくなるわ、反応は悪くなるわですごい使いにくい。改善してほしいです。

iPhoneを修理出したばかりだよ？

@AppleSupport  @115858",@456849 We offer support via Twitter in English. Contact us for help in your preferred language here: https://t.co/IBIY3vMgPj,ios11をダウンロードしてから、line開かなくなるわ、反応は悪くなるわですごい使いにくい。改善してほしいです iphoneを修理出したばかりだよ ？,offer support twitter english contact help preferred language url
AppleSupport,235820,@AppleSupport is this glowing at the sides normal for my Apple Watch Series 3 ???? 🤬🤬 https://t.co/kaD9D9VjAd,@235820 We'd be happy to look into this with you. Go ahead and DM us some more details about this and we can work together. https://t.co/GDrqU22YpT,glowing side normal apple watch series 🤬 🤬 url,happy look dm detail work url
AppleSupport,629311,How has @115858 not given us an update for the ‘i’ issue?! Get it together. #apple #iOS11,@629311 Here’s what you can do to work around the issue until it’s fixed in a future software update: https://t.co/xXaXeeSRt9,give update issue apple ios11,work issue fix future software update url
AppleSupport,326446,iOS11 ruined my iPhone @AppleSupport  fix that shit 😡😡😡,@326446 We'd love to help with the iPhone performance. What kind of issue are you currently having?,ios11 ruin iphone fix shit 😡 😡,love help iphone performance kind issue have
AppleSupport,315736,"Before IOS11 my IPhone 6 lasted me the whole day, with heavy use. Now I can’t even use my phone unplugged. WTF @115858  @AppleSupport",@315736 We'd be happy to help. Send us a DM and we can pick up from there. https://t.co/GDrqU22YpT,ios11 iphone last day heavy use use phone unplugged wtf,happy help send dm pick url
AppleSupport,315735,"iOS 11 just turned my perfectly optimized phone into the slowest phone I have ever had. 

@115858 @AppleSupport shame on you",@315735 We're happy to assist. Which iOS 11 version are you currently running? Go to Settings &gt; General &gt; About for the version.,turn optimize phone slow phone shame,happy assist version run settings gt general gt version
AppleSupport,456850,@115858 I need y’all to send out another update. It’s even happening on my MacBook https://t.co/6f6RtEzI7i,@456850 Thanks for reaching out. We're here to help. DM us so we can look into this further with you. https://t.co/GDrqU22YpT,need send update happen macbook url,thank reach help dm look url
AppleSupport,315734,@115858 But if y’all not can y’all at least fix mine,@315734 We are always happy to help. What kind of issues are you having? Please reply with a DM. https://t.co/GDrqU22YpT,fix,happy help kind issue have reply dm url
AppleSupport,187841,Sorry @115858 BUT this ios11 is shitty! Worst 1! #phone ALWAYS freezing out of nowhere! I shouldn’t have 2 restart my phone every few hrs! 😤,"@187841 We're here for you. Send us a DM, and we'll take a closer look at your iPhone together there. https://t.co/GDrqU22YpT",ios11 shitty bad phone freeze restart phone hr,send dm close look iphone url
AppleSupport,284502,@115858 pls fix the battery life. annoying af,@284502 We'd like to look into this with you. What's your current iOS version?,fix battery life annoying af,like look current ios version
AppleSupport,315733,The random capitalization of words like “flight” and “gate” is super annoying @AppleSupport. *see attached https://t.co/LbHVTjEJ4l,@315733 Let's take a look. Do you have any Text Replacements set up that could be suggesting this correction?,random capitalization word flight gate annoying attach url,let look text replacements set suggest correction
AppleSupport,456851,@115858 WTF did you just do with the batterie? Never tought id have to go samsung...,@456851 Tell us what you're experiencing and we'd be happy to help.,wtf batterie samsung,tell experience happy help
AppleSupport,315733,"@AppleSupport I have a few text replacements set up, but not for these words and it happens with many more words at random. Think it started with iOS 11.",@315733 Let's look into this further. Send us a DM and we'll continue from there. https://t.co/GDrqU22YpT,text replacement set word happen word random think start,let look send dm continue url
AppleSupport,626010,Hey @115858 can you fix this I️ ?,@626010 Here’s what you can do to work around the issue until it’s fixed in a future software update: https://t.co/xXaXeeSRt9,fix i️,work issue fix future software update url
AppleSupport,456848,"@115858 so, how are you going to fix the battery issue for those who downloaded the new iOS? Because my phone is at a constant 20%",@456848 We'd like to look into the battery with you and see what's going on. So it's stuck on 20% and wouldn't go up or down?,go fix battery issue download new ios phone constant %,like look battery go stick %
AppleSupport,693992,@AppleSupport How is backup related to my phone being slow ?? Never mind I have my backup,@693992 We’re glad that you have a backup available. Let’s work on this a little further in DM. Send us which country you’re in and we’ll continue there. https://t.co/GDrqU22YpT,backup relate phone slow mind backup,glad backup available let work little dm send country continue url
AppleSupport,188130,@AppleSupport Yes. Still freezes and crashes upon opening.,"@188130 If that is the case, please check out: https://t.co/fUZ0NRJxcn but keep us posted in DM if that doesn't work. https://t.co/GDrqU22YpT",freeze crash opening,case check url post dm work url
AppleSupport,329723,@AppleSupport hi apple im tired could you please send me update https://t.co/RhngkJGn8p,@329723 We're here to help. DM us what country or region you're located in. https://t.co/GDrqU22YpT,apple m tired send update url,help dm country region locate url
AppleSupport,329724,@115858 it is very frustrating. When you call center canon fix a simple problem! #applesucks,@329724 We're at your service. DM us what is going on and we can go from there. https://t.co/GDrqU22YpT,frustrating center canon fix simple problem applesuck,service dm go url
AppleSupport,329725,@AppleSupport Thank you so much for the quick response.,@329725 You’re welcome. Feel free to reach back out if you need any more help in the future. Have a great weekend!,thank quick response,welcome feel free reach need help future great weekend
AppleSupport,149296,"@AppleSupport But I can login with a PC, it is just iPhone where my ID does not seem to work. 😕",@149296 We'd be happy to take a closer look into this with you. Please meet us in DM and we'll continue there. https://t.co/GDrqU22YpT,login pc iphone id work,happy close look meet dm continue url
AppleSupport,149297,"*unplugs 100% charged iphone* *slides to unlock* battery 43%
@2531 @115858 pls do something about our Battery life 
Thanks 🙏",@149297 We're happy to help. Try these tips for battery life and let us know if you still have an issue: https://t.co/TpjqFp3jxD,unplug % charge iphone slide unlock battery % battery life thank 🙏,happy help try tip battery life let know issue url
AppleSupport,329725,@AppleSupport Is this a Scam? I dont own Apple products https://t.co/eeM5pv9ctp,@329725 We're here to help. That doesn't look like official Apple correspondence. Learn more here: https://t.co/LNMCdqt6fD,scam apple product url,help look official apple correspondence learn url
AppleSupport,329726,@115858 CONSERTA ESSE BLUETOOTH DO 7 AGORA DESGRAÇA,"@329726 Since our Twitter support is available in English, get help at https://t.co/IBIY3vMgPj or join https://t.co/pvaOFfPbjt",conserta esse bluetooth agora desgraça,twitter support available english help url join url
AppleSupport,134128,"@applesupport since I can made the backup as “read only”, that will do. (the  “compressed” .dmg and .dmgpart files were same size as r/o.",@134128 Sounds like a plan. Thanks again for contacting Apple Support. Have a wonderful day.,backup read compress .dmg .dmgpart file size r o.,sound plan thank contact apple support wonderful day
AppleSupport,329727,@115858 Fix the battery problem and performance issues before anything else. Lost 20% in about 40 minutes.,@329727 We want to help.  Send us a DM to let us know which version of iOS is on this device. https://t.co/GDrqU22YpT,fix battery problem performance issue lose % minute,want help send dm let know version ios device url
AppleSupport,329728,@115858 I believe this change will help everyone who has had their phone stolen. Any chance we could see this before iOS 12?? https://t.co/RmYdDhOxpv,@329728 Thanks for bringing this to our attention. Please use the following link to provide us with feedback: https://t.co/eTPVYVFyd8,believe change help phone steal chance url,thank bring attention use following link provide feedback url
AppleSupport,134128,@applesupport found out that .dmgpart are “normal” part. It is in the man hdiutil documentation. (segments).,@134128 Thanks for letting us know. So is every thing all good on your end now?,find .dmgpart normal man documentation segment,thank let know thing good end
AppleSupport,134128,@AppleSupport Can you confirm that a large .DMG created with DiskUtil (which seems to work) requires both the .dmg and .dmgpart?  Yosemite. https://t.co/EeIKQTrj2B,"@134128 We'd love to help. While a .dmg should work by itself, we'd suggest backing up the .dmgpart, then removing it, and test the .dmg.",confirm large .dmg create diskutil work require .dmg yosemite url,love help .dmg work suggest back .dmgpart remove test .dmg
AppleSupport,693992,@AppleSupport The iPhone responses late and the animation flow gets stuck . I’m currently on iOS 11.1,@693992 Thanks for providing that for us. Do you have a computer with iTunes available?,iphone response animation flow get stuck ios,thank provide computer itunes available
AppleSupport,312615,Anyone know of a limit to the number of airplay devices a MacOS or iOS device can show in its list to choose from when mirroring etc? Not the number you can stream to simultaneously. @AppleSupport,"@312615 Meet us in DM, then we can advise you on this from there. https://t.co/GDrqU22YpT",know limit number airplay device macos device list choose mirror etc number stream,meet dm advise url
AppleSupport,693991,I haven't even updated my iPhone and it's already Fucking up. @115858 what's up!,"@693991 We'd recommend ensuring your device is fully up-to-date on iOS 11.1.1. It's important to ensure you have a backup prior to updating. If your issues persist after doing so, let us know more within DM here: https://t.co/GDrqU22YpT",update iphone fuck,recommend ensure device date ios important ensure backup update issue persist let know dm url
AppleSupport,299029,"Leaving my @115858 iPadPro on @39018 622 has been heartbreaking. Yes, it's just an object, but I can't afford to buy another one.",@299029 We hate to hear this. Follow the steps here and hopefully you can get that iPad back: https://t.co/fUoKdx4Yut,leave ipadpro heartbreaking object afford buy,hate hear follow step ipad url
AppleSupport,149295,@AppleSupport I went to your store to get my computer checked a few days ago to realize they never gave me back my power cord and I want to die the store is very far from me I don't know what to do,@149295 Hey there! We'd love to see what we can do. DM us which country you're in and we'll get started. https://t.co/GDrqU22YpT,go store computer check day realize give power cord want die store know,love dm country start url
AppleSupport,149294,@115858 @AppleSupport How do I get rid of this? Also even if put my card info in it gets declined. https://t.co/cwR2dd5omM,@149294 We can help. Please visit us here to resolve this issue and check that your payment method is supported: https://t.co/Y0YoIRcZa7,rid card info get decline url,help visit resolve issue check payment method support url
AppleSupport,149293,How sad. My iPhone 6s Plus battery has become the worst thing ever. @AppleSupport please explain because it's only a year old?,@149293 We want to help you with what you're experiencing. Have you updated your iPhone to the latest version of iOS? When did these issues start occurring? Please send us a DM and we'll take a look together. https://t.co/GDrqU22YpT,sad iphone 6s battery bad thing explain year old,want help experience update iphone late version issue start occur send dm look url
AppleSupport,188129,@AppleSupport what the hell has the latest IOS 11.0.2 done to my phone? It has frozen 6 times today! Nothing but reboot fixes it #iOS11,@188129 Let's look into this together. Please send us a DM and we will go from there.,hell late ios phone freeze time today fix ios11,let look send dm
AppleSupport,188128,"@AppleSupport I have a 2mo old  iPhone 7 and recently updated to the new iOS.
I’ve used my phone 2times since 10:30
At 11:30 it is at 84%
👀!",@188128 Thanks for reaching out. Try the steps here and let us know if there's any change: https://t.co/2voRgjSsVf,2mo old iphone update new ios phone % 👀,thank reach try step let know change url
AppleSupport,629312,You never think it’s true until it happens to you 😭 #ios11 @115858 https://t.co/pmqJuW37sX,@629312 Here’s what you can do to work around the issue until it’s fixed in a future software update: https://t.co/xXaXeeSRt9,think true happen ios11 url,work issue fix future software update url
AppleSupport,188128,@AppleSupport Also bugs like ...this is what my phone contacts presently look like 👀 https://t.co/AB6OhWPFtM,@188128 We'd like to look into this further with you. DM us and we'll go from there. https://t.co/GDrqU22YpT,bug phone contact look 👀 url,like look dm url
AppleSupport,188127,@115858 sent me a replacement phone and the battery life is worse than my old phone 😒,@188127 That's not good! We want to help. Which iPhone and iOS version are you using? Are you using the same Lightning cable?,send replacement phone battery life bad old phone 😒,good want help iphone version lightning cable
AppleSupport,629313,.@115858 🤧 help,@629313 We'd be happy to help get your device updated. Have you tried updating the iPhone via a computer on iTunes? Please DM us: https://t.co/GDrqU22YpT,help,happy help device update try update iphone computer itunes dm url
AppleSupport,588056,"Dis @AppleSupport, y aurait pas 1 petit prob avec #IOS11 et le wifi ? iPad et IPhone se déconnectent pas mal du wifi. 1 mise à jour prévue?",@588056 We offer support via Twitter in English. Contact us for help in your preferred language here: https://t.co/IBIY3vMgPj,dis y aurait pas petit prob ios11 et le wifi ipad et iphone déconnectent pa mal du wifi mise à jour prévue,offer support twitter english contact help preferred language url
AppleSupport,326456,@AppleSupport why i have this simbol in my photos? Pictures dont loading https://t.co/fCAwyc6QMw,@326456 We're here to help. Let's take this to DM so we can better assist you. https://t.co/GDrqU22YpT,simbol photo picture load url,help let dm assist url
AppleSupport,123833,@AppleSupport 😠ios11 I'm always charging the battery. Fix this urgently,@123833 We want to look into your battery life issue with you. DM us details using the link below. https://t.co/GDrqU22YpT,😠 ios11 charge battery fix,want look battery life issue dm detail link url
AppleSupport,329722,"In #iOS11 on my iPhone 8 Plus, #message app keyboard keeps changing, sounds turn on and off, I cant fix any of it? Help? @AppleSupport",@329722 We want to help. Please DM us which version of iOS 11 you are currently running to get started. https://t.co/GDrqU22YpT,ios11 iphone plus # message app keyboard keep change sound turn fix help,want help dm version ios run start url
AppleSupport,629314,@AppleSupport why does it turn weird when you try to type I? And it changes it to I️,@629314 Here’s what you can do to work around the issue until it’s fixed in a future software update: https://t.co/xXaXeeSRt9,turn weird try type change i️,work issue fix future software update url
AppleSupport,629315,"@AppleSupport Apple, I️ already tried it TWICE ! And it’s not working !",@629315 OK. DM us and we can go from there. https://t.co/GDrqU22YpT,apple i️ try work,ok dm url
AppleSupport,629315,@115858 PLEASE fix this programming issue with “I️” y’all got some of the top computer programmers in the country probably and my phone going through this,@629315 Here’s what you can do to work around the issue until it’s fixed in a future software update: https://t.co/xXaXeeSRt9,fix programming issue i️ y’ get computer programmer country phone go,work issue fix future software update url
AppleSupport,128115,"Hi @AppleSupport Since macOS High Sierra install, my external SD card is removed every time it’s back from sleep. That didn’t happen before",@128115 We'd like to look into this a bit closer with you. Could you join us in DM with more details?,macos high sierra install external sd card remove time sleep happen,like look bit close join dm detail
AppleSupport,188126,Ajeitem a cagada com sistema operacional thanks @AppleSupport @115858,"@188126 Since our Twitter support is available in English, get help at https://t.co/IBIY3vMgPj or join https://t.co/pvaOFfPbjt",ajeitem cagada com sistema operacional thank,twitter support available english help url join url
AppleSupport,149291,My computer has been looking like this for the past 3 hours... not good... #help @AppleSupport #lost https://t.co/P1HtKEsMEn,@149291 We're happy to help with your MacBook. How was your device being used with this occurred? Were you installing an update or simply starting up?,computer look past hour good help lose url,happy help macbook device occur instal update start
AppleSupport,553369,Okay but what if I want to text JUST MARGARET?!??!? @AppleSupport https://t.co/pArraR1ErR,@553369 We'd love to take a look. Please DM us which device and software you’re using. https://t.co/GDrqU22YpT,want text margaret url,love look dm device software url
AppleSupport,149292,"@AppleSupport, dear friends, my iPhone somewhere lost my #thanksgiving badge. Where can I find it? I’m sad I had the 3.1 miles and get promise broken, no received https://t.co/gsGDBcCPHz",@149292 Thanks for reaching out to us for assistance with your Achievement Badge. We're happy to look into this with you. Take a look at this link and let us know if this helps: https://t.co/xwf6lrIgzJ https://t.co/GDrqU22YpT,dear friend iphone lose thanksgiving badge find sad mile promise break receive url,thank reach assistance achievement badge happy look look link let know help url url
AppleSupport,188130,Anyone else’s @917 freeze and crash when opening after the new @AppleSupport iOS update?,@188130 Hi there! Have you done any troubleshooting so far--such as reinstalling the app?,freeze crash open new ios update,hi troubleshooting reinstall app
AppleSupport,668853,"@AppleSupport W/ Update on Iphone 6s.. screen wont black out when making calls.... constantly muting calls, putting on speaker with my face... #fixit","@668853 We're here to help and want to make sure that calls are working as expected on your iPhone! To start, just to verify are you currently on iOS 11.1.1? Also, did these issues start only after updating?",update iphone 6s screen black make call mute call put speaker face fixit,help want sure call work expect iphone start verify ios issue start update
AppleSupport,149288,@AppleSupport on two occasions now my iPhone X has refused to recognize my passcode. Phone is now disabled for 15 minutes. I’ve typed this passcode hundreds of times without a problem. Have others reported something similar? Looks like I may have to reset the phone yet again.,@149288 That is certainly not the experience we want you to have. Let's discuss this in DM. https://t.co/GDrqU22YpT,occasion iphone x refuse recognize passcode phone disabled minute type passcode hundred time problem report similar look reset phone,experience want let discuss dm url
AppleSupport,149286,@AppleSupport I updated my Apple ID to an iCloud address and PayPal is no longer available as a payment option in the iTunes &amp; App Store settings. Is this connected? I’m in the UK.,@149286 Let's get to the bottom of this together. Are you part of a Family Sharing group? Did you make any other changes to your Apple ID?,update apple id icloud address paypal available payment option itunes amp app store setting connect uk,let family sharing group change apple id
AppleSupport,514242,@AppleSupport Since the update and I’ve tried that a few times still the same issue.,@514242 T Got it. Please DM us so that we can troubleshoot together. https://t.co/GDrqU22YpT,update try time issue,t get dm troubleshoot url
AppleSupport,502570,So @115858 releases all these updates with small bug fixes n shit yet half the world can’t type “I️” and they just act like nothings wrong,@502570 Here’s what you can do to work around the issue until it’s fixed in a future software update: https://t.co/xXaXeeSRt9,release update small bug fix shit world type i️ act nothing wrong,work issue fix future software update url
AppleSupport,502571,Bruh @115858 wtf is this glitch with the letter i?? Fix it man,@502571 Here’s what you can do to work around the issue until it’s fixed in a future software update: https://t.co/xXaXeeSRt9,bruh wtf glitch letter fix man,work issue fix future software update url
AppleSupport,502572,"Oh @115858? Why am I getting weird error messages, autocorrects, &amp; letter replacements in my posts &amp; messages, on both #macbook and #iphone?",@502572 Here’s what you can do to work around the issue until it’s fixed in a future software update: https://t.co/xXaXeeSRt9,get weird error message autocorrect amp letter replacement post amp message macbook iphone,work issue fix future software update url
AppleSupport,502573,"❌ @AppleSupport please help users w/ the ""i"" problem https://t.co/7SE2jyEq7Y",@502573 Here’s what you can do to work around the issue until it’s fixed in a future software update: https://t.co/xXaXeeSRt9,help user w/ problem url,work issue fix future software update url
AppleSupport,502574,@AppleSupport Thank you! 🙏🏽,@502574 You're welcome.,thank 🙏 🏽,welcome
AppleSupport,502574,".@AppleSupport I️ made a joke tweet about this annoying “I️” glitch like a week ago, but now I’m f’real. When are you fixing it?",@502574 Here’s what you can do to work around the issue until it’s fixed in a future software update: https://t.co/xXaXeeSRt9,.@applesupport i️ joke tweet annoying i️ glitch week f’real fix,work issue fix future software update url
AppleSupport,502569,Hey @115858 I️ hate this stupid update,@502569 We'd like to help any way we can as we'd like for you to enjoy the new features. Which model and OS version do you have?,i️ hate stupid update,like help way like enjoy new feature model os version
AppleSupport,502576,@AppleSupport @115858 Like that the hell...,@502576 Here’s what you can do to work around the issue until it’s fixed in a future software update: https://t.co/xXaXeeSRt9,hell,work issue fix future software update url
AppleSupport,502577,@AppleSupport THIS QUESTION MARK BOX THING IS DRIVING ME NUTS PLEASE STOP THIS MADNESS,@502577 Here’s what you can do to work around the issue until it’s fixed in a future software update: https://t.co/xXaXeeSRt9,question mark box thing drive nuts stop madnes,work issue fix future software update url
AppleSupport,318806,"@AppleSupport this update has been constantly freezing up my phone, crashing apps and even not recognizing chargers ive used forever",@318806 Sorry you're having issues! Send us a DM letting us know which device you're using. https://t.co/GDrqU22YpT,update freeze phone crash app recognize charger ve,have issue send dm let know device url
AppleSupport,149286,"@AppleSupport Check out this screenshot. The £2.49 you see being billed is an iCloud storage plan, shared with Family. The £14.99 is Apple Music Family Plan. What's changed? https://t.co/IWWrPUGFV4",@149286 With a Family Sharing account you'll need to use a credit or debit card to make purchases. If you have more questions about payment options you can reach out to our iTunes Advisors here: https://t.co/SDIe7UiyJN,check screenshot bill icloud storage plan share family apple music family plan change url,family sharing account need use credit debit card purchase question payment option reach itunes advisor url
AppleSupport,502578,.@AppleSupport...please help. I️ cannot take my “I️” being changed every time I️ type it. HELPPPPPP,@502578 Here’s what you can do to work around the issue until it’s fixed in a future software update: https://t.co/xXaXeeSRt9,.@applesupport help i️ i️ change time i️ type helpppppp,work issue fix future software update url
AppleSupport,228617,@AppleSupport Yeah that didn’t work.,@228617 Send us a DM and we can look into this further with you. https://t.co/GDrqU22YpT,work,send dm look url
AppleSupport,629302,@AppleSupport I️ AM TIRED OF THIS GLITCH,@629302 Here’s what you can do to work around the issue until it’s fixed in a future software update: https://t.co/xXaXeeSRt9,i️ tired,work issue fix future software update url
AppleSupport,502576,@AppleSupport @115858 why does my phone change “I️” to a question make every time I️ type it,@502576 Here’s what you can do to work around the issue until it’s fixed in a future software update: https://t.co/xXaXeeSRt9,phone change i️ question time i️ type,work issue fix future software update url
AppleSupport,502569,@AppleSupport iPhone 7 &amp; iOS 11.1,@502569 Can you let us know some additional details about what's happening? Feel free to DM us. https://t.co/GDrqU22YpT,iphone amp,let know additional detail happen feel free dm url
AppleSupport,502568,"@AppleSupport my laptop won't go to sleep when I close the lid, or wake back up when I open it. Any suggestions on how it can be fixed?","@502568 We'd be happy to look into this issue with you. Send us a DM, and we'll continue from there. https://t.co/GDrqU22YpT",laptop sleep close lid wake open suggestion fix,happy look issue send dm continue url
AppleSupport,808548,Has anyone had a fix for Game Center yet? Or is it being PR managed into DMs? Not working on cellular or wifi. Stop blaming users and escalate. @AppleSupport,@808548 We can take a look into this with you. Please send us a DM with details on what you are experiencing. https://t.co/GDrqU22YpT,fix game center pr manage dms work cellular wifi stop blame user escalate,look send dm detail experience url
AppleSupport,145593,Screw OS 11 @115858 . Even an iPhone 7 Plus has got such a horrible lag. Do something and stop giving me the android experience.,@145593 Let’s team up on this situation. What is the exact version number of iOS 11 you’re using? Let us know via a DM. We’ll go from there. https://t.co/GDrqU22YpT,screw os iphone get horrible lag stop give android experience,let team situation exact version number let know dm url
AppleSupport,210265,Your new iOS update made my phone even more glitchy and slow!!!! Why!!!! @115858,@210265 We'd like to help. Can you provide us some details about what's going on?,new ios update phone glitchy slow,like help provide detail go
AppleSupport,572833,iOS 11 is stupid @AppleSupport I️ just lost all my pictures 😑,@572833 We'd be happy to help. Send us a DM. https://t.co/GDrqU22YpT,ios stupid i️ lose picture,happy help send dm url
AppleSupport,502566,@502567 The irony being it wont let me edit bc it’s normal there. Why @115858 why?  Plz fix that So we can type  I️ without it appearing possessed,@502566 Here’s what you can do to work around the issue until it’s fixed in a future software update: https://t.co/xXaXeeSRt9,irony let edit bc normal fix type i️ appear possess,work issue fix future software update url
AppleSupport,579164,"@115858 you guys seriously turned a great product, into a piece of shit. This update continues to suck, my iPhone 6 is now garbage.",@579164 We want to make sure you enjoy your Apple products. DM us details of the issue you're experiencing &amp; we'll be happy to help. https://t.co/GDrqU22YpT,guy turn great product piece shit update continue suck iphone garbage,want sure enjoy apple product dm detail issue experience amp happy help url
AppleSupport,808552,"@AppleSupport Yes. I’ve also tried signing out of iCloud and back in. Also tried turning off auto-correct, etc. All the things suggested in the forums. No effect. TR items created on the 8 appear on my other devices, but it doesn’t work the other way.",@808552 Got it. What other devices do you use with this Apple ID? Are all devices up to date?,try sign icloud try turn auto correct thing suggest forum effect tr item create appear device work way,got device use apple id device date
AppleSupport,669736,when i use BOLD font on my phone on a certain text size will work😤 @115858 @AppleSupport,@669736 Thanks for reaching out. We're here to help. DM us so we can look into this further with you. https://t.co/GDrqU22YpT,use bold font phone certain text size work,thank reach help dm look url
AppleSupport,579170,Hey @115858 thanks for making my iPhone utterly unusable with the new update! Love it. https://t.co/e3KsUyhd4O,@579170 Thanks for reaching out! We’d like to take a closer look at this. Let us know exactly what is happening in DM to proceed. https://t.co/GDrqU22YpT,thank make iphone unusable new update love url,thank reach like close look let know happen dm proceed url
AppleSupport,21723,"@AppleSupport I don’t want to have to check! Is there a way for the device to show the status of the personal hotspot, as it does when it is connected to a client, and as the network bars show status?",@21723 The only other way to see if Personal Hotspot is enabled or not is by using 3D touch on the network toggles in Control Center where you can quickly turn it on or off.,want check way device status personal hotspot connect client network bar status,way personal hotspot enable 3d touch network toggle control center turn
AppleSupport,21723,"@AppleSupport Noted, thank you. Can I suggest this is a design issue that needs to be addressed? Leaving personal hotspot on unnecessarily is a serious power drain. Notifying the user could help avoid this and thus preserve precious power.","@21723 We would suggest leaving Personal Hotspot disabled in Settings unless actively using it to avoid such confusion. If you'd like to provide feedback, you can do so here: https://t.co/eTPVYVFyd8",note thank suggest design issue need address leave personal hotspot power drain notify user help avoid preserve precious power,suggest leave personal hotspot disabled settings avoid confusion like provide feedback url
AppleSupport,21723,@AppleSupport Is there anyway to ensure iOS Personal Hotspot is turned of when not in use? It’s a real battery drain but when no device is connected to it there is no indication it is on (otherwise indicated by the blue top bar),@21723 There certainly is. You'll be able to check and turn off Personal Hotspot by going to Settings &gt; Personal Hotspot.,ensure personal hotspot turn use real battery drain device connect indication indicate blue bar,able check turn personal hotspot go setting gt personal hotspot
AppleSupport,149286,"@AppleSupport I’m the owner of a family sharing group. No other changes to my Apple ID. I had PayPal set previously, then made a purchase in the iTunes Store (iOS) and it asked me to re-enter my PayPal password, but there was no option to. Card was only option available.","@149286 Good to know. With Family Sharing accounts, you'll need to us a credit or debit card. For more about what payment methods you can use, check this out: https://t.co/QlgvVVFJem",owner family sharing group change apple id paypal set purchase itunes store ios ask - enter paypal password option card option available,good know family sharing account need credit debit card payment method use check url
AppleSupport,669735,@115858 please fix this “I️”  shit. I’m going fucking crazy,"@669735 We're here to help and will do all we can to work towards a resolution. To help guide us through troubleshooting, may we know the current iOS version shown in Settings &gt; General &gt; About?",fix i️ shit go fuck crazy,help work resolution help guide troubleshooting know current version show settings gt general gt
AppleSupport,693990,@AppleSupport I send direct messages and wait your answer https://t.co/djCqa8PbRz,@693990 We've received your DM. Please look for our reply there.,send direct message wait answer url,receive dm look reply
AppleSupport,329054,First time plugging in earbuds into my iPhone and it’s super loose. @AppleSupport any help?,"@329054 We want to help you. DM us, and tell us a little bit more about what's going on when you say the EarPods are loose. We can assist you. https://t.co/GDrqU22YpT",time plug earbud iphone loose help,want help dm tell little bit go earpods loose assist url
AppleSupport,669734,"@AppleSupport what’s good with this I️ bullshit, how Can I fix this","@669734 An update has been released to assist with this issue. If you haven’t yet, please back up your device and update it to iOS 11.1.1. For more info, check out: https://t.co/4f8hwT5to6",good i️ bullshit fix,update release assist issue device update ios info check url
AppleSupport,808552,"@AppleSupport iPhone 6s and iPad Pro 9.7. Yes, all up to date.",@808552 Thank you. Let’s look into this in more in DM. You can use the link below to reach out to us. https://t.co/GDrqU22YpT,iphone ipad pro date,thank let look dm use link reach url
AppleSupport,808550,"@808551 @AppleSupport Getting these as well, thank god I don’t have attacks I need to get in",@808550 Thanks for reaching out. We'd like some details to assist. Let us know the exact error you're receiving in a DM and we'll continue. https://t.co/GDrqU22YpT,get thank god attack need,thank reach like detail assist let know exact error receive dm continue url
AppleSupport,629303,Anybody else having trouble moving the FaceTime Audio window on 10.13.1? Ignoring mouse clicks. @AppleSupport,@629303 We're here to help. Let's take this to DM so we can better assist you. https://t.co/GDrqU22YpT,have trouble move facetime audio window 10.13.1 ignore mouse click,help let dm assist url
AppleSupport,149287,"why @115858 @AppleSupport are still having this volume thing till now! very weird and annoying. 

#UI #UX 🤔 https://t.co/EE5dz4XuPb",@149287 Thanks for reaching out. We can definitely look into this with you. Can you tell us what's happening specifically? Which device are you using? DM us and let us know. https://t.co/GDrqU22YpT,have volume thing weird annoying ui ux url,thank reach look tell happen device dm let know url
AppleSupport,629304,@AppleSupport can you fix the i️ issue now bc this irritating af,@629304 Here’s what you can do to work around the issue until it’s fixed in a future software update: https://t.co/xXaXeeSRt9,fix i️ issue bc irritate,work issue fix future software update url
AppleSupport,502584,@AppleSupport Thank you,@502584 You're most welcome; have a great night!,thank,welcome great night
AppleSupport,502584,Ugh this foolishness with the letter “I” is really irritating. @115858 fix your 💩,@502584 Here’s what you can do to work around the issue until it’s fixed in a future software update: https://t.co/xXaXeeSRt9,ugh foolishness letter irritate fix,work issue fix future software update url
AppleSupport,502585,@AppleSupport thank you,"@502585 You're welcome. If you have questions in the future, feel free to reach out to us here.",thank,welcome question future feel free reach
AppleSupport,502585,@AppleSupport can you fix this question mark stuff it’s annoying thank you.,@502585 Here’s what you can do to work around the issue until it’s fixed in a future software update: https://t.co/xXaXeeSRt9,fix question mark stuff annoying thank,work issue fix future software update url
AppleSupport,502586,iOS11 beta 11.2 it’s gets hot when I play podcasts. It’s been like this for all iOS since 11 @AppleSupport #iPhoneSE,@502586 Thanks for reaching out. DM us so we can get started. https://t.co/GDrqU22YpT,ios11 beta get hot play podcast iphonese,thank reach dm start url
AppleSupport,502587,@115858 @AppleSupport you gonna fix this update anytime soon with these horrible “I️” keyboard problems. I️ want an iPhoneX for my time 😂,@502587 Here’s what you can do to work around the issue until it’s fixed in a future software update: https://t.co/xXaXeeSRt9,go fix update horrible i️ keyboard problem i️ want iphonex time 😂,work issue fix future software update url
AppleSupport,502588,@AppleSupport @115858 I️ I️ I️ I️ I️,@502588 Here’s what you can do to work around the issue until it’s fixed in a future software update: https://t.co/xXaXeeSRt9,i️ i️ i️ i️ i️,work issue fix future software update url
AppleSupport,629308,Excuse me @AppleSupport why does my lock screen not have anything on it? I don’t even have the time up? #ios11 is just full of glitches 🤦🏼‍♀️ https://t.co/5NUFcVs0L9,@629308 We want to be sure you get pertinent information on your Lock screen. Have you restarted your iPhone yet? Let us know in DM https://t.co/GDrqU22YpT,excuse lock screen time ios11 glitch 🤦 🏼‍ url,want sure pertinent information lock screen restart iphone let know dm url
AppleSupport,502589,"Dear god @115858, all hands on deck please to fix this question marks and A’s in little boxes issue @AppleSupport",@502589 Here’s what you can do to work around the issue until it’s fixed in a future software update: https://t.co/xXaXefaskH,dear god hand deck fix question mark little box issue,work issue fix future software update url
AppleSupport,502593,@115858 y’all need to fix this —&gt; I️,@502593 Here’s what you can do to work around the issue until it’s fixed in a future software update: https://t.co/xXaXeeSRt9,need fix gt i️,work issue fix future software update url
AppleSupport,502594,How do I know if a #macbook air EFI firmware update has been installed? @AppleSupport  I see the file download but it does not finish,@502594 We'd like to help. Which MacBook Air do you have? Let us know more about what you're experiencing in DM: https://t.co/GDrqU22YpT,know macbook air efi firmware update instal file download finish,like help macbook air let know experience dm url
AppleSupport,502595,@AppleSupport what is wrong with my phone,@502595 Here’s what you can do to work around the issue until it’s fixed in a future software update: https://t.co/xXaXeeSRt9,wrong phone,work issue fix future software update url
AppleSupport,693990,@AppleSupport I have a problem after the last update to you where the device stands at the screen of Apple does not close and does not open what the solution and how to be compensation if you wipe the data ?!,@693990 We’re here to help. Please DM us the device model you’re using so we can better assist you. https://t.co/GDrqU22YpT,problem update device stand screen apple close open solution compensation wipe datum,help dm device model assist url
AppleSupport,694000,"Dear Apple/ iPhone,

Currently, my phone is running slow, the apps are crashing, the screen is in &amp; out &amp; I’m NOT satisfied! You might as well send me a complimentary #iPhoneX or do I need to pull up? Lol @AppleSupport @115858 @116333 https://t.co/ugC1wcNUtq","@694000 Hey Jerome, we'd like to look into the issues you're having with your iPhone. DM us some info about the current iOS version you're using and your model and we'll go from there. https://t.co/GDrqU22YpT",dear apple/ iphone phone run app crash screen amp amp satisfied send complimentary iphonex need pull lol url,hey jerome like look issue have iphone dm info current version model url
AppleSupport,693999,Big mistake downloading iOS 11. My music app freezes every time I try opening the app @AppleSupport @115948,"@693999 We’d love to help get you back to enjoying your music. To begin, is your device fully updated to iOS 11.1.1? Additionally, do any other apps not respond when trying to open them?",big mistake download ios music app freeze time try open app,love help enjoy music begin device update ios app respond try open
AppleSupport,693998,C’mon @115858. Your IOS update 11.1.1 broke #Siri worse than before! #Siriisbroken #IOS11.1.1,@693998 We'd like to take a look.  Feel free to let us know more about the behavior you're experiencing with Siri.,c’m ios update break siri bad siriisbroken ios11.1.1,like look feel free let know behavior experience siri
AppleSupport,669733,@116333 How do you call it? Is it Ten or the letter X? @AppleSupport,"@669733 iPhone X is pronounced ten, as in the roman numeral for 10. Learn more about iPhone X, and the 10th anniversary of iPhone, here: https://t.co/COYqvrDnEq",letter x ?,iphone x pronounce roman numeral learn iphone x 10th anniversary iphone url
AppleSupport,502592,is @AppleSupport going to fix this iOS so we can use the letter “i” or are we only focused on shades of gray skin for our vampire emojis now,@502592 Hello! Here’s what you can do to work around the issue until it’s fixed in a future software update: https://t.co/xXaXeeSRt9,go fix use letter focus shade gray skin vampire emoji,work issue fix future software update url
AppleSupport,629307,@115858 please fix my I the symbol thing is annoying and coming up with a way around it is also annoying!! Thanks !,@629307 Here’s what you can do to work around the issue until it’s fixed in a future software update: https://t.co/xXaXeeSRt9,fix symbol thing annoying come way annoying thank,work issue fix future software update url
AppleSupport,502583,@AppleSupport having so many issues with my iPhone X already 😭,@502583 We want your experience to be enjoyable with your new iPhone X. Let us know what's going on and we'll do all we can to help.,have issue iphone x 😭,want experience enjoyable new iphone x. let know go help
AppleSupport,626056,@AppleSupport ios 11.1 has crippled my 6s waooo u know the art of shattering expectations,@626056 We'd be happy to help with your iPhone. Meet us in DM with details of the issue. https://t.co/GDrqU22YpT,ios cripple waooo know art shatter expectation,happy help iphone meet dm detail issue url
AppleSupport,626060,@115858 CAN YOU PLEASE FIX THIS “A ?”PROBLEM?!!!,@626060 Here’s what you can do to work around the issue until it’s fixed in a future software update: https://t.co/xXaXeeSRt9 https://t.co/GDrqU22YpT,fix problem,work issue fix future software update url url
AppleSupport,626059,@115858 @AppleSupport my mac got stuck on apple logo after #highsierra upgrade. 😰,@626059 Thanks for reaching out. See if you're able to boot your Mac in Safe Mode:  https://t.co/PQ4LSYhUTY,mac get stick apple logo highsierra upgrade 😰,thank reach able boot mac safe mode url
AppleSupport,626059,"@AppleSupport Was able to boot into safe mode but when i restart the mac, it freezes on the apple logo with almost complete loading bar. I waited for 5 hrs but it didnt work. 😥",@626059 Let's take a look at this together. We'll continue our conversation in DM. https://t.co/GDrqU22YpT,able boot safe mode restart mac freeze apple logo complete loading bar wait hrs work 😥,let look continue conversation dm url
AppleSupport,502580,@AppleSupport when i facetime anyone it doesnt work and they cant see me but i can see and hear them.. ever since i updated my shit,@502580 We're here to help! Does your selfie camera still work for pictures and videos? We want to make sure it's not the camera.,facetime work hear update shit,help selfie camera work picture video want sure camera
AppleSupport,629305,@AppleSupport DO AN UPDATE. This is annoying. https://t.co/JK5vMV1MH6,@629305 Here’s what you can do to work around the issue until it’s fixed in a future software update: https://t.co/xXaXeeSRt9,update annoying url,work issue fix future software update url
AppleSupport,629306,"What is the deal with the capital I️ bug, @115858? I️ am not amused. #iphonebug",@629306 Here’s what you can do as a work around until it’s fixed in a future software update: https://t.co/qODbOsp4wz DM us any issues https://t.co/GDrqU22YpT,deal capital i️ bug i️ amuse iphonebug,work fix future software update url dm issue url
AppleSupport,502581,Yo @AppleSupport all my phone does is freeze and I’ve had the phone for 14 days. What the @$&amp;! This is wack.,@502581 We'd like to help! Send us a DM with the country that you are located in to continue. https://t.co/GDrqU22YpT,yo phone freeze phone day wack,like help send dm country locate continue url
AppleSupport,502582,@AppleSupport Thanks @AppleSupport,@502582 You're most welcome. Enjoy your day!,thank,welcome enjoy day
AppleSupport,502582,Oh @115858 please fix that stupid glitch with my iPhone. You know the one. . . Replacing my ‘I’ with a ‘A’  and a question mark in a box!!!😳,@502582 Here’s what you can do to work around the issue until it’s fixed in a future software update: https://t.co/xXaXeeSRt9,fix stupid glitch iphone know replace question mark box,work issue fix future software update url
AppleSupport,502583,@AppleSupport Delivered) but I won’t actually receive anything :(,@502583 Got it. Let's work together to figure it out. Does the issue seem to be specific to any particular contacts?,deliver receive,get let work figure issue specific particular contact
AppleSupport,355726,@AppleSupport hi! I have stains on my MacBook Pro 13 screen. but my warranty has expired since February. Can u help me,@355726 Let's see how we can help. Send us a DM and tell us the country you're located in to begin. https://t.co/GDrqU22YpT,stain macbook pro screen warranty expire february help,let help send dm tell country locate begin url
AppleSupport,273592,@115858 hey can you all send me a new charger please. These things don't last. https://t.co/TzhlA11Zjf,@273592 We'd love to assist you. DM us at the link below for further assistance. https://t.co/GDrqU22YpT,send new charger thing url,love assist dm link assistance url
AppleSupport,355725,@AppleSupport why does my music player always appear on my lock screen? I’m not playing music nor is it connected to a Bluetooth device.,@355725 We'd like to take a look at this with you. Let's continue in DM. https://t.co/GDrqU22YpT,music player appear lock screen play music connect bluetooth device,like look let continue dm url
AppleSupport,626058,@AppleSupport I can not access messages iPhone x iOS 11.1 please help 🤚🏼,@626058 DM us and let us know more details. Does the Messages app not load?  Use the link below. https://t.co/GDrqU22YpT,access message iphone help 🤚 🏼,dm let know detail messages app load use link url
AppleSupport,502583,"@AppleSupport Nope, completely random. I’ve missed a few messages in group chats as well","@502583 Let's check iMessage settings in Settings &gt; Messages &gt; Send &amp; Receive. Make sure everything you expect is checked, then DM us. https://t.co/GDrqU22YpT",random miss message group chat,let check imessage setting settings gt message gt send amp receive sure expect check dm url
AppleSupport,626057,When your MacBook Pro decides to stop working and you've got all your school work on it and you can't get an appointment into @115858 until Saturday #help,@626057 We'd like to see how we can help and perhaps save you a trip. What exactly is happening with it? Is it not powering on at all?,macbook pro decide stop work get school work appointment saturday help,like help save trip happen power
AppleSupport,626057,@AppleSupport I've got a grey screen with a folder that has a question mark on it,@626057 This article can help: https://t.co/KKHbRRkCpI DM us if you run into any issues along the way. https://t.co/GDrqU22YpT,get grey screen folder question mark,article help dm run issue way url
AppleSupport,228617,Man this new @115858 update has my phone all screwed up. What’s with this “A” then a box with a question mark? @AppleSupport,@228617 Here’s what you can do to work around the issue until it’s fixed in a future software update: https://t.co/xXaXeeSRt9,man new update phone screw box question mark,work issue fix future software update url
AppleSupport,502688,"@AppleSupport Pages update has bugs in the tags section. I was editing and adding tags and pages kept going to a white screen, no data.",@502688 We're happy to help. DM us the device and operating system you are using: https://t.co/GDrqU22YpT,page update bug tag section edit add tag page keep go white screen datum,happy help dm device operating system url
AppleSupport,149719,@AppleSupport Yes it is fully updated.,"@149719 We'd be happy to look into this with you further. DM us, using the link below, and we'll go from there. https://t.co/GDrqU22YpT",update,happy look dm link url
AppleSupport,577995,@AppleSupport I just created a QT video and I am trying to save it to my iPhone from my desktop computer and to have it saved to my Photos,"@577995 The video will need to be formatted for iPhone, then exported. Learn more about how to do that here:  https://t.co/qq3thtcbRW",create qt video try save iphone desktop computer save photos,video need format iphone export learn url
AppleSupport,629331,@115858 please fix the glitch with the A and weird ? symbol IT’S VERY ANNOYING https://t.co/OVbSGv6qjQ,@629331 Here’s what you can do to work around the issue until it’s fixed in a future software update: https://t.co/xXaXeeSRt9,fix glitch weird symbol annoying url,work issue fix future software update url
AppleSupport,521902,@142751 I️ Hate @115858 rn tho 🙄,@521902 Here’s what you can do to work around the issue until it’s fixed in a future software update: https://t.co/xXaXeeSRt9,i️ hate tho 🙄,work issue fix future software update url
AppleSupport,521903,@115858 FIX THIS F#%&amp;ING I️ THING,@521903 Here’s what you can do to work around the issue until it’s fixed in a future software update: https://t.co/qODbOsp4wz,fix f#%&amp;ing i️ thing,work issue fix future software update url
AppleSupport,521904,@5802 Gee wiz @115858 fix your “I️” bullshit. It’s 2017.,@521904 Here’s what you can do to work around the issue until it’s fixed in a future software update: https://t.co/xXaXeeSRt9,gee wiz fix i️ bullshit,work issue fix future software update url
AppleSupport,355568,@AppleSupport Keeping the wi fi on when I'm out makes the phone wast even more battery.,@355568 Which model do you have and is iOS 11.0.3 the version installed? Tried any steps so far? Please DM us here: https://t.co/GDrqU22YpT,keep wi fi make phone wast battery,model ios version instal try step dm url
AppleSupport,355567,@AppleSupport My 15 month old MacBook Air won't start! Was fine last night and in perfect condition. Not a charger issue. Checked! SOS! :(,@355567 We can help with your MacBook Air! Please try the steps in the following article and let us know: https://t.co/RqWW0duJ0U,month old macbook air start fine night perfect condition charger issue check sos,help macbook air try step follow article let know url
AppleSupport,355567,"@AppleSupport Thanks, but I tried all of these! Anything more I can try?!",@355567 Thank you for giving those steps a try. Would you mind joining us in DM? We'd like to continue our conversation there. https://t.co/GDrqU22YpT,thank try try,thank give step try mind join dm like continue conversation url
AppleSupport,629330,"I’m sick of seeing these damn question mark boxes!!

🗣 @115858 FIX OUR SHIT!",@629330 Here’s what you can do to work around the issue until it’s fixed in a future software update: https://t.co/xXaXeeSRt9,sick see damn question mark box 🗣 fix shit,work issue fix future software update url
AppleSupport,355566,@AppleSupport hi apple I keep getting an error message saying something about the imap when I try to go to emails can you help?,@355566 We can definitely help out. Could you Direct Message us so we can get more information? https://t.co/GDrqU22YpT,apple get error message say imap try email help,help direct message information url
AppleSupport,202526,@AppleSupport some don’t even show up at all bruh,"@202526 Have you tried powering off and restarting? If not, try that and let us know the result: https://t.co/n9BF3L9h6y",bruh,try power restart try let know result url
AppleSupport,355566,@AppleSupport can you follow me? Thanks,"@355566 Our account is set up so no follows are needed. Be sure to use the up-to-date native Twitter app, and click the link below. https://t.co/GDrqU22YpT",follow thank,account set follow need sure use date native twitter app click link url
AppleSupport,355565,My phone just died on 92% . Plugged it up &amp; it went to 10%....turned it off &amp; on again &amp; it’s on 75%. 😒Fix this  @115858 @AppleSupport,@355565 We want to help you get your iPhone back to working properly. Which iPhone and iOS version are you using?,phone die % plug amp go 10% .... turn amp amp % 😒 fix,want help iphone work iphone version
AppleSupport,355564,@115858 why must iOS 11 suck the life out out of my phone In a few hours!??,@355564 This is certainly not the behavior we want you to experience. Could you tell us which iPhone and iOS 11 version you're using?,suck life phone hour,behavior want experience tell iphone version
AppleSupport,355563,@AppleSupport Just upgraded to 11.0.3 and it killed my cell service. How do I fix this?,@355563 Let's get your cell service back in action. What exactly is happening with your service?,upgrade kill cell service fix,let cell service action happen service
AppleSupport,355562,"@AppleSupport why my battery percentage keep draining while charging? And the battery cant charge, its stay at 15%","@355562 We'd be happy to look into this with you.  Which device are you using, what OS version is on it and when did this issue begin?",battery percentage drain charge battery charge stay %,happy look device os version issue begin
AppleSupport,202526,@115858 facetime live photos load so slowly pls fix,"@202526 We can help you with that. To get started, what kind of device are you using when this happens?",facetime live photo load fix,help start kind device happen
AppleSupport,355568,My @115858 Iphone is now a piece of junk since the last IOS update. Thinking in an @122609 cell phone as Xmas gift to myself.,@355568 Please tell us what's happening with your iPhone. We want to help.,iphone piece junk ios update think cell phone xmas gift,tell happen iphone want help
AppleSupport,355569,"Şarj aletimi kütüphanede unutmuşum, birileri almıştır bile:( öğrenciyim param da yok bana bi şarj aleti gönderir misiniz :( @AppleSupport",@355569 We offer support via Twitter in English. Contact us for help in your preferred language here: https://t.co/IBIY3vMgPj,şarj aletimi kütüphanede unutmuşum birileri almıştır bile param da yok bana bi şarj aleti gönderir misiniz,offer support twitter english contact help preferred language url
AppleSupport,502687,"@AppleSupport YESSS, I would have to go back directly to the app to change the songs🤷‍♂️",@502687 Which version of iOS and on what device are you seeing this happen on?,yesss app change song 🤷 ‍ ♂,version ios device see happen
AppleSupport,318836,What does that mean?? I’m not trying to send anything... please @6717 @115858 @46228 @118936 https://t.co/EHz1jaDGHM,@318836 We'd like to help with this. Could you tell us in DM which iPhone and version of iOS you're using? https://t.co/GDrqU22YpT,mean try send url,like help tell dm iphone version ios url
AppleSupport,318837,@AppleSupport ✔️ changed WiFi and now I’m happy,@318837 Thanks for updating us. We're glad this took care of it and we hope you have a great day!,✔ change wifi happy,thank update glad take care hope great day
AppleSupport,318837,@AppleSupport Thanks!!! Still not running. Tried 4 times but update says to take 2-5 hrs and stops after 1 hr. 😭,@318837 Are you completing the download on your home Wi-Fi? If you are experiencing slow downloads try another network to finish it.,thank run try time update say hrs stop hr 😭,complete download home wi fi experience slow download try network finish
AppleSupport,318837,Tryin to #update my @115858 watch for more than 4 hrs ant still not runnin!!!! 😒😔😪,"@318837 Hey there. Are you running into an issue updating your Apple Watch? If so, let us know what's going on. We're here for you.",tryin update watch hrs ant runnin 😒 😔 😪,run issue update apple watch let know go
AppleSupport,759516,@AppleSupport why now is the letter ‘I’ now defaulted as a capital letter A and a question mark in a box?,"@759516 We want to help. The autocorrect issues was resolved in the iOS 11.1.1 update. If you're still seeing the issues in others post only, that means they need to update or it was published before they installed the latest update.",letter default capital letter question mark box,want help autocorrect issue resolve ios update see issue post mean need update publish instal late update
AppleSupport,759517,@115858 can you explain to me how I spent $600.00 on an Iphone 6 and now my battery after these last two updates will die way to quick? My phone constantly has to be on a charger. God forbid I'm out and can't use my phone bc it dies hr/.5 after it being used. Am I paying 4 quality,@759517 That is not the experience we want you to have! Let's work together so that you can rely on your iPhone 6 again. Join us in DM with your current location and the exact version of iOS 11 currently installed. https://t.co/GDrqU22YpT,explain spend iphone battery update die way quick phone charger god forbid use phone bc die hr/.5 pay quality,experience want let work rely iphone join dm current location exact version ios instal url
AppleSupport,759518,@AppleSupport I️ am using IOS 11,@759518 The current version is iOS 11.1.2. The iOS update to 11.1.1 fixed this issue.,i️ ios,current version ios 11.1.2 ios update fix issue
AppleSupport,521916,@AppleSupport what’s the deal with these question mark boxes fam,@521916 Here’s what you can do to work around the issue until it’s fixed in a future software update: https://t.co/xXaXeeSRt9,deal question mark box fam,work issue fix future software update url
AppleSupport,381773,@115858 @116333 @AppleSupport can we please get a dedicated dark mode ?! Please,@381773 We appreciate any feedback you can give us. Let us know about the features you'd like to see implemented or changed using our official feedback form online here: https://t.co/eTPVYVFyd8,dedicated dark mode,appreciate feedback let know feature like implement change official feedback form url
AppleSupport,258470,"@AppleSupport On #iPhoneX, the new Done button gets out of wiggle mode when rearranging icons, but how to do this inside of a folder? Only way seems to be to close folder, which loses your context. Is this a bug?","@258470 There is no Done button within Folders. When in a folder, swipe up from the bottom and let us know if that gives you the expected results.",iphonex new button get wiggle mode rearrange icon folder way close folder lose context bug,button folders folder swipe let know give expected result
AppleSupport,161537,@AppleSupport can you please help me check the overall battery health of my iPhone 5s? Many thanks.,"@161537 We'd love to help out with your battery. Let's check out this article first:
https://t.co/TpjqFp3jxD",help check overall battery health iphone thank,love help battery let check article url
AppleSupport,502681,yo @115858 i can’t talk about myself with my phone glitching fix this shit,@502681 Here’s what you can do to work around the issue until it’s fixed in a future software update: https://t.co/xXaXeeSRt9,talk phone glitching fix shit,work issue fix future software update url
AppleSupport,502682,@115858 fix this fuckery w/the letter I️. It’s annoying!!!!!!!!!!,@502682 Here’s what you can do to work around the issue until it’s fixed in a future software update: https://t.co/xXaXeeSRt9,fix fuckery w letter annoying,work issue fix future software update url
AppleSupport,502683,Yo @115858 fix your update I’m tired of my I’s turning into symbols,@502683 Here’s what you can do to work around the issue until it’s fixed in a future software update: https://t.co/xXaXeeSRt9,yo fix update tired turn symbol,work issue fix future software update url
AppleSupport,502684,Please fix this @115858 @AppleSupport  this is terrible. https://t.co/r6ugQMJsdr,@502684 Here’s what you can do to work around the issue until it’s fixed in a future software update: https://t.co/xXaXeeSRt9,fix terrible url,work issue fix future software update url
AppleSupport,502685,K the I️ thing didn’t bother me until it effected me so @115858 when are you fixing it ? 🙄,@502685 Here’s what you can do to work around the issue until it’s fixed in a future software update: https://t.co/xXaXeeSRt9,k i️ thing bother effect fix 🙄,work issue fix future software update url
AppleSupport,481750,@AppleSupport how can I turn off AssistiveTouch on the iPhone X? I can't find any support articles and I can't turn it off.,"@481750 We want to help. If you go to Settings &gt; General &gt; Accessibility &gt; AssistiveTouch, you can turn it off. See: https://t.co/5yPqqWBEAM",turn assistivetouch iphone x find support article turn,want help setting gt general gt accessibility gt assistivetouch turn url
AppleSupport,502686,@AppleSupport please fix this capital i situation asap it’s annoying,@502686 Here’s what you can do to work around the issue until it’s fixed in a future software update: https://t.co/xXaXeeSRt9,fix capital situation asap annoying,work issue fix future software update url
AppleSupport,355561,IOS 11.0.3 with Charge Quickly Finish. Slow Charging. When the problem is solved. @115858 @AppleSupport  @2185 🙄🤔😒,"@355561 We're here for you. Send us a DM, and we'll take a closer look at the issue together. https://t.co/GDrqU22YpT",ios charge quickly finish slow charging problem solve 🙄 🤔 😒,send dm close look issue url
AppleSupport,318836,"@AppleSupport iPhone 6S plus, after updating to iOS 11","@318836 We appreciate your reply. Please send us a DM, so we can take a closer look. https://t.co/GDrqU22YpT",iphone 6s update,appreciate reply send dm close look url
AppleSupport,355560,@AppleSupport please fix iOS11 so my iPad charges all the time again!,@355560 Hey there. Let's talk via DM and we'll check a few things together. Please tap here to continue: https://t.co/GDrqU22YpT,fix ios11 ipad charge time,let talk dm check thing tap continue url
AppleSupport,355559,How do I change the setting in #ios11 to listen to old podcasts to new again? @318 @AppleSupport,@355559 We’re here to address your concerns. Let's team up in Direct Message using the link below. https://t.co/GDrqU22YpT,change setting ios11 listen old podcast new,address concern let team direct message link url
AppleSupport,521910,"Ever since this I️ bullshit from the iPhone, Shone has to refer to himself in third person. Shone really hopes @115858 fixes this soon ☹️",@521910 Here’s what you can do to work around the issue until it’s fixed in a future software update: https://t.co/uQeXsrrlXJ,i️ bullshit iphone shone refer person shone hop fix ☹,work issue fix future software update url
AppleSupport,521911,Come on @115858 with the next update. My phone glitchy af.,"@521911 We're here to help! What's going on with your iPhone? Send us a DM, we'll work on it there with you: https://t.co/GDrqU22YpT",come update phone glitchy af,help go iphone send dm work url
AppleSupport,521912,@115858 fix my I️ glitch,"@521912 If you're on iOS 11.1, try this: https://t.co/MaraeomA15 Questions? Feel free to send us a DM. https://t.co/GDrqU22YpT",fix i️ glitch,try url question feel free send dm url
AppleSupport,202524,@187671 @115858 Yes it sucks @115858 wish I could remove it my music on Bluetooth to my truck has 5 second delay to change songs and I hate Apple Pay,@202524 We'd love to check out what's happening with your Bluetooth connectivity together. Does a restart of the device change anything?,suck wish remove music bluetooth truck second delay change song hate apple pay,love check happen bluetooth connectivity restart device change
AppleSupport,202524,@AppleSupport I’ll give it a try and let you know,@202524 That sounds good! Let us know how it goes.,try let know,sound good let know go
AppleSupport,521914,The “I️” has now become an emoji on my phone. You’re got me straight tripping @115858 https://t.co/2XJqbrAWSG,"@521914 We'd like to look into this with you. Please send us a DM, and we'll continue there. https://t.co/GDrqU22YpT",i️ emoji phone get trip url,like look send dm continue url
AppleSupport,521915,This “ I️ “ shit blows. @AppleSupport,@521915 Here’s what you can do to work around the issue until it’s fixed in a future software update: https://t.co/xXaXeeSRt9,i️ shit blow,work issue fix future software update url
AppleSupport,521909,@115858 please fix my “i” problem.,@521909 Here’s what you can do to work around the issue until it’s fixed in a future software update: https://t.co/evcqP6KgPj,fix problem,work issue fix future software update url
AppleSupport,383366,Can y’all pls do something about this damn bug. EYE AM TIRED @115858,@383366 Here’s what you can do to work around the issue until it’s fixed in a future software update: https://t.co/qODbOsp4wz,damn bug eye tired,work issue fix future software update url
AppleSupport,521918,Hey @AppleSupport can you please explain what this is? https://t.co/pqzexJSty4,@521918 Here’s what you can do to work around the issue until it’s fixed in a future software update: https://t.co/xXaXeeSRt9,explain url,work issue fix future software update url
AppleSupport,202524,@AppleSupport Yes the reboot seemed to help the delay with Bluetooth thanks for suggestion,@202524 You're very welcome! Reach out to us again anytime!,reboot help delay bluetooth thank suggestion,welcome reach
AppleSupport,629332,@629333 @AppleSupport Well guess not even your fix doesn’t work,"@629332 Let's take a look at this together. To continue, please DM us with the link below. https://t.co/GDrqU22YpT",guess fix work,let look continue dm link url
AppleSupport,202523,The Podcast app updates in @115858 IOS 11.01 are pointless and make the app so much less user friendly. 😣😖😣,@202523 We always appreciate feedback. You can submit it here: https://t.co/eTPVYVFyd8,podcast app update ios pointless app user friendly 😣 😖 😣,appreciate feedback submit url
AppleSupport,202522,"@115858 @AppleSupport 2/3 #Ios11
#Iphone &amp; IPad Power drainage to quick/charging too slow","@202522 We can help. DM us, and we'll see what we can do. https://t.co/GDrqU22YpT",# iphone amp ipad power drainage charge slow,help dm url
AppleSupport,629332,Apple’s iOS updated screws up my “i’s” 😒😒😒@AppleSupport stupid,@629332 Here’s what you can do to work around the issue until it’s fixed in a future software update: https://t.co/xXaXeeSRt9,apple ios update screw 😒 😒 😒 stupid,work issue fix future software update url
AppleSupport,314755,@115858 @AppleSupport screen glitchy and unresponsive after update !!??!!! 😡 brand new pho ne !!,@314755 We want to help. Can you tell us which version of iOS 11 you have?,screen glitchy unresponsive update brand new ne,want help tell version ios
AppleSupport,521908,@AppleSupport can we get another update so this shit doesn’t happen anymore I️ am losing my mind,@521908 Here’s what you can do to work around the issue until it’s fixed in a future software update: https://t.co/xXaXeeSRt9,update shit happen i️ lose mind,work issue fix future software update url
AppleSupport,202525,@AppleSupport Thank you. Returned it today and was impressed how accommodating the staff was. Kudos to the manager at the Northpark Dallas location,@202525 We’re glad to hear about your experience. Have a great day.,thank return today impressed accommodate staff kudo manager northpark dallas location,glad hear experience great day
AppleSupport,202525,@AppleSupport I purchased a new MacBook Pro yesterday 10-7-17 at the Northpark location.  The left shift key does not work. can I get refund,@202525 Hi! Our MacBooks come with a 14 day return policy.,purchase new macbook pro yesterday northpark location left shift key work refund,macbooks come day return policy
AppleSupport,355558,@115858 not loving the IOS 11. Kills the battery. Please fix.,@355558 We're glad to help with your battery life. Send us a DM with which iOS version you're running. https://t.co/GDrqU22YpT,love ios kill battery fix,glad help battery life send dm ios version run url
AppleSupport,629605,Aye man @115858 I’m typing eye until y’all fix this I️ BS,@629605 Here’s what you can do to work around the issue until it’s fixed in a future software update: https://t.co/xXaXeeSRt9,aye man type eye fix bs,work issue fix future software update url
AppleSupport,355557,"@AppleSupport, the latest OS links Calendars to Reminders. I've deleted the lists several times, but they come back. Am I stuck with them?","@355557 We'd love to look into this with you!  To begin, feel free to DM us and we'll go from there: https://t.co/GDrqU22YpT",late os link calendars reminders delete list time come stuck,love look begin feel free dm url
AppleSupport,355556,@applesupport Hey out there. Why does Calendars (not in iCloud) delete history? I need that info and now it’s all gone. Why?,"@355556 We'll be happy to help in any way we can. Just so we understand, do you mean previous events in your Calendar?",calendars icloud delete history need info go,happy help way understand mean previous event calendar
AppleSupport,149299,"IOS 11.1.2 battery draining is shitting on me. My iPhone 6S’ battery literally goes from 70% to 30% in minutes, and to make it worse, it takes over 4 hours to fully charge. @AppleSupport",@149299 We want to help. DM us if this has only been happening since the most recent update and let us know which country you're in. We'll go from there. https://t.co/GDrqU22YpT,ios battery draining shit iphone 6s battery go % % minute bad take hour charge,want help dm happen recent update let know country url
AppleSupport,141104,@115858 y’all gotta fix my keyboard it’s tweaking like hell,@141104 We're glad to be able to assist. What exactly is happening with your keyboard? What device and what iOS version is it running?,get fix keyboard tweak hell,glad able assist happen keyboard device ios version run
AppleSupport,149301,Anyone else facing screen freezing issues on iphone 7 plus or is it just me? It started happening after 11.1.1 🤦🏽‍♂️ and after 11.1.2 the issue still exists @AppleSupport @115858 😭,@149301 We want to help with your device performance issues. Reach out via DM using the link below and tell us more about your issue. https://t.co/GDrqU22YpT,face screen freeze issue iphone start happen 🤦 🏽‍ issue exist 😭,want help device performance issue reach dm link tell issue url
AppleSupport,355556,"@AppleSupport MacBook Pro 15” ’12
Updates always current on devices. Genius Bar told me they couldn’t help. I’ve done so many things, I can’t list them!","@355556 Got it, thanks! So we can look closer into this with you, reach out to us in DM and we'll continue from there. https://t.co/GDrqU22YpT",macbook pro update current device genius bar tell help thing list,got thank look reach dm continue url
AppleSupport,355556,@AppleSupport Yes. I also do not sync my calendars between my devices b/c iTunes wanted to delete ALL events from my computer.,"@355556 Which model do you have and is iOS 11.0.3 the version installed? Have you tried any steps and if yes, which ones?",sync calendar device b c itunes want delete event computer,model ios version instal try step one
AppleSupport,191709,@AppleSupport Its fixed thank you #Apple IOS11,@191709 You're very welcome. Feel free to reach out to us if you need anything in the future.,fix thank apple ios11,welcome feel free reach need future
AppleSupport,191709,"@AppleSupport 
Whenever i try to download a game thats called roblox it crashes please fix please reply.","@191709 We’ll be glad to see how we can help. To clarify, the App Store crashes when you try to download the game?",try download game s call roblox crash fix reply,glad help clarify app store crash try download game
AppleSupport,149302,"@149303 @115858 Still having issues with login after yet another update. Can’t switch between users and the restart/shut down buttons don’t work either. Had to do another hard reset. This is the sort of thing I expect from Microsoft, not Apple. If this is the shape of things to come I may switch","@149302 We'd like to see how we can help. Send us a DM with more information, and we'll continue from there. https://t.co/GDrqU22YpT",have issue login update switch user restart shut button work hard reset sort thing expect microsoft apple shape thing come switch,like help send dm information continue url
AppleSupport,149303,@149302 @115858 @115858 what gives!! I installed update this morning and now my Air is a boat anchor. 😡 https://t.co/2dKZ4HlnQp,@149303 We know how much we rely on our Mac for our daily work. We'll do everything we can to get your Mac running smoothly again. Let's try booting in safe mode: https://t.co/PQ4LSYhUTY Let us know the results in DM: https://t.co/GDrqU22YpT,give instal update morning air boat anchor url,know rely mac daily work mac run let try boot safe mode url let know result dm url
AppleSupport,149302,If you’re thinking of upgrading to @115858 #HighSierra I wouldn’t waste your time! More bugs than an entire series of I’m a Celebrity!,@149302 We’re happy to help with any complications you’re facing. Could you let us know more details via a DM? We’ll move from there. https://t.co/GDrqU22YpT,think upgrade highsierra waste time bug entire series celebrity,happy help complication face let know detail dm url
AppleSupport,521905,I️ hope apple fix these bull @AppleSupport,"@521905 Thanks for reaching out. If you're on iOS 11.1, try this: https://t.co/xU1AGHStV6 Questions? Feel free to send us a DM.",i️ hope apple fix bull,thank reach try url question feel free send dm
AppleSupport,521906,@115858 stop waiting around &amp; fix the “I️” big issue because to programmers who don’t work for you- it’s aggravating &amp; insulting.,@521906 We can help. Please DM us. https://t.co/GDrqU22YpT,stop wait amp fix i️ big issue programmer work you- aggravate amp insulting,help dm url
AppleSupport,521907,@115858 @AppleSupport hey guys. been sitting at you apple store in spokane WA for over 8 hours with no resolve. They lack customer care.,@521907 We'd like to hear more about your experience. Send us a DM and we'll look into this. https://t.co/GDrqU22YpT,guy sit apple store spokane wa hour resolve lack customer care,like hear experience send dm look url
AppleSupport,353908,@AppleSupport just updated to 11.0.3 and can no longer swap my screens by pressing the left side. Is there a different way of doing it now??,@353908 We want to help. Can you let us know in DM which device you're using? https://t.co/GDrqU22YpT,update swap screen press left different way,want help let know dm device url
AppleSupport,577995,@AppleSupport I am trying to save a video to my iPhone photos. I have tried doing airdrop and that did not work… 1/,@577995 Thanks for reaching out. What app are you trying to save the video from? What happens when you try?,try save video iphone photo try airdrop work,thank reach app try save video happen try
AppleSupport,693971,@AppleSupport Here is a screenshot of what its still doing https://t.co/eMxAE3wSU9,"@693971 An update has been released to assist with this issue. If you haven’t yet, please back up your device and update it to iOS 11.1.1. For more info, check out: https://t.co/4f8hwT5to6",screenshot url,update release assist issue device update ios info check url
AppleSupport,693971,@AppleSupport The I still shows as A ❓.  iOS 11.1.1 is my current software,"@693971 To clarify, are you seeing this on other people's posts are is this happening when typing from your keyboard? Let us know in DM and we'll go from there. https://t.co/GDrqU22YpT",show ❓ current software,clarify see people post happen type keyboard let know dm url
AppleSupport,188121,Sigo pensando que ha sido un ERROR instalar la actualización #iOS11 sigo teniendo problemas con el 📱 @115858 😟,@188121 We offer support via Twitter in English. Get help in Spanish here: https://t.co/IBIY3vMgPj or join https://t.co/OczyRx7IOs,sigo pensando que sido un error instalar actualización ios11 sigo teniendo problemas con el 📱 😟,offer support twitter english help spanish url join url
AppleSupport,693989,@AppleSupport do you guys have a place to forward scam emails too? https://t.co/xCXlO5jMwP,@693989 Thanks for contacting us. Check out this link for the best information on reporting that message: https://t.co/LNMCdqt6fD,guy place scam email url,thank contact check link good information report message url
AppleSupport,693988,"@AppleSupport , I need help, purchased an apple ,iTunes card this morning, as a gift, the person says the card not vaild won't allow him to use help please",@693988 We'd be happy to point you in the right direction for help with your gift card. You'll want to get in touch with our iTunes Support team about this. You can schedule a call with them after creating a support case online here: https://t.co/SDIe7UiyJN,need help purchase apple itunes card morning gift person say card vaild allow use help,happy point right direction help gift card want touch itunes support team schedule create support case url
AppleSupport,693988,@AppleSupport Thank you,@693988 You're very welcome.,thank,welcome
AppleSupport,693987,"@AppleSupport Hey! I want to have a general tune-up of my mac + talk through my options in terms of backing up/storage of photos and files. Could I do this in an ordinary genius bar appointment? It not, what should I do? Thanks!","@693987 Hey, there. We can certainly do our best to help you out and look into options. Let's meet in DM and we'll continue there. https://t.co/GDrqU22YpT",want general tune mac talk option term back storage photo file ordinary genius bar appointment thank,good help look option let meet dm continue url
AppleSupport,693986,@115858 run me a new phone or my money back because my phone is acting up SO BAD,"@693986 Fill us in on what exactly is occurring with your iPhone, then we'll be happy to look in to this with you from there. https://t.co/GDrqU22YpT",run new phone money phone act bad,fill occur iphone happy look url
AppleSupport,693985,"@AppleSupport my 13"" macbook pro has a line thats glitchy at the bottom of the screen. When I type on microsoft word, i cant seem to see the bottom of the screen it looks cut off. And on black screen its a line along the bottom pixelated.l","@693985 You're in the right place; we'll do all we can to help. To get started, may we know when the line appears at the bottom of your screen? Does it appear immediately when you start up the Mac, or after you log in to your user account?",macbook pro line s glitchy screen type microsoft word screen look cut black screen line pixelated.l,right place help start know line appear screen appear start mac log user account
AppleSupport,270609,@AppleSupport Hi I️t means that every other email i send i get that screen and have to reset my phone i get 100-200 emails a day :/,"@270609 We'd like to take a closer look. To preserve your privacy and so we can go more in-depth, let's meet in DM. Thanks. https://t.co/GDrqU22YpT",i️t mean email send screen reset phone email day,like close look preserve privacy depth let meet dm thank url
AppleSupport,693985,"@AppleSupport It appears once i log into my account. And when opening up an app full screen, the line crops out the very bottom section of the screen. Even the dock bar, the dots of what apps are open are cropped","@693985 Got it, thanks! So we can look closer into this with you, reach out to us in DM below and we'll continue from there. https://t.co/GDrqU22YpT",appear log account open app screen line crop section screen dock bar dot app open crop,get thank look reach dm continue url
AppleSupport,693983,Not sure @115858 @AppleSupport what the 11.1.1 update was for but it sure made the operating system to my iPhone 6S unstable and reboot more than 30 times a day. Apparently your fix has made the phone unstable and its applications. Please find a fix.,"@693983 Hey, we want to do our best to get your iPhone back up and running as it should. To clarify, when the iPhone unexpectedly restarts, do you see an Apple logo or spinning gear? Also, are all apps updated in the App Store?",sure update operating system iphone 6s unstable time day fix phone unstable application find fix,want good iphone run clarify iphone restart apple logo spinning gear app update app store
AppleSupport,326451,"So annoying as I was trying to fix all the problems on my phone with the update and now I can't use it at all 😂 

@AppleSupport @115858",@326451 We’d be happy to keep working together on this situation via a DM. We’ll keep moving forward from there. https://t.co/GDrqU22YpT,annoying try fix problem phone update use,happy work situation dm move url
AppleSupport,316518,Anyone else with iPhone 6s having battery drain issues with ios11? All the bandaid fixes have DONE NOTHING @AppleSupport,@316518 Your battery life is important. We'd love to have a look into this with you. DM us to get started. https://t.co/GDrqU22YpT,iphone have battery drain issue ios11 bandaid fix,battery life important love look dm start url
AppleSupport,326451,@AppleSupport Thank you for replying but I managed to get it fixed now! And my Apple Music has fixed as well!,@326451 Glad to hear it. Don’t hesitate to reach out in the future. Take care.,thank reply manage fix apple music fix,glad hear hesitate reach future care
AppleSupport,629319,"Hey @115858, fix this I️ problem",@629319 Here’s what you can do to work around the issue until it’s fixed in a future software update: https://t.co/xXaXeeSRt9,fix i️ problem,work issue fix future software update url
AppleSupport,629320,Ummm @AppleSupport ? https://t.co/aFx17SREK3,@629320 We know your time is valuable. Please DM us your issue and we can look into helping you here. https://t.co/GDrqU22YpT,ummm url,know time valuable dm issue look help url
AppleSupport,693984,@AppleSupport The new updates have screw up my phone and i can no longer use my phone to take care of important issues with places like my bank. This is one example of the problem. Thinking of getting rid of iPhone unless this is fixed. https://t.co/OKL9v0A4Zw,"@693984 We've got you covered. If the 'i' is not working, we'd like to know which version of iOS you're currently on. Go to Settings &gt; General &gt; About",new update screw phone use phone care important issue place bank example problem think get rid iphone fix url,get cover work like know version ios settings gt general gt
AppleSupport,270609,"Dear @AppleSupport please get I️t together! I have to reset my phone every other email, and yes I’ve m done your 88000 updates.  Sincerely loyal, but annoyed customers https://t.co/U0fmlHXyjR","@270609 We're here for you. When you say you have to reset every other email, what do you mean by that exactly? Thanks.",dear i️t reset phone email m update loyal annoyed customer url,reset email mean thank
AppleSupport,693990,@AppleSupport iPhone 📱 7 plus/ 128/ black color,@693990 Please send us a Direct Message so we can better assist you. https://t.co/GDrqU22YpT,iphone 📱 black color,send direct message assist url
AppleSupport,326454,@AppleSupport Hi. I keep seeing my old notifications every time I check notification centre. I clear them all. But they keep appearing.,"@326454 Hi. Please DM us, and we'll take a closer look into this. https://t.co/GDrqU22YpT",see old notification time check notification centre clear appear,dm close look url
AppleSupport,629316,@AppleSupport why is this new update making my phone go slow ?,"@629316 We’d love to help with your iPhone. To start, send us a DM confirming which iPhone and software version you’re using. https://t.co/GDrqU22YpT",new update make phone slow,love help iphone start send dm confirm iphone software version url
AppleSupport,577994,All my contacts saved to my phone that didn’t have a backup are now gone after the new update! Screw this. Thanks @115858 for the bull crap!,"@577994 We'd like to help. Were you using iCloud on your iPhone? If so, have you checked https://t.co/tmRhWEkIq4 for any Contacts?",contact save phone backup go new update screw thank bull crap,like help icloud iphone check url contact
AppleSupport,480275,"Updated my iPhone and Carrier settings and now I have “No Service”.... help me someone, anyone? @115858 @AppleSupport","@480275 No service is no fun. Let's try restarting the iPhone, ejecting the SIM and placing it back in.
https://t.co/5KootZbxj1",update iphone carrier setting service help,service fun let try restart iphone eject sim place url
AppleSupport,577993,Never dealt with any freezes since I got this phone. All of a sudden these updates got restating very 5 mins smh. @AppleSupport do better,"@577993 We'd be happy to look into this with you!  To begin, feel free to DM us and we'll go from there: https://t.co/GDrqU22YpT",deal freeze get phone sudden update get restate min smh,happy look begin feel free dm url
AppleSupport,629317,Yo @115858 fix this god damn nonsense bug with the boxes.,@629317 Here’s what you can do to work around the issue until it’s fixed in a future software update: https://t.co/xXaXeeSRt9,yo fix god nonsense bug box,work issue fix future software update url
AppleSupport,629318,@115858 fix the I️ button,@629318 Here’s what you can do to work around the issue until it’s fixed in a future software update: https://t.co/xXaXeeSRt9,fix i️ button,work issue fix future software update url
AppleSupport,188126,@AppleSupport do something about IOS because the phone is not running well as it supposed to,"@188126 We'd be happy to look this over with you. Please meet us in DM so we may gather information, and better assist. https://t.co/GDrqU22YpT",ios phone run suppose,happy look meet dm gather information well assist url
AppleSupport,188125,This is a $2000 laptop that just freezes for the fun of it. cc: @AppleSupport https://t.co/5CbS9yA45W,@188125 Let's work together to get to the bottom of the trouble you're having. What application were you using when this occurred?,laptop freeze fun url,let work trouble have application occur
AppleSupport,188125,"@AppleSupport No, my screen wouldn’t turn on at all and then touchbar buttons didn’t do anything. So, I restarted it.",@188125 Send us a DM and let us know if there was any change after you restarted. We'll investigate further from there. https://t.co/GDrqU22YpT,screen turn touchbar button restart,send dm let know change restart investigate url
AppleSupport,188125,"@AppleSupport I had closed my laptop for the night and found it frozen like that in the morning. Had a litany of programs open: iTerm2, Chrome, etc...","@188125 Were you able to click continue to re-open the applications that were open, or open them again from the Desktop?",close laptop night find freeze morning litany program open iterm2 chrome,able click continue - open application open open desktop
AppleSupport,693990,@AppleSupport I want to solve the problem not read articles,@693990 We want to work on this with us. You can reply to our DM that we sent previously to keep working on this issue there. You can also reply using the link below: https://t.co/GDrqU22YpT,want solve problem read article,want work reply dm send work issue reply link url
AppleSupport,188124,MY PHONE DIED WHILE STARTING UP TWICE TODAY😡😡😡 @115858 FIX DIS SHIT MOE,@188124 We've got your back! Which iPhone and iOS version are you using? Meet us in DM and let us know. https://t.co/GDrqU22YpT,phone die start today 😡 😡 😡 fix dis shit moe,get iphone version meet dm let know url
AppleSupport,188123,"@AppleSupport iOS 11.0.2 on my new iPhone 8 plus=LAGGY/stuttering, draining like crazy, and taking HOURS to charge. What is going on?",@188123 We want to help. Send us a DM and we can help get things sorted out for you then. https://t.co/GDrqU22YpT,ios new iphone plus = stuttering drain crazy take hours charge go,want help send dm help thing sort url
AppleSupport,188122,@AppleSupport tryin 2 remove friends from activity app th@ no longer use  watch. Every time I delete them I get failure to delete. Any fix?,@188122 We're here to help! Let's restart the Apple Watch and try again: https://t.co/gZrStAoDfj,tryin remove friend activity app th@ use  watch time delete failure delete fix,help let restart apple watch try url
AppleSupport,629321,A ? popping up when typing anything with an “I️” almost seems to be shorthand for “Annoying ?” @115858 can u fix this mess?!?! 😒😒😒😒😒😒😒😒😒😒,@629321 Here’s what you can do to work around the issue until it’s fixed in a future software update: https://t.co/xXaXeeSRt9,pop type i️ shorthand annoying fix mess 😒 😒 😒 😒 😒 😒 😒 😒 😒 😒,work issue fix future software update url
AppleSupport,329768,Yo @115858 can you fix the 3D touch lag pls and thank you.,@329768 What kind of lag are you seeing? Which device and iOS are you using? We want to help. https://t.co/GDrqU22YpT,yo fix 3d touch lag pls thank,kind lag see device ios want help url
AppleSupport,629322,@115858 needs to release an update to fix this fucking I️ glitch like fucking yesterday. I’m so fucking annoyed rn,@629322 Here’s what you can do to work around the issue until it’s fixed in a future software update: https://t.co/xXaXeeSRt9,need release update fix fuck i️ glitch yesterday fucking annoyed rn,work issue fix future software update url
AppleSupport,693983,@AppleSupport When the phone stops it goes straight to the Apple logo and then restarts after several minutes.  But everything just shuts down. And all the apps are updated. This all started post-installation of 11.1.1.,@693983 Got it. Let's continue in DM. Let us know the country you're located in and we'll go from there. https://t.co/GDrqU22YpT,phone stop go apple logo restart minute shut app update start post - installation,got let continue dm let know country locate url
AppleSupport,629329,"@115858 fix this 

I️ 

Can’t take it anymore",@629329 Here’s what you can do to work around the issue until it’s fixed in a future software update: https://t.co/xXaXeeSRt9,fix i️,work issue fix future software update url
AppleSupport,574678,@AppleSupport why does my phone keep bugging when you guys gave me a replacement a few months ago ???,@574678 We’d be glad to to look into this together. Can you start by letting us know more about the situation via DM? https://t.co/GDrqU22YpT,phone bug guy give replacement month,glad look start let know situation dm url
AppleSupport,693974,"hi @115858 ever since you released the iphone x my battery has been dying at a rate not seen before. stop your voodoo magic, i am not getting a new phone until may when my contract is up. dont piss me off",@693974 We're glad to look into your battery life issues with you. DM us and let us know your iPhone model and iOS version from Settings &gt; General &gt; About &gt; Version. Use the link below. https://t.co/GDrqU22YpT,release iphone battery die rate see stop voodoo magic get new phone contract piss,glad look battery life issue dm let know iphone model version settings gt general gt gt version use link url
AppleSupport,548341,@115858 man facetime is broken fix ya stuff before releasin new ones,@548341 We know how important FaceTime is and we'd like to help look into this. What device was this on and what trouble were you seeing with FaceTime?,man facetime break fix stuff releasin new one,know important facetime like help look device trouble see facetime
AppleSupport,355621,"@218652 @115858 i have same problem, mine is 6+ everythings going really slow and seems hang all THE TIME!! just fix this crap apple",@355621 Let's see what we can do to speed up your iPhone 6 Plus. Send us a DM letting us know which iOS version is running at this time. https://t.co/GDrqU22YpT,problem + everything go slow hang time fix crap apple,let speed iphone plus send dm let know ios version run time url
AppleSupport,355621,@AppleSupport 11.0.3 https://t.co/fA0jKR3IMS,@355621 We'd like to continue on this. Please send us a DM so we can gather some info and we'll keep going. https://t.co/GDrqU22YpT,url,like continue send dm gather info go url
AppleSupport,149298,"@AppleSupport does a factory reset erase everything on the iPhone, ie complete everything thanks","@149298 We can assist. The answer depends on what you mean by factory reset. If it's using the Reset All Settings process, then it should not affect data (a backup is advised before doing this). Erase all Content and Settings will erase the device as will an iTunes restore.",factory reset erase iphone complete thank,assist answer depend mean factory reset reset settings process affect datum backup advise erase content settings erase device itunes restore
AppleSupport,548341,@AppleSupport 7 and video/audio quality is choppy no matter what the connection is,@548341 Let's have a look at this together. Can you please DM us? https://t.co/GDrqU22YpT,video audio quality choppy connection,let look dm url
AppleSupport,513697,Magnum Moss Warranty Act 3 to 4 attempts to fix considered unreasonable. @AppleSupport 5th time? Warranty breached,@513697 We'd be happy to look into your situation. Please DM us here to get started: https://t.co/GDrqU22YpT,magnum moss warranty act attempt fix consider unreasonable 5th time warranty breach,happy look situation dm start url
AppleSupport,693973,#applesupport #apple @115858 @AppleSupport,"@693973 Hey, there. What's going on with your MacBook? Please let us know in DM and we'll do our best to help you out. https://t.co/GDrqU22YpT",applesupport apple,go macbook let know dm good help url
AppleSupport,240577,@AppleSupport Appreciate the feedback. Have tried those steps and the phone shows an active lte signal. Just seems to stop data transmission randomly,"@240577 Does this happen with certain apps or usage, or does it happen with all data usage? Do you notice how many bars are showing?",appreciate feedback try step phone show active lte signal stop datum transmission,happen certain app usage happen datum usage notice bar show
AppleSupport,628555,@115858 @AppleSupport  how y’all fix one problem to give me another one ? Get yo life !! https://t.co/eW0eAcDpSn,@628555 We'll take a look into this with you. Which iOS version is installed on your device? Let us know in DM and we'll continue there. https://t.co/GDrqU22YpT,fix problem life url,look version instal device let know dm continue url
AppleSupport,693972,Hey @115858 - I did the update and still have problems. #iOS11 #glitch https://t.co/J2q1pVhb35,"@693972 Thanks for making sure your iPhone has the latest software. We want to make sure we provide you the next best solution. Are you seeing the issue when you're typing, or only when others are typing?

Please meet us in DM with this information so we can assist. https://t.co/GDrqU22YpT",update problem ios11 glitch url,thank make sure iphone late software want sure provide good solution see issue type type meet dm information assist url
AppleSupport,693971,"@AppleSupport so I updated to the latest update, and the keyboard is still messed up. Anyway to fix it as of right now?","@693971 Hey, there. We'd be happy to take a look. To make sure we understand what's happening, can you tell us more about what's going on with the keyboard? Also, can you tell us the exact iOS version currently installed?",update late update keyboard mess fix,happy look sure understand happen tell go keyboard tell exact version instal
AppleSupport,326446,"@AppleSupport Well,since I made the software update, my phone is so slow but the battery dies so fast,n the screen freezes all the time like for idk 1 min",@326446 Could you Direct Message us and let us know what model of iPhone you're currently using? https://t.co/GDrqU22YpT,software update phone slow battery die screen freeze time idk min,direct message let know model iphone url
AppleSupport,318836,@AppleSupport It happened a few times straight after I updated to iOS 11 and that was it...😕,@318836 We're glad to hear that it seems to have resolved itself! We recently released iOS 11.0.3 to which you can update as well.,happen time update,glad hear resolve release ios update
AppleSupport,240577,"@115858 iOS 11 is hot garbage. Ever since my phone updated, my cell data doesn’t work about 90% of the time. Might as well be an iPod",@240577 We're here for you. Have you tried these steps: https://t.co/5KootZbxj1,hot garbage phone update cell datum work % time ipod,try step url
AppleSupport,629328,@115858 FIX THIS UPDATE CANT EVEN USE THE LETTER AFTER H BY ITSELF BECAUSE IT WONT SHOW WHAT IS THIS,@629328 Here’s what you can do to work around the issue until it’s fixed in a future software update: https://t.co/xXaXeeSRt9,fix update cant use letter h wont,work issue fix future software update url
AppleSupport,629327,"Hey @115858, can you pls fix this bug that auto corrects “i” to “I️” thnx",@629327 Here’s what you can do to work around the issue until it’s fixed in a future software update: https://t.co/xXaXeeSRt9,fix bug auto correct i️ thnx,work issue fix future software update url
AppleSupport,629324,@115858 @AppleSupport what’s up with the I️?,@629324 Here’s what you can do to work around the issue until it’s fixed in a future software update: https://t.co/xXaXeeSRt9,i️,work issue fix future software update url
AppleSupport,693982,@AppleSupport is the HomePod still coming this December?,@693982 We are glad you asked. The HomePod will be available in December. Check out this page for more information: https://t.co/LlN3EMs8mp,homepod come december,glad ask homepod available december check page information url
AppleSupport,331181,@AppleSupport why i can't install ios 11?,@331181 Let's take a look at what's happening. Are you receiving an error message when attempting to install?,install,let look happen receive error message attempt install
AppleSupport,574680,@AppleSupport any tricks to recovering your encrypted restore password for itunes? I'm desperate to restore my iPhone,@574680 We don't have access to that password but join us in DM and we'll be glad to look into what we can help with. https://t.co/GDrqU22YpT,trick recover encrypt restore password itune desperate restore iphone,access password join dm glad look help url
AppleSupport,693982,@AppleSupport Is this for the UK too?,@693982 Yes. Here is the page for the UK site: https://t.co/KDw54d7Nqh,uk,page uk site url
AppleSupport,693981,@AppleSupport I am disgusted with the new iOS. My battery is does not last a half day and some of us actually need our phones for emergencies. Ive been a faithful Apple user and now I dont like you at all.,"@693981 We definitely want to take a look into this with you!  To start, when you go to Settings &gt; Battery, do you see any background app activity? If so, check out these tips which can help: https://t.co/bivpdfBNJ6",disgust new ios battery half day need phone emergency ve faithful apple user like,want look start setting gt battery background app activity check tip help url
AppleSupport,693980,I did the 11.1.1 update and my entire phone reset. Pls get ur shit together @115858. Thank you.,@693980 That is definitely not expected. We would like to help. Which iPhone do you have? Go ahead and let us know in DM and we can continue to help. https://t.co/GDrqU22YpT,update entire phone reset shit thank,expect like help iphone let know dm continue help url
AppleSupport,693979,@AppleSupport why do I have to put in my credit card information to update my apps?,"@693979 We can offer some guidance on this. If you’d like to remove your payment information, this article will help: https://t.co/Y0YoIRcZa7

If you have questions, let us know.",credit card information update app,offer guidance like remove payment information article help url question let know
AppleSupport,276652,@AppleSupport please for the love just tell me how to simply reset my macbook pro to factory settings.,@276652 We're here to assist. We've received your DM and will continue to work with you from there.,love tell reset macbook pro factory setting,assist receive dm continue work
AppleSupport,693978,@115858 So I somehow managed to get the News app to show up but can’t get it to open. Tapping doesn’t do anything!!! #FirstWorldProblems https://t.co/dooN5nEdb7,"@693978 Has the device been restarted since it happened? If not, let's do that using these steps: https://t.co/OWRDHWSt4h 

Let us know if that helps, in DM. https://t.co/GDrqU22YpT",manage news app open tap firstworldproblem url,device restart happen let step url let know help dm url
AppleSupport,572832,"Hey @115858, first you re-arranged my keyboard, now my period is missing-instead of releasing a new phone, fix your iOS NOW @AppleSupport 😡😡😡 https://t.co/nje2v1vDtG",@572832 We'd love to take a look.  Feel free to DM us what model device and iOS version we're working with: https://t.co/GDrqU22YpT,- arrange keyboard period miss release new phone fix ios 😡 😡 😡 url,love look feel free dm model device version work url
AppleSupport,693978,@AppleSupport Didn’t have to follow those steps. With the battery below 10% and temperature below 5 Celsius the phone shut down by itself. When it came back up the News app was gone. I guess still no News app for #Canada.,@693978 Understood. Let's get to DM to continue. https://t.co/GDrqU22YpT,follow step battery % temperature celsius phone shut come news app go guess news app canada,understood let dm continue url
AppleSupport,693977,"i can’t believe @115858 (🖕🏻) hasn’t fixed this capital “i” shit yet lmao like it’s been like 10 days or more nah ??? like what the fuck are y’all even doing, jerkin off ??","@693977 We'd like to look into the trouble you're having. Please send us a DM with which version of iOS 11 you're updated to, as well as the details of the behavior you're experiencing. We'll be glad to help. https://t.co/GDrqU2kzhr",believe fix capital shit lmao day fuck jerkin,like look trouble have send dm version ios update detail behavior experience glad help url
AppleSupport,692101,@115858 @AppleSupport @AppleSupport Already spent the entire day with your team without any resolution. Your guy promised me to call me back in half an hour with the fix. My friend lost his data too. Why did you release this buggy software and we can’t even downgrade,"@692101 Reach out to us via DM, we do want to help out and that way we can dig into this with you further. https://t.co/GDrqU22YpT",spend entire day team resolution guy promise hour fix friend lose datum release buggy software downgrade,reach dm want help way dig url
AppleSupport,693976,There’s a bug on the home screen of iPhone 8 @115858 @692986 @AppleSupport https://t.co/MWnn58sij1,@693976 We're glad you reached out to us about this. Have you tried restarting your iPhone since seeing this on your screen? Let us know if that helps.,bug home screen iphone url,glad reach try restart iphone see screen let know help
AppleSupport,693975,@AppleSupport Please release an update to fix the battery drain issues following the 11.1 updates!!!,@693975 We can assist you. We recommend updating to iOS 11.1.1 if you haven't had the chance to do so. You can also DM us with the following link for futher support. https://t.co/GDrqU22YpT,release update fix battery drain issue follow update,assist recommend update ios chance dm follow link futher support url
AppleSupport,693975,@AppleSupport I'm running 11.1.1 and the issue remains the same. Android is looking a little more appealing after this nonsense.,@693975 Let's take a closer look at what's going on. Please Direct Message us and let us know what country you're located in. https://t.co/GDrqU22YpT,run issue remain android look appealing nonsense,let close look go direct message let know country locate url
AppleSupport,629323,@AppleSupport The system does not start up &amp; Apple Power Key is unresponsive.,@629323 Let's work through the steps here to see if we can get it starting up: https://t.co/GWiML8l4fT DM us if the issue continues. https://t.co/GDrqU22YpT,system start amp apple power key unresponsive,let work step start url dm issue continue url
AppleSupport,693983,@AppleSupport When do you want to talk?  It is totally locked up again.  You are killing me. Seriously.,@693983 Send us a Direct Message using the link below and we'll take it from there. https://t.co/GDrqU22YpT,want talk lock kill,send direct message link url
AppleSupport,117654,@AppleSupport Will the iPhone 7 go on sale soon? And how much less will it cost?,"@117654 You can review iPhone pricing here: https://t.co/qB14wnKpsO
Questions, reach out to our Sales team here: https://t.co/IBIY3vMgPj",iphone sale cost,review iphone pricing url question reach sale team url
AppleSupport,117654,@AppleSupport Is there a way to get Live Photo’s on iPhone 5s?,@117654 Great question. Live Photos is a feature of the iPhone 6s or later.,way live photo iphone,great question live photos feature iphone
AppleSupport,330434,@AppleSupport never thought I would say that. iOS became worse than android. My iPhone keeps on freezing. Go figure,"@330434 Thank you for reaching out, we'd be glad to look into this with you. Which iPhone and version of iOS are you using?",think bad android iphone keep freeze figure,thank reach glad look iphone version
AppleSupport,149680,@AppleSupport how do I sign out my Apple ID account without having to verify my account? I know the password to my Apple ID I just can’t verify my account because I forgot my email password I literally had this since the first iPod Touch came out. I just want to sign out,@149680 We know how important it is to be able to manage your Apple ID and we can assist. Let's chat over in Direct Message so we can go into further details about the process. https://t.co/GDrqU22YpT,sign apple id account have verify account know password apple id verify account forget email password ipod touch come want sign,know important able manage apple id assist let chat direct message detail process url
AppleSupport,123683,"@AppleSupport Hi! Although I have full coverage, even with LTE, on my iPhone, I can’t connect to the internet. Can you help me?",@123683 We can help you. Could you tell us what happens when you try to connect to the Internet? Do you get an error message?,coverage lte iphone connect internet help,help tell happen try connect internet error message
AppleSupport,149681,"@applesupport ciao ho un problema con un iPhone 6, dice che è quel ragazzo?",@149681 We offer support via Twitter in English. Contact us for help in your preferred language here: https://t.co/IBIY3vMgPj,ciao ho un problema con un iphone dice che è quel ragazzo,offer support twitter english contact help preferred language url
AppleSupport,187676,@AppleSupport I am on iOS 11.0.2 but I see my assistive touch control center suddenly disappearing. Could you please help ?,@187676 Assistive Touch is still available through the Control Panel. Check out https://t.co/vodH4madjc for details,ios assistive touch control center disappear help,assistive touch available control panel check url detail
AppleSupport,187674,@AppleSupport iPhone 6 with iOS11 really doesn’t work. Poorest performance ever and shortest battery life in years. Any fix on sight?,@187674 We understand that reliability is essential. Learn to maximize your battery life here.  https://t.co/TpjqFpkUpb,iphone ios11 work poor performance short battery life year fix sight,understand reliability essential learn maximize battery life url
AppleSupport,123683,"@AppleSupport If I open Safari, for example, a message appears which says that there is no internet connection.",@123683 Are you able to connect when using Wi-Fi? Are you able to make and take calls?,open safari example message appear say internet connection,able connect wi fi able call
AppleSupport,187674,@AppleSupport I already did all that. That’s why I tell you there’s something wrong.,@187674 We are here for you. Let's take a look at this further for you. Reach out to us in DM. https://t.co/GDrqU22YpT,tell wrong,let look reach dm url
AppleSupport,629587,My phone just went from 2% to 41% out of nowhere. @115858 wtf going on?,"@629587 Let's take a look at this together!  To begin, what iOS version are you currently on?",phone go % % wtf go,let look begin ios version
AppleSupport,149682,@AppleSupport iPhone 7,"@149682 If you are using Control Center, that works differently in iOS 11. You can read more here: https://t.co/G7BHuQnDS6. If you turn that off in Settings &gt; Wi-Fi, does that stay off?",iphone,control center work ios read url turn settings gt wi fi stay
AppleSupport,187672,"@AppleSupport there is bug after iOS 11. If you Open camera, take a picture and click  “delete”, it doesn’t work! the photo is still there!",@187672 Certainly odd behavior. Let's look closer to fix this. Is this from the native camera app?,bug open camera picture click delete work photo,odd behavior let look close fix native camera app
AppleSupport,187672,@AppleSupport The version is  11.0.2 ...,@187672 Let's start by restarting your iPhone and testing to see if this issue is affected after the restart. Let us know what you find.,version,let start restart iphone testing issue affect restart let know find
AppleSupport,123683,"@AppleSupport Yes, I able to :)",@123683 DM the country or region where you are currently located to continue. https://t.co/GDrqU22YpT,able,dm country region locate continue url
AppleSupport,123682,@AppleSupport My battery life is a drama for me I work and it turns to 100% yo 80% in five minutes (ios11.0.3) 😫😫😫 Help plz 😰,"@123682 There's an update to 11.1 now, let's go ahead and do that now: https://t.co/80YRnjDFDk",battery life drama work turn % yo % minute ios11.0.3 😫 😫 😫 help plz 😰,update let url
AppleSupport,123680,"Everytime I type the letter ""I"" this pops up. #PleaseFixThis @115858 https://t.co/bhB5snCHXr",@123680 We're here to help. DM us and tell us the device you have and the exact version of iOS you're running. https://t.co/GDrqU22YpT,everytime type letter pop pleasefixthis url,help dm tell device exact version ios run url
AppleSupport,123679,"@AppleSupport @115858 guys, I miss Steve. What the hell is this? https://t.co/Tv5HmkrUrb","@123679 We're here to help. To start, what device model and software version are you currently using?",guy miss steve hell url,help start device model software version
AppleSupport,187672,"@AppleSupport Yes! If you delete from photo app it’s ok, but from camera not.",@187672 Which version of iOS 11 are you using? The current one is 11.0.2.,delete photo app ok camera,version ios current
AppleSupport,187673,@AppleSupport I had to reboot it in order for it to work again. I can’t even turn off my phone because it’s hanging. Pls pls fix this,@187673 We'd love to help you out with what you're experiencing. Please send us a DM. https://t.co/GDrqU22YpT,reboot order work turn phone hang fix,love help experience send dm url
AppleSupport,149679,"@AppleSupport hi i've sent you a dm, very important",@149679 Hi there. We've received your DM. You'll see a reply from us there shortly.,send important,receive dm reply
AppleSupport,149678,@AppleSupport I’m not receiving notifications of any social media since I updated the iOS for 11.1.1. Now I’m with the last pne and just got worse. It doesn’t appear neither that red ball over the apps.,"@149678 We know it's important to receive notifications to stay updated on your apps, and we'd like to look into this with you. Which device are you experiencing this on? Let us know in DM, and we'll continue from there. https://t.co/GDrqU22YpT",receive notification social medium update ios pne get bad appear red ball app,know important receive notification stay update app like look device experience let know dm continue url
AppleSupport,669659,@115858  having my iPhone restored 2 times in a week is really annoying you have to fix this problem with the new update 😡🤬 #newupdatesux #newapplesux,"@669659 We'd be happy to look into any issues you may be having. Let us know more detail about what's going on in DM, and we'll continue helping out from there. https://t.co/GDrqU22YpT",have iphone restore time week annoying fix problem new update 😡 🤬,happy look issue have let know detail go dm continue help url
AppleSupport,501088,@AppleSupport are y’all gonna do anything about these boxes with the question mark 🙇🏾‍♀️,@501088 Thanks for reaching out. We have a workaround for this here: https://t.co/xXaXeeSRt9 DM us if you still need help.,go box question mark 🙇,thank reach workaround url dm need help
AppleSupport,187678,@AppleSupport It doesn’t. I’ve tried restore (new iPhone)but still happening  🙄 https://t.co/ffSTrZ8tcL,@187678 Let us know in DM what process you used to restore your iPhone to factory state and we'll work towards finding the best solution. https://t.co/GDrqU22YpT,try restore new iphone)but happen 🙄 url,let know dm process restore iphone factory state work find good solution url
AppleSupport,187677,@115858 my phone broke and I have aplcare and ordered a replacement on Sep 25 and you said I would get it in 5-7 days. I still dont have it🖕🏿,@187677 Hi there. We'd like to look into this. DM us and we'll go from there. https://t.co/GDrqU2kzhr,phone break aplcare order replacement sep say day 🏿,like look dm url
AppleSupport,123684,"@AppleSupport I got refunded for an in app purchase on Monday &amp; got a conformation email, but there’s no sign of it in my account yet...","@123684 Hey there! Depending on your bank, it can take 3-5 business days to reflect in your account. We hope this helps.",get refund app purchase monday amp get conformation email sign account,depend bank business day reflect account hope help
AppleSupport,123684,@AppleSupport Thank you for letting me know.,@123684 No problem! Feel free to reach out to us here if you need help in the future.,thank let know,problem feel free reach need help future
AppleSupport,501087,wtf is that box thing :/ it’s getting on my nerves now @115858,@501087 We'd like to help. Check out this link to see if it resolves it: https://t.co/xU1AGHStV6,wtf box thing get nerve,like help check link resolve url
AppleSupport,574272,@AppleSupport whats up with alarms not going off at set time?Happened twice this week &amp; friends say the same thing. #iphone #ihatebeinglate,@574272 We understand how important it is to be punctual. Please send us a DM and we will look into this with you. https://t.co/GDrqU22YpT,s alarm go set time?happene week amp friend thing iphone ihatebeinglate,understand important punctual send dm look url
AppleSupport,143623,Wow. I am not about to keep playing with @115858. Run me my new phone🗣 cuz y'all still won't let me update after I tried all the troubleshooting steps yall sent me.,@143623 Can you please let us know via DM what happens when you try the update in iTunes? Any screenshots you may have would be a huge help. Thank you. https://t.co/GDrqU22YpT,play run new phone 🗣 let update try troubleshooting step send,let know dm happen try update itunes screenshot huge help thank url
AppleSupport,669660,@669661 @115858 Yea I really hope they fix this glitch 🤔 @115858,"@669660 We've actually released an update, iOS 11.1.1. You'll want to back up and update your iPhone. Let us know if the issue still occurs. https://t.co/80YRnjDFDk",yea hope fix glitch 🤔,release update want update iphone let know issue occur url
AppleSupport,514248,@AppleSupport iOS 11.0.3 is a mess any chance of a fix???,@514248 We're here to help fix technical issues. What's the model you have and the issue happening with it? Any steps tried?,ios mess chance fix,help fix technical issue model issue happen step try
AppleSupport,514248,@AppleSupport And the battery is draining like mad. Slow to charge too.,@514248 What steps have you tried? What time and date did you update to iOS 11? DM us both answers here: https://t.co/GDrqU22YpT,battery drain mad slow charge,step try time date update dm answer url
AppleSupport,509179,@318 @AppleSupport 6s iOS latest 11.0.3,@509179 Let's take this conversation to DM.  Which country are you located in? https://t.co/GDrqU22YpT,late,let conversation dm country locate url
AppleSupport,514247,@AppleSupport iPhone won't power on. Try to make reservation to go in store for repair. Can't make booking as the code is sent to my phone.,"@514247 Let us know in DM if you've tried the steps here: https://t.co/8MvHMFZ83h

We'll help you out if those haven't worked.",iphone power try reservation store repair booking code send phone,let know dm try step url help work
AppleSupport,514246,@143288 @AppleSupport @115858 Network issue needs to be fixed. 4G/LtE not working properly after upgrading to iOS 11 in 6s models.,@514246 Let's look into that. Send us a DM and we'll go from there. https://t.co/GDrqU22YpT,network issue need fix 4g lte work upgrade ios model,let look send dm url
AppleSupport,669660,@AppleSupport I already updated to that iOS and I’m still having these glitches,"@669660 Thank you for letting us know! Are you seeing this when you type, or when you read what others are typing? DM us to let us know. https://t.co/GDrqU22YpT",update ios have glitch,thank let know see type read type dm let know url
AppleSupport,514245,IPhone still unresponsive after 5days.@AppleSupport emailed me setting Oct28 as day they'll help.I nominate them for worst customer service.,@514245 We'd like some information to assist. Let us know the details in a DM and we'll continue. https://t.co/GDrqU22YpT,iphone unresponsive email set oct28 day help nominate bad customer service,like information assist let know detail dm continue url
AppleSupport,143483,@AppleSupport I am running iOS 11.1.1,@143483 Thanks for letting us know. Please DM us and we'll continue this conversation there. https://t.co/GDrqU22YpT,run,thank let know dm continue conversation url
AppleSupport,187669,@187670 @187671 @115858 DUDE. It's not just me. Holy crap. My photos rearranged. Notifications are messed up. Nothing is right.,@187669 Let's work together. Have you updated your device to iOS 11.0.2? Please send us a DM. https://t.co/GDrqU22YpT,dude holy crap photo rearrange notification mess right,let work update device ios send dm url
AppleSupport,497643,@AppleSupport @115858 while using portrait mode on my iPhone 8 plus part of the phne gets warm.is there any prblem in my phn or software bug?,@497643 Hello. Congrats on your iPhone 8 Plus. We hope you love it. Check this link to learn more about this: https://t.co/otCvUAaFQq,portrait mode iphone phne get prblem phn software bug,hello congrat iphone plus hope love check link learn url
AppleSupport,187668,Dear @AppleSupport my iPhone lost 40% in Standby mode in just 3 hours running on iOS 11.0.1 never had this before. Please fix this,@187668 We'd be happy to help with the battery life. Let's back up and update the iOS to see if that helps. Keep us posted.,dear iphone lose % standby mode hour run fix,happy help battery life let update ios help post
AppleSupport,628560,@115858 you gonna fix that I️ glitch soon?,@628560 Here’s what you can do to work around the issue until it’s fixed in a future software update: https://t.co/xXaXeeSRt9,go fix i️ glitch,work issue fix future software update url
AppleSupport,629595,"@115858 

Why tf don't I have the new software update? 😐",@629595 We can help. DM us and we'll go from there. https://t.co/GDrqU22YpT,new software update 😐,help dm url
AppleSupport,618630,@AppleSupport question regarding the bands for iwatch 3. Will the Nike bands work on any of the series 3 watches? Or do you need to have the ‘Nike’ iwatch itself?,@618630 Great question! The bands are interchangeable among Apple Watch models. Just make sure it's for the right case size (38mm or 42mm).,question band iwatch nike band work series watch need nike iwatch,great question band interchangeable apple watch model sure right case size mm
AppleSupport,629596,@219531 @115858 @115911 my iPhoneX’s touch screen will fail without cause. Did all the troubleshoots. Only shaking it will make it work..,@629596 We'd be happy to help. Send us a DM and we can start there. https://t.co/GDrqU22YpT,iphonex touch screen fail cause troubleshoot shake work,happy help send dm start url
AppleSupport,187665,"@AppleSupport why does every group chat come up when I type a contact name, rather than the most frequent used contact!! Hate this update !",@187665 Please shoot us a DM and let's take a look. https://t.co/GDrqU2kzhr,group chat come type contact frequent contact hate update,shoot dm let look url
AppleSupport,187663,"Dear @AppleSupport, will the iOs11 remain slow and cause freezing forever on the iphone6? because this is annoying.. this is clients abuse https://t.co/TsiQfUii7a",@187663 We'd like to help. Are you on iOS 11 or have you updated to iOS 11.0.2?,dear remain slow cause freeze iphone6 annoying client abuse url,like help update ios
AppleSupport,287626,Oh now ya don’t do it when it’s by itself @115858 u gotta fix this I️ changing in to a question mark garbage,@287626 Here’s what you can do to work around the issue until it’s fixed in a future software update: https://t.co/xXaXeeSRt9,get fix i️ change question mark garbage,work issue fix future software update url
AppleSupport,144051,"Is there anyway i can Un-update my phone?  Cause your update is making my phone slow, have glitches, and i can’t even type the letter “i” anymore @115858",@144051 We're happy to help. Reach us via DM to continue and gather more information. https://t.co/GDrqU22YpT,un - update phone cause update make phone slow glitch type letter,happy help reach dm continue gather information url
AppleSupport,187666,@AppleSupport Not happy with #AppleWatch3 at all. 28min workout logged yet exercise ring says I’ve only done 11min,@187666 We want to look into this with you. DM us using the link below. We'll look into things from there. https://t.co/GDrqU2kzhr,happy applewatch3 28min workout log exercise ring say 11min,want look dm link look thing url
AppleSupport,149682,@AppleSupport Yeah and it switches back on,"@149682 So we can take a deeper look at this, could you join us in DM? https://t.co/GDrqU22YpT",switch,deep look join dm url
AppleSupport,354299,"@115858 if my phone restarts one more time today I swear I’m going to snap. Send a fix already, this is ridiculous 😐",@354299 Send us a DM and let us know what version of iOS you're running. We'll be happy to help. https://t.co/GDrqU22YpT,phone restart time today swear go snap send fix ridiculous 😐,send dm let know version ios run happy help url
AppleSupport,187663,@AppleSupport thanks for the will to help 👏🏻👏🏻. i updated to 11.2,@187663 We'll need to move to DM were we can dig a bit deeper. https://t.co/GDrqU22YpT,thank help 👏 🏻 👏 🏻. update,need dm dig bit deep url
AppleSupport,456919,@115858  Why is facetime not working for me on my phone?????????,@456919 That's a good question. We'll be happy to assist. What exactly are you seeing happen?,facetime work phone,good question happy assist see happen
AppleSupport,497645,@AppleSupport ever sinc i hv updtd my 6s its wifi n blutooth gets automatically on despit switchng them off evrytim,@497645 We'd like to help. Check out this link for more information: https://t.co/G7BHuQnDS6,sinc hv updtd 6s wifi blutooth get despit switchng evrytim,like help check link information url
AppleSupport,514244,@115858 otherwise it all gets screwed up. This is extremely inconvenient,@514244 Let's see how we can help over Twitter. What's the iPhone model you have? What about the computer model with iTunes?,get screw inconvenient,let help twitter iphone model computer model itunes
AppleSupport,514242,While on the charger my battery fell from 96% to 86%... ON THE CHARGER! Smh @115858 yo fix this I’ve been a faithful customer for years 😒 1/2,@514242 We'd like to help. When did you notice the issue? Have you tried restarting the device since the issue?,charger battery fall % % charger smh fix faithful customer year 😒,like help notice issue try restart device issue
AppleSupport,456919,"@AppleSupport well the new update is not letting me facetime, my friends and I'm getting really mad",@456919 DM us using the link below and let us know what happens when you try to use FaceTime. https://t.co/GDrqU22YpT,new update let facetime friend get mad,dm link let know happen try use facetime url
AppleSupport,187667,@AppleSupport I have an iPhone 7+ on the iOS 11.0.1,@187667 Please DM us any troubleshooting steps you’ve already tried. We’ll go from there. https://t.co/GDrqU22YpT,iphone ios,dm troubleshooting step try url
AppleSupport,629594,Hey @AppleSupport I️ would appreciate if you could pls make this stop https://t.co/yOGD9rZahp,@629594 Here’s what you can do to work around the issue until it’s fixed in a future software update: https://t.co/xXaXeeSRt9,i️ appreciate stop url,work issue fix future software update url
AppleSupport,149682,"@AppleSupport I know how to do that, my problem is that my WiFi will turn on by itself and connect to a network that’s locked so I’m always having to turn it back off, it’s just frustrating","@149682 Just to be clear, are you turning Wi-Fi off in Settings &gt; Wi-Fi and it's turning back on?",know problem wifi turn connect network lock have turn frustrating,clear turn wi fi settings gt wi fi turn
AppleSupport,143664,@AppleSupport hey! how can I update my iphone using cellular data?,@143664 That's a great question! You can only update your iPhone using Wi-Fi or by using iTunes on a computer. This article explains more: https://t.co/ahjigcvFRG,update iphone cellular datum,great question update iphone wi fi itunes computer article explain url
AppleSupport,176777,@AppleSupport Great thanks .,@176777 You are very welcome.,great thank,welcome
AppleSupport,497643,@AppleSupport @115858 while using portrait mode on my iPhone 8 plus part of the phne gets warm.is there any prblem in my phn or software bug?,@497643 We'd like to look into this. Let's work on this together via DM. Help is here! https://t.co/GDrqU22YpT,portrait mode iphone phne get prblem phn software bug,like look let work dm help url
AppleSupport,629588,@AppleSupport @115858 My Phone goes from 100% to 45% after a 5 min  Phone call after I did your update. What gives??? #illbeswitching,@629588 We'd like to look into this with you. Please DM us which iOS version you see in Settings &gt; General &gt; About to get started. https://t.co/GDrqU22YpT,phone go % % phone update give # illbeswitche,like look dm version settings gt general gt start url
AppleSupport,497644,@AppleSupport Thx. I resolved my issue but it’s not cool to have a big bug just before back to school in France !!,@497644 We're glad to hear the issue is resolved. Don't hesitate to reach back out if you ever have any concerns. We're here to help.,thx resolve issue cool big bug school france,glad hear issue resolve hesitate reach concern help
AppleSupport,325984,@AppleSupport It was selected. I deselected &amp; selected again. It’s working now. Thaaaanks! 🤗 #YouDaBest,@325984 You're welcome. We hope you have a great day!,select deselecte amp select work thaaaank 🤗 youdabest,welcome hope great day
AppleSupport,325996,How ironic that my iPhone 7 stops working and constantly glitches after I update @115858 😡😡,"@325996 We’re available to work through this together. To get started, which iOS 11 version are you using? The latest is 11.0.3.",ironic iphone stop work glitche update 😡 😡,available work start ios version late
AppleSupport,497644,"@AppleSupport ça y est. Redémarré, hard reset, restauration. Et ça marche. Cool....",@497644 We offer support via Twitter in English. Contact us for help in your preferred language here: https://t.co/IBIY3vMgPj,ça y est redémarré hard reset restauration et marche cool,offer support twitter english contact help preferred language url
AppleSupport,628559,"@AppleSupport
My new iPhone 7 running IOS 11 converts a singular capitalized “I” into an “A” aside a box with a “?” in it. What’s the fix?",@628559 We know how important it is to have what you type come out correctly. Refer to these steps: https://t.co/gKAEL4wRnw,new iphone run ios convert singular capitalize box fix,know important type come refer step url
AppleSupport,628559,@AppleSupport Thanks but I already tried that. Regular texts are normal. Having issue with Twitter and other apps.,@628559  Thanks for confirming that. Meet with us in DM and we'll provide additional info. https://t.co/GDrqU22YpT,thank try regular text normal have issue twitter app,thank confirm meet dm provide additional info url
AppleSupport,629589,Why does my #IphoneX overheat when I️ am streaming? @AppleSupport #Apple,@629589 Let's look into that. Send us a DM and we'll go from there. https://t.co/GDrqU22YpT,# iphonex overheat i️ stream apple,let look send dm url
AppleSupport,629590,Hi @AppleSupport. I️ have an issue when I️ type the letter I️. Just saw it on a friend’s message. Screenshot below. Can you help? https://t.co/LLZxw7CoPV,@629590 Here’s what you can do to work around the issue until it’s fixed in a future software update: https://t.co/xXaXeeSRt9,i️ issue i️ type letter see friend message screenshot help url,work issue fix future software update url
AppleSupport,629591,Fix the ugly glitch @115858,"@629591 Let us know via DM exactly what you see occurring and on which device, then we can help out from there. https://t.co/GDrqU22YpT",fix ugly glitch,let know dm occur device help url
AppleSupport,456036,Fix the letter “l” @115858,@456036 Here’s what you can do to work around the issue until it’s fixed in a future software update: https://t.co/xXaXeeSRt9,fix letter l,work issue fix future software update url
AppleSupport,629592,@626794 @AppleSupport Ugh seriously my phone is acting up too with everything I type,@629592 We'll be happy to help. DM us and we'll get started. https://t.co/GDrqU22YpT,ugh phone act type,happy help dm start url
AppleSupport,629593,"Dear @115858,    
I would love it if my phone would stop glitching and shutting off for no reason. I’m not impressed with the new update and you’re telling me to fix it. Pissed, that’s what I am. Please do something about it
Love, 
Rose💜",@629593 We'd like to help. What kind of iPhone do you have and is it on iOS 11.1? You can check in Settings &gt; General &gt; About,dear love phone stop glitche shut reason impressed new update tell fix piss love rose,like help kind iphone check settings gt general gt
AppleSupport,187667,@115858 @AppleSupport did you guys decide to ignore everything the people that beta test iOS 11 said cause iOS 11 has made my phone worse...,@187667 That's not the experience we want you to have. Can you tell us a bit more about what's going on?,guy decide ignore people beta test ios say cause ios phone bad,experience want tell bit go
AppleSupport,176777,@AppleSupport where to set the carrier account settings by default when ordering iPhone through the Apple store app?,"@176777 We can get you to the right spot. For help with purchasing, please reach out to our Online Store team:  https://t.co/8yjRd1Xo0i",set carrier account setting default order iphone apple store app,right spot help purchasing reach online store team url
AppleSupport,200294,"Is there a problem with #iCloud at the moment? My password is not working. Ugh. 

It’s not working on my Mac! #apple @AppleSupport",@200294 We'd be happy to help. What message are you receiving when trying to connect to iCloud?,problem icloud moment password work ugh work mac apple,happy help message receive try connect icloud
AppleSupport,123685,@AppleSupport why is my iphone not charging? i don’t got time for this shit dawg,"@123685 It's important for your iPhone to charge reliably. To start, check out these steps: https://t.co/uqxquyfdn0",iphone charge get time shit dawg,important iphone charge start check step url
AppleSupport,497642,@AppleSupport iPhone 5S IOS 11.0.3,@497642 Send us a DM and we'll continue assisting you there. https://t.co/GDrqU22YpT,iphone 5s ios,send dm continue assist url
AppleSupport,450256,"Oi @AppleSupport what the fuck have you done to the battery on my iPhone? Since the new update, it’s shite.

Love and kisses, me xx",@450256 We want you to have a good experience with the update. How long is your battery lasting on a full charge?,fuck battery iphone new update shite love kiss,want good experience update battery last charge
AppleSupport,331180,@AppleSupport The new iOS update has RUINED my iPhone 6!! It’s so slow and all the apps are freezing constantly!! 😡😡💩💩,@331180 We are here for you. Let's take a look at this further. Reach out to us in DM. https://t.co/GDrqU22YpT,new update ruined iphone slow app freeze 😡 😡,let look reach dm url
AppleSupport,331181,@AppleSupport it says it can't be verified after i install it,"@331181 Let's try the suggestions here: https://t.co/Ui1yTnOCUz If they don't help, let us know.",say verify install,let try suggestion url help let know
AppleSupport,501090,cc/ @AppleSupport,@501090 Reach out to us via DM and let us know what's going. We may be able to help resolve your issue. https://t.co/GDrqU22YpT,cc/,reach dm let know go able help resolve issue url
AppleSupport,126810,"@AppleSupport got iphone x a day ago but several times using the internet it just hangs until i switch wifi off &amp; on, any obvious cause?",@126810 Let's look into that. Does that happen only when you're connected to a specific Wi-Fi network?,get iphone day time internet hang switch wifi amp obvious cause,let look happen connect specific wi fi network
AppleSupport,669662,"So my iPhone has been a nightmare since the update. Try to review things or look at accounts and end up deleting and unfollowing in addition to all of the other problems. This is bullshit, @115858",@669662 We'd like to work with you. What seems to be going on with your iPhone? Give us a detailed description in DM. https://t.co/GDrqU22YpT,iphone nightmare update try review thing look account end delete unfollowe addition problem bullshit,like work go iphone detailed description dm url
AppleSupport,331181,"@AppleSupport Yes, that's the problem:( help meeee.",@331181 Tell us the error message that you're receiving. We'll assist you with getting this taken care of.,problem help meeee,tell error message receive assist get take care
AppleSupport,331179,@AppleSupport high I’m getting this with a few ringtones how do I get this on my iPhone to show?,"@331179 We’d like to help! Send us a DM and provide us some additional details, including which iPhone you have. https://t.co/GDrqU22YpT",high get ringtone iphone,like help send dm provide additional detail include iphone url
AppleSupport,187685,@AppleSupport hi £5.99 is getting taken out my account each month and I have no subscriptions,"@187685 We understand the concerns with unknown purchases. For help, contact our iTunes Store Support at https://t.co/SDIe7UA9Bl",get take account month subscription,understand concern unknown purchase help contact itunes store support url
AppleSupport,501089,YES! I have been so confused since the update. Why is this happening???? @115858 https://t.co/6izltC0WMo,@501089 Thanks for reaching out. We have a workaround for this here: https://t.co/xXaXeeSRt9 DM us if you still need help.,confused update happen url,thank reach workaround url dm need help
AppleSupport,331182,"@AppleSupport thanks, it helped! any reason on why it would do that??","@331182 Great! It would be hard to say why it happened, but if it happens again you have a great first step to try.",thank help reason,great hard happen happen great step try
AppleSupport,503007,Dear @AppleSupport @115858  this new iOS drains my battery too quick and freezes my phone way too much!#nothappy,"@503007 Let’s get your iPhone back to normal. Tell us which version of iOS 11 your iPhone is on, and we’ll do all we can to help.",dear new ios drain battery quick freeze phone way much!#nothappy,let iphone normal tell version ios iphone help
AppleSupport,331182,@AppleSupport i have an iphone 8 plus and my reachability has stopped working. should i restart the phone?,"@331182 We want to help.  Yes, lets start with a restart.  This article talks about restarting: https://t.co/OWRDHWSt4h",iphone plus reachability stop work restart phone,want help let start restart article talk restarting url
AppleSupport,656478,Annoyed at the fact that I have to press super hard on the letter “N” on my MacBook to get it to show up..👎🏼@AppleSupport,"@656478 Let's work together. Is the ""N"" key raised or appear to be damaged? Does this happen in applications only?",annoyed fact press letter n macbook 👎,let work n key raise appear damage happen application
AppleSupport,187684,@82652 @115858 MINE HAS BEEN DOING THAT! And then once it completely dies it come back on and starts charging like normal. It's annoying as hell,@187684 You're in the right place for battery help today. What version of iOS is showing in Settings &gt; General &gt; About?,die come start charge normal annoying hell,right place battery help today version ios show settings gt general gt
AppleSupport,518080,@115858 @AppleSupport thank you that did help along with the new update. But now my audio earpiece volume is sorry low even though it is up all of the way. I have tried cleaning it out and have taken it in to an Apple Care representative and they aren't able to figure out whats wrong.,@518080 Let's have a look at this together. Can you please DM us? https://t.co/GDrqU22YpT,thank help new update audio earpiece volume sorry low way try clean take apple care representative able figure s wrong,let look dm url
AppleSupport,501091,@115858 why do iPhones decide to give me a hard time on the worst possible day,@501091 Thanks for reaching out. We're here to help. DM us so we can look into this further with you. https://t.co/GDrqU22YpT,iphones decide hard time bad possible day,thank reach help dm look url
AppleSupport,435122,@501092 @AppleSupport Sill nothing https://t.co/ui5sy0Cldd,@435122 Thanks for reaching out. We have a workaround for this here: https://t.co/xXaXeeSRt9 DM us if you still need help.,sill url,thank reach workaround url dm need help
AppleSupport,501093,How do you lower the screen down on the iPhone X  like you used to be able to by double tapping the Home button? @AppleSupport,"@501093 To reach items at the top, just swipe down on the bottom edge of the screen. Look here for other gestures: https://t.co/7GvmAUgrF1",lower screen iphone x able double tap home button,reach item swipe edge screen look gesture url
AppleSupport,503428,@116333 now my $2200 MacBook pro doesn't work Apple knew that and say nothing and I have a 2200 paperweight that only work one year so pis,@503428 What seems to be the issue? Let us know in DM to continue. https://t.co/GDrqU22YpT,macbook work apple know paperweight work year pis,issue let know dm continue url
AppleSupport,503429,@115858 fix these goddamn I️,@503429 Here’s what you can do to work around the issue until it’s fixed in a future software update: https://t.co/xXaXeeSRt9,fix goddamn i️,work issue fix future software update url
AppleSupport,501095,@115858 I’d love to use my phone past 10 without having to charge it,"@501095 We want to help. Check out this article on getting the most from your battery, tell us if that helps: https://t.co/bivpdfBNJ6",love use phone have charge,want help check article get battery tell help url
AppleSupport,574281,"Dear @AppleSupport , i received this email. Id this for real or is this a scam? In the email, it has a link to ""verify your Apple ID"" HELP! https://t.co/0Xj7yW4ip0",@574281 Thanks for reaching out to us. We'd like to help you and look into this further. Please DM us to continue working on this. https://t.co/GDrqU2kzhr,dear receive email d real scam email link verify apple id help url,thank reach like help look dm continue work url
AppleSupport,501094,"@115858 y’all aight over there? I️ updated my phone I️ still see blocks and question marks moe, what’s good wit y’all?",@501094 Thanks for reaching out. We have a workaround for this here: https://t.co/xXaXeeSRt9 DM us if you still need help.,aight i️ update phone i️ block question mark moe good wit,thank reach workaround url dm need help
AppleSupport,503430,I️ &lt;&lt;&lt;&lt; this is becoming an annoying problem and a daily basis @115858 fix it,@503430 Here’s what you can do to work around the issue until it’s fixed in a future software update: https://t.co/qODbOsp4wz,i️ lt;&lt;&lt;&lt annoying problem daily basis fix,work issue fix future software update url
AppleSupport,494314,"My iOS and its apps have this tendency of updating without my consent 
@115858 why are you like men 😠",@494314 Thanks for reaching out. You can turn off automatic updates from Settings &gt; iTunes &amp; App Store.,ios app tendency update consent man,thank reach turn automatic update settings gt itunes amp app store
AppleSupport,127769,Hey @115858 if you guys could A. Fix this thing that’s happening when I️ type an I️ in a sentence that’d be cool.,@127769 We'd like to look into this with you. What is your current iOS version? Find it at Settings &gt; General &gt; About.,guy a. fix thing happen i️ type i️ sentence cool,like look current ios version find setting gt general gt
AppleSupport,503431,If @115858 really thinks my ass paid $900 for a phone that stays trippin over the letter “I️” then y’all are about to see a fight,@503431 Here’s what you can do to work around the issue until it’s fixed in a future software update: https://t.co/xXaXeeSRt9,think ass pay phone stay trippin letter i️ fight,work issue fix future software update url
AppleSupport,589980,@AppleSupport what’s with the glitch when you type the letter I️?? https://t.co/x6iKOTx6Y8,"@589980 Help is here. When did you first notice this happening? Use iCloud? If so, do you use more than one device? Tell us in a DM. https://t.co/GDrqU22YpT",glitch type letter i️ url,help notice happen use icloud use device tell dm url
AppleSupport,416260,@AppleSupport Do you have a workaround for the lag and unresponsiveness on iPhone 6 caused by iOS 11.1 (which is even worse than 11.0.3)? 🙃,"@416260 Let's work on a solution together. To start, DM us with the country where you're located. https://t.co/GDrqU22YpT",workaround lag unresponsiveness iphone cause ios bad 🙃,let work solution start dm country locate url
AppleSupport,503432,@AppleSupport my phone is replacing a few letters with I️ fix this,@503432 Here’s what you can do to work around the issue until it’s fixed in a future software update: https://t.co/xXaXeeSRt9,phone replace letter i️ fix,work issue fix future software update url
AppleSupport,331176,@AppleSupport the Apple earphones blew out and shocked me in my right ear. Can I receive a pair or wireless beats or AirPods?,@331176 We want to help. Let's continue our conversation in DM. https://t.co/GDrqU22YpT,apple earphone blow shock right ear receive pair wireless beat airpods,want help let continue conversation dm url
AppleSupport,331177,"@AppleSupport I've done the update and I think it's better now. But at times, it does crashes. But generally speaking, it's better than before. Thanks.",@331177 OK. That is definitely a step in the right direction. Please keep us posted.,update think well time crash speak well thank,ok step right direction post
AppleSupport,331177,"@AppleSupport opera mini app force closes by itself anytime that I open. I've put off the phone several times, problem still persist.","@331177 Let's see what we can do! First, let's check the App Store for any updates to Opera.",opera mini app force close open phone time problem persist,let let check app store update opera
AppleSupport,331178,@AppleSupport Can I use Ethernet on my MacBook Pro with Touch Bar 2016 Ethernet 1000/1000 with USB-C? In the settings there is only 10/100.,@331178 DM us using the link below. We'll look into this with you from there. https://t.co/GDrqU22YpT,use ethernet macbook pro touch bar ethernet usb c setting,dm link look url
AppleSupport,187683,@AppleSupport ..... and exit all the time. Please make my phone normal again??? This is very irritating I can’t even use my phone properly.,@187683 We'd like to improve your experience with iOS 11. Can you confirm which version of iOS 11 you're using?,exit time phone normal irritate use phone,like improve experience confirm version ios
AppleSupport,497642,@AppleSupport how can I downgrade to IOS 10 again? My phone is ridiculously slow after upgrading and I prefer the roundness of the previous😟,"@497642 We'd like to help. So we know a little more about your iPhone, what version of iOS do you have installed?",downgrade ios phone slow upgrade prefer roundness previous 😟,like help know little iphone version ios instal
AppleSupport,514276,"Dear @115858, I can’t make my iPhone battery last the day in battery save mode from 100% after the #iOS11 update. Please help. Ta.",@514276 We'd be happy to help. Send us a DM and we can start there. https://t.co/GDrqU22YpT,dear iphone battery day battery save mode % ios11 update help ta,happy help send dm start url
AppleSupport,187682,@AppleSupport my phone has been stuck updating to ios 11.0.2 for over four hours now and a hard reset does nothing but start it over again,@187682 That's not expected behavior. Are you updating over Wi-Fi or using a computer with iTunes?,phone stick update ios hour hard reset start,expect behavior update wi fi computer itunes
AppleSupport,187678,Unbelievable 🤦‍♂️🤦‍♂️ IOS 11.0.2 has many problems. @AppleSupport #ios1102 https://t.co/vWOrnZPhGb,@187678 That screenshot is very helpful. Let's get to the bottom of this. Does the issue persist after restarting your device?,unbelievable ♂ ios problem url,screenshot helpful let issue persist restart device
AppleSupport,656478,"@AppleSupport No this happens on everything! Word doc, email and applications!","@656478 Thanks! Are there any physical anomalies with the key? Let us in know in DM, please. https://t.co/GDrqU22YpT",happen word doc email application,thank physical anomaly key let know dm url
AppleSupport,294777,Since I upgraded to IOS 11 my iPhone battery sucks..my iPhone is getting crash every now and den.. feels like upgrading to @125607..@115858 @AppleSupport..,"@294777 Let's help get this all sorted.  To begin, are you currently running iOS 11.1.1? If not, please check out: https://t.co/80YRnjDFDk
Be sure to create a backup prior to updating, and DM us to let us know if the update helps: https://t.co/GDrqU22YpT",upgrade ios iphone battery suck iphone get crash den feel upgrade,let help sort begin run check url sure create backup updating dm let know update help url
AppleSupport,354305,The new #iphone update sucks. So many fixes needed. CC: @116333,@354305 We are here to help out. Let's meet up in DM and we can gather some information there. https://t.co/GDrqU22YpT,new iphone update suck fix need cc,help let meet dm gather information url
AppleSupport,354304,"@348208 @115858 Same Here! I said the same thing and what's worse is sometimes it won't ""charge"" unless I mess with the cord a bit",@354304 We'll help. This usually means that 1) There's debris in the port or 2) The cable is failing. Can you try another cable?,say thing bad charge mess cord bit,help mean debris port cable fail try cable
AppleSupport,354303,"Yo @AppleSupport, My phone has been showing ""no service"" since I updated to ios 11. What's the deal? Very frustrated.",@354303 We're here to help. Let's take this to DM so we can better assist you. https://t.co/GDrqU22YpT,yo phone show service update io deal frustrated,help let dm assist url
AppleSupport,294777,@AppleSupport I always update from my device only.. phone hanging issue is so common nowadays for me..yesterday my phone was switched off and was vibrating.. it’s been close to two months please give me a proper solution,@294777 Thanks. Let's look into this further. Send us a DM and we'll continue from there. https://t.co/GDrqU22YpT,update device phone hanging issue common yesterday phone switch vibrate close month proper solution,thank let look send dm continue url
AppleSupport,187679,@115858 how do you uninstall the new update?,@187679 Glad you reached out. Please DM us and we can chat. https://t.co/GDrqU2kzhr,uninstall new update,glad reach dm chat url
AppleSupport,453017,"@AppleSupport You guys didnt roll out #iphonex with 11.0.3 and now my back-up wont restore as X is still on 11.0.1, I think you guys missed this one",@453017 We'd like to help. Have you tried updating to the latest iOS version now?,guy roll iphonex restore x think guy miss,like help try update late ios version
AppleSupport,123686,"@AppleSupport iPhone 7 and I updated to the newest ios but the phone started crashing and the screen freezing, also powering off",@123686 We'd like to help out with this. Join us in DM so that we can gather more details about your device. https://t.co/GDrqU22YpT,iphone update new io phone start crash screen freeze power,like help join dm gather detail device url
AppleSupport,354302,@AppleSupport wth...hate the upgrade. Battery drain in no time.. WHY FIX IT NOW,@354302 We know how important battery life is. We'll be happy to assist you with. Join us in DM here: https://t.co/GDrqU22YpT,wth hate upgrade battery drain time fix,know important battery life happy assist join dm url
AppleSupport,354301,"@AppleSupport Hey folks, just got the iPhone 8 Plus and the battery really doesn’t seem great, anything I can do?",@354301 Thanks for reaching out to us. Send us a DM and we can assist further with your battery. https://t.co/GDrqU22YpT,folk get iphone battery great,thank reach send dm assist battery url
AppleSupport,354300,@116333 iOS 11 suck so much ass. Fix it. I’ve almost broken my phone out of pure anger at how buggy it is w/ even the most simple of tasks,"@354300 We'd like to look into this with you. Could you tell us which device you are using, and more information about what is happening?",suck ass fix break phone pure anger buggy w/ simple task,like look tell device information happen
AppleSupport,123686,@AppleSupport How can I go back to the previous ios version? This one sucks for real... still keeps being stuck 😫🤢,@123686 Going back to a previous iOS version is not possible. What we can do is perform steps that can help us overcome these challenges. Rest assured we'll do our best to help. Send us a Direct Mesage to continue. https://t.co/GDrqU22YpT,previous ios version suck real keep stick 😫 🤢,go previous ios version possible perform step help overcome challenge rest assure good help send direct mesage continue url
AppleSupport,514250,@AppleSupport can I change my icloud email address.,@514250 You can change you iCloud email alias by following this article: https://t.co/tewQI88gby,change icloud email address,change icloud email alias follow article url
AppleSupport,514249,@AppleSupport Hey guys! Why can't I change my apple music subscription to the student account??,@514249 We would be glad to help with your Apple Music Student Membership. Take a look at this: https://t.co/ovhvOGgQpP,guy change apple music subscription student account,glad help apple music student membership look url
AppleSupport,453017,@AppleSupport I have updated to the latest verion but its a bad user experience,"@453017 We want to ensure your iPhone X works for you. If you're experiencing issues after updating, let us know more in DM: https://t.co/GDrqU22YpT",update late verion bad user experience,want ensure iphone x work experience issue update let know dm url
AppleSupport,187680,"@AppleSupport I’m @ 11.0.2, since updating to 11. UI lag, not registering input, randomly launches apps when opening folders, poor battery life, etc","@187680 We'd be happy to look this over with you. Please meet us in DM so we may gather information, and better assist. https://t.co/GDrqU22YpT",update ui lag register input randomly launch app open folder poor battery life,happy look meet dm gather information well assist url
AppleSupport,575054,Been trying to call @115858 for 3 days for an order issue and keep getting “we’re too busy too take calls” message and disconnect #notiphone,@575054 We certainly want to help. DM us &amp; tell us more about what you're trying to order and what country you're located in. https://t.co/GDrqU22YpT,try day order issue get busy call message disconnect notiphone,want help dm amp tell try order country locate url
AppleSupport,187680,"@115858 hurry up and fix the issues with iOS11, my iPhone6 is awful to use now 👎🏻 #stillwouldntbuyandroid tho 😂😂 #ios11problems",@187680 Let's take a look at it together. What symptoms are you experiencing? Which version of iOS 11 do you have? When did it start?,hurry fix issue ios11 iphone6 awful use 👎 🏻 stillwouldntbuyandroid tho 😂 😂 #,let look symptom experience version ios start
AppleSupport,187681,@115858 @AppleSupport The back button is kinda feeling sticky and not working well as before.,"@187681 We'd like to assist. What device and software version are you using? Also, what country are you in?",button feel sticky work,like assist device software version country
AppleSupport,666685,@AppleSupport It won't turn on,@666685 Okay. Let's try the steps here first: https://t.co/RqWW0duJ0U  DM us if these are not successful: https://t.co/GDrqU22YpT,turn,let try step url dm successful url
AppleSupport,666685,@115858 this is the second Mac THIS YEAR that has stopped working for no reason.. about to switch to HP 🤦🏻‍♀️,@666685 We want you to have a good experience with your Mac. What seems to be going on?,second mac year stop work reason switch hp 🤦 🏻‍ ♀,want good experience mac go
AppleSupport,666686,@AppleSupport I live within the UK and I received an ASOS refund into my ‘Apple Pay account’ which due to being in the UK I can’t access. This isn’t ideal as the refund is a fairly substantial amount and I’d like to transfer back into my bank.,@666686 Our iTunes team would be happy to look into this with you.  Please reach out to them here:  https://t.co/SDIe7UiyJN,live uk receive asos refund apple pay account uk access ideal refund substantial like transfer bank,itunes team happy look reach url
AppleSupport,575045,The past two weeks my phone keeps dying at 45% or 30% with NO apps open Apple wtf @115858,@575045 We're here for you! Let's get this figured out. Is your iPhone turning off at 30%? Please send us a DM. https://t.co/GDrqU22YpT,past week phone keep die % % app open apple wtf,let figure iphone turn % send dm url
AppleSupport,195491,Only can’t move apps out of folders I think it’s ios11.03 bc other iPad on ios11.0 &amp; it’s fine @AppleSupport,@195491 It's important to be able to organize apps; we'll do all we can to help. Do these steps do the trick? https://t.co/HCNNE423U4 https://t.co/GDrqU22YpT,app folder think bc ipad ios11.0 amp fine,important able organize app help step trick url url
AppleSupport,666686,@AppleSupport Well I can’t? Because I’m in the UK making me un able to transfer funds back into my bank account,"@666686 Can you tell us what's going on, exactly?",uk make un able transfer fund bank account,tell go
AppleSupport,281682,@AppleSupport is there a way to check my overall iPhone 6 battery health?,@281682 We can help troubleshoot your battery. Send us a DM and let us know what's going on with it. https://t.co/GDrqU22YpT,way check overall iphone battery health,help troubleshoot battery send dm let know go url
AppleSupport,187681,"@AppleSupport Yes, my current software is 11.0.2. This back button stickiness has basically started after ios 11. Also the deep linking b/n apps. Thanks.",@187681 Let's take this to DM and we'll explore ways to provide you assistance. https://t.co/GDrqU22YpT,current software button stickiness start io deep link b n app thank,let dm explore way provide assistance url
AppleSupport,130561,hey @115858 you know you’re not supposed to slow technology as you update? my iphone is easily 3 times slower thanks to your update 🖕🏼,@130561 Let us help you with your iPhone! Which version of iOS are you running on the iPhone currently? Do you know if all the apps are currently up-to-date? We ask as this can affect the performance.,know suppose slow technology update iphone time slow thank update 🖕 🏼,let help iphone version run iphone know app date ask affect performance
AppleSupport,130561,@AppleSupport actually just checked again I am at 11.1.2.,@130561 Thanks for confirming that. Do you remember which version you were using when you first noticed that the performance was slower than usual? Let's also get your country in case we need to check out additional options. Let us know with a DM. https://t.co/GDrqU22YpT,check,thank confirm remember version notice performance slow usual let country case need check additional option let know dm url
AppleSupport,130561,@AppleSupport 11.0.2 is newest version according to my updated itunes. all apps are updated,@130561 Thanks for that info. The iOS version that we released recently is iOS 11.1.2. Try updating using your iPhone itself and let us know if you're able to update. We also encourage a backup before just in case. Let us know if you still experience that afterwards in DM. https://t.co/GDrqU22YpT,11.0.2 new version accord update itune app update,thank info ios version release ios try update iphone let know able update encourage backup case let know experience dm url
AppleSupport,187681,"@AppleSupport Device: iPhone 7 plusSoftware version: ios 11.0.1Country: India","@187681 We've recently released iOS 11.0.2. Be sure to update, and let us know if your still having issues with the back button.",device iphone software version ios 11.0.1 country india,release ios sure update let know have issue button
AppleSupport,123687,@AppleSupport WHY will my phone not stop locking itself when I’m in the middle of doing things???,@123687 We want to help get your iPhone working properly. Which exact iOS version and iPhone are you using?,phone stop lock middle thing,want help iphone work exact version iphone
AppleSupport,123687,@AppleSupport  https://t.co/yvu10fymce,@123687 Thank you. Please check to see if you have an update available under Settings &gt; General &gt; Software Update.,url,thank check update available setting gt general gt software update
AppleSupport,123687,"@AppleSupport iPhone 8, iOS 11",@123687 Thanks.  Please take look under Settings &gt; General &gt; About and let us know the exact iOS version.,iphone,thank look setting gt general gt let know exact ios version
AppleSupport,123686,@AppleSupport what the hell is wrong with ur new update?? My phone keeps getting stuck and powering off (unresponsive). Get ur shit together,@123686 We'd love to help. Which iPhone model are you using? DM the answer below. https://t.co/GDrqU22YpT,hell wrong ur new update phone keep get stuck power unresponsive shit,love help iphone model dm answer url
AppleSupport,514270,@AppleSupport I have a new iPhone 6 as well as iPad 2017 model.can I charge my iPhone with iPad charger and vice versa?,@514270 This article here has some great info about that. https://t.co/w7T6ugRbaM,new iphone ipad model.can charge iphone ipad charger,article great info url
AppleSupport,143358,@503427 @45596 Bruh I️ thought mine was the only one! Wtf how do we fix this?! @115858,@143358 Here’s what you can do to work around the issue until it’s fixed in a future software update: https://t.co/xXaXeeSRt9,bruh i️ think wtf fix,work issue fix future software update url
AppleSupport,200294,@AppleSupport Yes. My phone is working properly. My Mac keep asking to insert password... 🧐,"@200294 We're wanting to see if you can sign in successfully to iCloud through Safari on the Mac.  Send us a DM, and we'll go from there. https://t.co/GDrqU22YpT",phone work mac ask insert password 🧐,want sign icloud safari mac send dm url
AppleSupport,689899,Why is it that when I plug my phone into my charger it loses battery? @115858,"@689899 We can figure out what's going on with your iPhone and the battery charger. Send us a DM, and we'll continue there. https://t.co/GDrqU22YpT",plug phone charger lose battery,figure go iphone battery charger send dm continue url
AppleSupport,354175,"@AppleSupport 11.0.2 and it makes all unfunctional, what can i do?",@354175 We have released another update for iOS which is iOS 11.0.3. The next step would be to update the iOS. https://t.co/80YRnjDFDk,make unfunctional,release update ios step update ios url
AppleSupport,354174,@348591 @AppleSupport I agree! Mine too! It ducks!:),@354174 We'd like to know more about what you're experiencing. DM us and we'll pick up from there. https://t.co/GDrqU22YpT,agree duck,like know experience dm pick url
AppleSupport,589988,@115858 u better fix my i’s,"@589988 Tell us what you experienced, and on which devices, in DM and we'll be happy to work with you to figure it out. https://t.co/GDrqU22YpT",fix,tell experience device dm happy work figure url
AppleSupport,354173,"@AppleSupport And no it's not in preferences, I already tried that",@354173 Thank you for contacting us for support. We'd like to lend a hand. Could you tell us which Appe device you're using?,preference try,thank contact support like lend hand tell appe device
AppleSupport,628551,@115858 when are y’all fixing this bug that came with your new update?! 💁🏿‍♂️💁🏿‍♂️💁🏿‍♂️,@628551 We'd like to see how we can assist. What issue are you experiencing please?,fix bug come new update 💁 🏿‍ ♂ ️ 💁 🏿‍ ♂ ️ 💁 🏿‍ ♂,like assist issue experience
AppleSupport,510049,@AppleSupport another issue since iOS11. When I play music the app doesn’t always appear. Spotify or slacker. So freaking tired of issues https://t.co/26IpUAjFEJ,"@510049 Let’s see if we can get this working again. DM us your current iOS version, and we’ll work with you there. https://t.co/GDrqU22YpT",issue ios11 play music app appear spotify slacker freak tired issue url,let work dm current version work url
AppleSupport,589989,When I️ type I why does that A and question mark pop up @AppleSupport,"@589989 We want to help. So that we may continue, please use the link below to start a DM conversation with us. https://t.co/GDrqU22YpT",i️ type question mark pop,want help continue use link start dm conversation url
AppleSupport,127769,@AppleSupport You guys have already messaged me in a DM about this and had me do this. It didn’t work. Literally 3 times you’ve recommended this.,"@127769 It's important to have the latest software installed. If you'd like to continue together, please DM us &amp; we'll pick back up there. https://t.co/GDrqU22YpT",guy message dm work time recommend,important late software instal like continue dm amp pick url
AppleSupport,149684,@AppleSupport two times they send me this fake email to steal my account https://t.co/FQCTA1Jp83,@149684 We understand the concerns with emails like this and we thank you for letting us know. Messages like these are a phishing attempt to gather your information. Check out https://t.co/LNMCdqt6fD for details and there are steps there to forward the email to us.,time send fake email steal account url,understand concern email thank let know message phishe attempt gather information check url detail step email
AppleSupport,141464,@AppleSupport dear apple! the inability to use the podcast app to its full extend (search new PCs) really is annoying. when will u fix this?,@141464 We'd like to learn more about this behavior. Tell us more about what you're experiencing via DM. We'd love to help lend a hand. https://t.co/GDrqU22YpT,dear apple inability use podcast app extend search new pc annoying fix,like learn behavior tell experience dm love help lend hand url
AppleSupport,141463,"@applesupport since the last update, my Bluetooth will not stay connected in my #VW #iosupdate #iphone #frustrated #applesupport #bluetooth",@141463 Let's get your car and iPhone working together. You'll find steps to work through this issue here: https://t.co/tqjOBvBgl0,update bluetooth stay connected vw iosupdate iphone frustrate applesupport # bluetooth,let car iphone work find step work issue url
AppleSupport,144217,@144218 @AppleSupport @122609 The most recent updates have not fixed any of the issues. Wifi and bluetooth antennas turn on by themselves,@144217 Hello. Follow these tips to contol your Wi-Fi and Bluetooth connections in iOS 11: https://t.co/G7BHuQnDS6 Feel free to reach out via DM if you have questions or you're experiencing something other than what you see in the article: https://t.co/GDrqU22YpT,recent update fix issue wifi bluetooth antenna turn,follow tip contol wi fi bluetooth connection ios url feel free reach dm question experience article url
AppleSupport,144218,"@AppleSupport @144217 I have a 6 Plus, everyone that I have talked to has been having the issues that he mentioned since the iOS 11 updates. My battery life is terrible now, my cursor/screen freezes &amp; jumps around while I’m typing &amp; I have to do a hard reset every couple of days.","@144218 We expect you to have a great experience running the latest version of iOS, 11.1.2, on your iPhone 6 Plus. Send us a Direct Message, and we'll work together to investigate the behaviors you're running into, so we can offer the best solution. https://t.co/GDrqU22YpT",plus talk have issue mention ios update battery life terrible cursor screen freeze amp jump type amp hard reset couple day,expect great experience run late version ios 11.1.2 iphone plus send direct message work investigate behavior run offer good solution url
AppleSupport,141462,@AppleSupport 3 times I’ve been running and been on to set a PB and 3 times you’re iwatch series 3 has stopped and finished my run early for me. Fuck this piece of shit watch. Fuming!,"@141462 Hi there, glad you reached out about this. We’ll be glad to take a look at why this is happening. Meet us in DM and let us know if this is a GPS or GPS + Cellular model and we’ll go from there. https://t.co/GDrqU22YpT",time run set pb time iwatch series stop finish run fuck piece shit watch fume,hi glad reach glad look happen meet dm let know gps gps cellular model url
AppleSupport,144217,"@AppleSupport Unresponsive keyboard and buttons, low battery life, disappearing icons and even the time display, wifi/bluetooth always on.","@144217 Thanks for clarifying. We're eager to help get these issues resolved. In order to ensure we're on the same page, please send us a DM and let us know the version number of iOS installed. This can be found under Settings &gt; General &gt; About. https://t.co/GDrqU22YpT",unresponsive keyboard button low battery life disappear icon time display wifi bluetooth,thank clarify eager help issue resolve order ensure page send dm let know version number ios instal find setting gt general gt url
AppleSupport,628550,@115858 please fix this “I️” situation. I’m tired of having to type “i.” It’s just not right.,@628550 Here’s what you can do to work around the issue until it’s fixed in a future software update: https://t.co/xXaXeeSRt9,fix i️ situation tired have type i. right,work issue fix future software update url
AppleSupport,354173,@AppleSupport Unfortunately this doesn't help. I'm looking to add book files from my PC to my iTunes library on my computer so I can sync them onto iPad,@354173 Got it. Please DM us and we can begin from there.,help look add book file pc itunes library computer sync ipad,get dm begin
AppleSupport,325978,@AppleSupport Yes please. For the sake of freeing up a bit of memory space. Thanks,"@325978 Those apps can’t be removed. However, you can optimize your iOS storage with these tips: https://t.co/0yFHFRYSnX",sake free bit memory space thank,app remove optimize ios storage tip url
AppleSupport,354175,"@115858 really, when will you fix the last iPhone update? It’s a shit! I cant update Any of my apps or get new ones!",@354175 We'd be happy to help with your app/download issues. What iPhone is this occurring on? Which version of iOS 11 are using?,fix iphone update shit update app new one,happy help app download issue iphone occur version ios
AppleSupport,354176,@AppleSupport what has happened to our battery life with iOS 11. Horrible,@354176 We're here to help. Let's take this to DM so we can better assist you. https://t.co/GDrqU22YpT,happen battery life horrible,help let dm assist url
AppleSupport,203976,@AppleSupport No I didn’t sign out all I did was update iOS and it messed up my music when I updated after a whole day of fixing it im 3/4 of the way done,"@203976 We appreciate you bringing this to our attention. If you experience any further issues, let us know and partner together.",sign update mess music update day fix m way,appreciate bring attention experience issue let know partner
AppleSupport,203976,@AppleSupport the iOS 11.0.2 sucks I have no idea on how to get my music back,@203976 We'll do everything we can to help! Are you an Apple Music subscriber?,ios suck idea music,help apple music subscriber
AppleSupport,203977,"@AppleSupport Since I found the DVD, can I wipe the recovery partition too?",@203977 We don't want to erase the recovery partition. What OS X version are you installing?,find dvd wipe recovery partition,want erase recovery partition os x version instal
AppleSupport,203977,"@AppleSupport The DVD is for Snow Leopard, I am using a new Apple ID so everything is tied to the old one. Only thing would be to completely start over..",@203977 Send us a DM and we'll continue assisting you there. https://t.co/GDrqU22YpT,dvd snow leopard new apple id tie old thing start,send dm continue assist url
AppleSupport,203977,@AppleSupport trying to do a clean install on my MacBook and I keep getting an error from the App Store...thoughts?,@203977 We can help you reinstall macOS. What error are you getting exactly?,try clean install macbook get error app store thought,help reinstall macos error get
AppleSupport,203978,@AppleSupport Hey I have a problem with singing to my Apple id!!    I forgot the trusted phone number. Is there anything to do?,@203978 We're here to help. You can reach our Account Security specialist by clicking here: https://t.co/UJm15vmMM2,problem singing apple d forget trust phone number,help reach account security specialist click url
AppleSupport,203979,"@AppleSupport I have done everything humanly possible, including resetting my phone. Many, many people have reported this problem. When is the fix coming?",@203979 We're happy to continue researching this with your further. Join us in DM with the link below. https://t.co/GDrqU22YpT,possible include reset phone people report problem fix come,happy continue research join dm link url
AppleSupport,203979,@AppleSupport iOS 11.0.2 is the worst thing ever. My Bluetooth connection to my speakers immediately drops when I hit play.,"@203979 Let's figure this out together. Have you restarted both devices? Have you unpaired, and re-paired your speakers?",ios bad thing bluetooth connection speaker drop hit play,let figure restart device unpaire - pair speaker
AppleSupport,203980,.@115858 my phone is running mighty slow and experience about 4-5 crashes a day after this “update” tf Bruh?,@203980 We'd love to take a look. Please DM us which device you’re using. https://t.co/GDrqU22YpT,phone run slow experience crash day update tf bruh,love look dm device url
AppleSupport,203981,@115858 I’ve had nothing but problems with my phone ever since I updated it 🙄,@203981 That is certainly not the experience we'd like for our customers. We're here to help. What seems to be going on?,problem phone update 🙄,experience like customer help go
AppleSupport,369679,This iOS 11.0.3 got freeze bugs b @115858 @AppleSupport,@369679 We can help with your device freezing. When do you notice this issue? Which iPhone do you own?,ios get freeze bug b,help device freeze notice issue iphone
AppleSupport,203982,@AppleSupport This should be a feature that can be turned off in settings.  #Apple #iOS11 #iOS #securityissue #WiFi #Bluetooth #ChangeiOS11,"@203982 To completely disable Wi-Fi and Bluetooth for all networks and devices, go to Settings &gt; Wi-Fi or Settings &gt; Bluetooth.",feature turn setting apple ios11 ios securityissue wifi bluetooth changeios11,disable wi fi bluetooth network device setting gt wi fi settings gt bluetooth
AppleSupport,144215,"@AppleSupport my new IPhone 8 is lagging, text especially. Is there a way to fix?",@144215 We'd be more than happy to look into it with you. Send us a DM with any details you have and we'll take it from there. https://t.co/GDrqU22YpT,new iphone lag text way fix,happy look send dm detail url
AppleSupport,203982,SECURITY ISSUE!  @115858 iOS 11 keeps WiFi and Bluetooth running even after turning it off in the control center.  This needs to be changed! #ios11update  #ios #securityissue #ios11 #Apple #WiFi #Bluetooth,@203982 We appreciate wanting to control Wi-Fi and Bluetooth usage. Check out: https://t.co/G7BHuQnDS6 DM us with any questions: https://t.co/GDrqU22YpT,security issue keep wifi bluetooth run turn control center need change ios11update ios securityissue ios11 apple wifi bluetooth,appreciate want control wi fi bluetooth usage check url dm question url
AppleSupport,203983,@AppleSupport Yes and still getting notifications . But  okay ima hit y’all up,@203983 We look forward to working with you to resolve this. https://t.co/GDrqU22YpT,get notification m hit,look work resolve url
AppleSupport,203983,"Why is my phone on do not disturb,  But I’m literally still being disturbed?! How is this.... why... is this happening?? 🤔🤔🤔 @6990 @115858","@203983 Is your iPhone still ringing even though Do Not Disturb is turned on? If so, send us a DM. Let's look at this together. https://t.co/GDrqU22YpT",phone disturb disturb happen 🤔 🤔,iphone ring disturb turn send dm let look url
AppleSupport,144216,@AppleSupport I reset my password and the problem still persists https://t.co/4FYjwomPaL,"@144216 Are you able to log in to https://t.co/tmRhWEkIq4 from a computer? Also, where are you located?",reset password problem persist url,able log url computer locate
AppleSupport,144216,@AppleSupport ummmm what is this? https://t.co/dTC7yOTWz0,"@144216 We understand the concern behind seeing that message. Have a look at this article and see if it helps: https://t.co/HH37urdbz9

We're here for you. Please let us know if this helps.",ummmm url,understand concern see message look article help url let know help
AppleSupport,203976,@AppleSupport I downloaded Some not all of it when I downloaded ios before it never messed with my music or anything else,@203976 Do you recall if you may have signed out of Apple Music by chance?,download download io mess music,recall sign apple music chance
AppleSupport,370387,"@AppleSupport Alas none of these has worked, which is a real shame. Oh well, hopefully the next update will fix it.","@370387 If you're still experiencing issues with battery life after trying those steps, we can help. DM us the country you're located in. https://t.co/GDrqU22YpT",work real shame update fix,experience issue battery life try step help dm country locate url
AppleSupport,144217,@144218 @115858 Same here. iPhone 6s glitchy as hell now with update.,@144217 What kind of issues are you having with the iPhone? We'd love to help out.,iphone glitchy hell update,kind issue have iphone love help
AppleSupport,149687,"@AppleSupport done that, still not working 😩",@149687 Let's make sure that content is available in your region. Use this link to check that. https://t.co/HOjuZGXR0c,work 😩,let sure content available region use link check url
AppleSupport,370391,"@AppleSupport 11.0.3 I also get issues in messages and sometimes twitter.   I use the stock keyboard, iPhone 7plus.  Seems to happen post screen rotation.",@370391 Thanks for those details. Please meet us in DM and we'll take a closer look into this with you. https://t.co/GDrqU22YpT,issue message twitter use stock keyboard iphone happen post screen rotation,thank detail meet dm close look url
AppleSupport,370391,@AppleSupport iOS11 has a retarded keyboard that appears to try and block in any app Fix it #epic fail https://t.co/C239bYrg0W,@370391 We're happy to look into this issue. What's the iOS version you're using? This is located in Settings &gt; General &gt; About.,ios11 retarded keyboard appear try block app fix epic fail url,happy look issue ios version locate settings gt general gt
AppleSupport,370392,"@AppleSupport @370393 Iphone 7 iOS 11.0.3,battery performance is less than previous version",@370392 We can help with battery life. Have you used the steps in this article: https://t.co/TpjqFp3jxD,iphone performance previous version,help battery life step article url
AppleSupport,370393,@115858 Your new software update killed my 6s battery performance! Feeling cheated! Its gone to the point where I see it drain in front of my eyes,@370393 Let's take a look into the battery life together. Please DM us the exact iOS version and we'll go from there. https://t.co/GDrqU22YpT,new software update kill 6s battery performance feel cheat go point drain eye,let look battery life dm exact version url
AppleSupport,370394,@AppleSupport What to do ? https://t.co/n55Ls5hyM3,"@370394 We'll point you in the right direction. For help with Photos, connect with one of our Advisors here: https://t.co/IBIY3vMgPj",url,point right direction help photo connect advisor url
AppleSupport,187678,@AppleSupport #ios1103 👍📱 https://t.co/X1ssS6KXC1,"@187678 Let's take a look at this. Meet up in DM, and we'll take it from there. https://t.co/GDrqU22YpT",# ios1103 📱 url,let look meet dm url
AppleSupport,133450,@115858 @AppleSupport And @AppleSupport don’t even reply! Pffft!,@133450 We'd like to help. DM us details on what's going on with your Mac along with your current location. We'll work together on any issues you're having there. https://t.co/GDrqU22YpT,reply pffft,like help dm detail go mac current location work issue have url
AppleSupport,370395,I don’t fucking see why I need internet to load pictures and videos that are saved on my phone @115858,@370395 DM us using the link below and give details on what you're experiencing. We're glad to help. https://t.co/GDrqU22YpT,need internet load picture video save phone,dm link detail experience glad help url
AppleSupport,143663,@118721 @AppleSupport i bought a song from Little Mix new album but when I go to my library is not even there like I didn’t buy it ?? And also on iTunes is said that I bought a song.  what do i do to get the song i paid for? Or at least give me my money back 🙄🙄 https://t.co/9UDcPv1sKI,"@143663 We can help. Check out the section ""Redownload a song, album, or music video"" here: https://t.co/I39AyMJNgb

Let us know if the song appears there. https://t.co/GDrqU22YpT",buy song little mix new album library buy itunes say buy song song pay money 🙄 🙄 url,help check section redownload song album music video url let know song appear url
AppleSupport,143662,@115858 please fix the i️ bs pls,@143662 We'd like to help any way we can. What's your device model and the exact OS version installed? Please let us know both details in DM: https://t.co/GDrqU22YpT,fix i️ pls,like help way device model exact os version instal let know detail dm url
AppleSupport,225947,@AppleSupport Yes. It’s up to date. I’ve had the phone 3 days.,@225947 Thanks for checking. Let's meet up in DM so we can go over a few things. https://t.co/GDrqU22YpT,date phone day,thank check let meet dm thing url
AppleSupport,225947,.@115858 I bought a new iPhone 8 plus and was so excited. Not anymore. This thing quits out of the App Store constantly #NOTokay,@225947 We want you to love your new iPhone 8 Plus. Have you updated to iOS 11.0.3 yet? https://t.co/80YRnjDFDk,.@115858 buy new iphone excited thing quit app store notokay,want love new iphone plus update ios url
AppleSupport,370396,@AppleSupport 6s şarj çok çabuk bitiyor.Günde 3 kere şarj etmeye başladim.Kasma ve donmalar oluyor.İOS 11 hiç de beklediğim gibi olmadi.,@370396 We offer support via Twitter in English. Contact us for help in your preferred language here: https://t.co/IBIY3vMgPj,6s şarj çok çabuk bitiyor günde kere şarj etmeye başladim kasma ve donmalar oluyor i̇os gibi olmadi,offer support twitter english contact help preferred language url
AppleSupport,332878,I liked this update up until the moment it started messing up my phone wtf @115858,@332878 Let's look into this together. Please let us know about any issues you're experiencing. We'll help sort it out.,like update moment start mess phone wtf,let look let know issue experience help sort
AppleSupport,370397,"@115858, these updates? My iPhone 8 keeps freezing and the loud speaker is jacked, missed a flight to Texas today due to this crap! $230 fail",@370397 We'd be happy to help. Meet us in DM to work on those issues. https://t.co/GDrqU22YpT,update iphone keep freeze loud speaker jack miss flight texas today crap fail,happy help meet dm work issue url
AppleSupport,503426,"@115858 @AppleSupport plz fix this asap 
Ty# https://t.co/dqT3nxlLRj",@503426 Here’s what you can do to work around the issue until it’s fixed in a future software update: https://t.co/qODbOsp4wz,fix asap ty # url,work issue fix future software update url
AppleSupport,325973,@115858 @AppleSupport Merci pour cet ios 11 totalement nul ! Mon iPhone 7 bug dans tt les sens ! je n’achterai pas votre 8 !,@325973 We offer support via Twitter in English. Contact us for help in your preferred language here: https://t.co/IBIY3vMgPj,merci pour cet totalement nul mon iphone bug dan tt sens je n’achterai pas votre,offer support twitter english contact help preferred language url
AppleSupport,325974,@AppleSupport why does my watch face keeps enlarging itself without me touching it? Have to remove from wrist to revert to normal font?,@325974 We’d be glad to help get this taken care of. Go ahead and start looking at the settings on this page: https://t.co/xsdLAJNR9o,watch face keep enlarge touch remove wrist revert normal font,glad help take care start look setting page url
AppleSupport,325975,@115858 @AppleSupport I update my phone to ios 11 and now my phone’s slower than ever. i can’t watch YouTube or use Snapchat w/o it freezing,@325975 We have released 11.0.2. Make sure you have a backup and then go ahead and get your iPhone updated: https://t.co/80YRnjDFDk,update phone io phone slow watch youtube use snapchat freeze,release sure backup iphone update url
AppleSupport,325976,@AppleSupport Music controls aren’t showing up on the lock screen for Spotify. Newest iOS has ruined my phone too... 🙁11.0.2,@325976 We're here to help. Shoot us a DM of what country or region you're located in. https://t.co/GDrqU22YpT,music control show lock screen spotify new ruin phone 🙁,help shoot dm country region locate url
AppleSupport,141460,@AppleSupport It only started after installing the new software update,@141460 We'd like to find the best solution. DM us what country or region you're located in. https://t.co/GDrqU22YpT,start instal new software update,like find good solution dm country region locate url
AppleSupport,144219,@AppleSupport Also on the bottom right corner there’s a little exclamation point in white,@144219 We received your DM and will continue there.,right corner little exclamation point white,receive dm continue
AppleSupport,141459,@AppleSupport what happened to bookmarks in ios11 update. Safari is now blank. How do I restore them please. Phone is so slow now too. What’s happened.,@141459 We'll be happy to look into what's going on with your bookmarks and the iPhone being slow. Which iPhone and iOS 11 version are you using?,happen bookmark ios11 update safari blank restore phone slow happen,happy look go bookmark iphone slow iphone version
AppleSupport,141459,@AppleSupport It’s the iPhone 6 and it’s ios 11.1.2,@141459 Alright. Let's continue to look further into this in DM: https://t.co/GDrqU22YpT,iphone ios,alright let continue look dm url
AppleSupport,141458,"After installing iOS 11.1.2 apple apps close such as Podcasts, while playing and also apps from other developers. iPhone also feels slow and it gets hot and battery is running lower than usual. @115858 @AppleSupport #ios1112",@141458 Let's look into that. Send us a DM and we'll go from there. https://t.co/GDrqU22YpT,instal apple app podcasts play app developer iphone feel slow get hot battery run low usual ios1112,let look send dm url
AppleSupport,144219,@AppleSupport hey I can’t seem to send pictures or videos or even post them on all my social media’s,@144219 Let's see what we can find for this together. What happens when you try any of these actions? Are you using old photos or new ones?,send picture video post social medium,let find happen try action old photo new one
AppleSupport,144220,"@AppleSupport I found that earlier, thanks, but it's also an issue with updates to apps which I used to do with iTunes. I'd update all apps and then plug the device in to download them. Now I have to use my data allotment to do the same thing.",@144220 We value your feedback. Many changes in iOS software have been made at the suggestions of user just like you. Send us your feedback here: https://t.co/eTPVYVFyd8,find thank issue update app itunes update app plug device download use data allotment thing,value feedback change software suggestion user send feedback url
AppleSupport,325984,"@AppleSupport I use iCloud. Not all the contacts are missing. I can’t find them, but if they message me, their info will come up.","@325984 In Contacts, tap ""Groups"", is ""All iCloud"" selected?",use icloud contact miss find message info come,contact tap group icloud select
AppleSupport,144220,@AppleSupport how do i back up to my computer and update ipod/iphone apps now that itunes doesn't do it?,"@144220 Hi there. We're happy to help with this. You can find the steps to make an iTunes backup here: https://t.co/4f8hwT5to6 Update your apps in the App Store on your device under the ""updates"" tab. Let us know if this helps.",computer update ipod iphone app itune,happy help find step itunes backup url update app app store device update tab let know help
AppleSupport,497648,@AppleSupport another video for the issue https://t.co/1oNngROf7i,@497648 We’ve received your DM and will continue there shortly. Thank you for your patience.,video issue url,receive dm continue thank patience
AppleSupport,325977,"My phone is currently on charge, but losing charge… @AppleSupport","@325977 We'd be glad to look into this with you. Which iPhone are you using? Also, are you using an Apple charger and wall adapter?",phone charge lose charge,glad look iphone apple charger wall adapter
AppleSupport,141457,Hey @AppleSupport - my iPhone X is stuck on the restore with just 270 bytes to go. What should I do? https://t.co/wgQZAbX7xf,"@141457 Thanks for reaching out. Has your phone stayed connected to Wi-Fi the entire time? Also, how long has your phone been restoring from iCloud?",iphone x stick restore byte url,thank reach phone stay connect wi fi entire time phone restore icloud
AppleSupport,141457,@AppleSupport Almost the entire time. Obviously not when I'm out from the house. I have fast internet (100mbs). Has been restoring for more than 2 weeks. I think I had used 150gb on the phone.,"@141457 We want your device to work for you and we'll be happy to help out. Let's start by reviewing this great article: https://t.co/Lr8zUtw9ls
Let us know if that helps.",entire time house fast internet restore week think gb phone,want device work happy help let start review great article url let know help
AppleSupport,370387,"@AppleSupport since installing iOS 11.0.3 on 5s work phone, battery has gone from 2.5 days to 1.5. Background refresh is off. Any ideas? https://t.co/5kXkYPWNK5",@370387 We can offer some suggestions to help with the battery life. Check these out and let us know if it helps: https://t.co/bivpdfBNJ6,instal ios work phone battery go day background refresh idea url,offer suggestion help battery life check let know help url
AppleSupport,149685,@AppleSupport not receiving the verification code Help me Please,"@149685 Understood. Have you clicked on the option from that screenshot of, ""Did not get a verification code?"" for further options?",receive verification code help,understood click option screenshot verification code option
AppleSupport,149685,@AppleSupport Im not text with a verification code on message my phone number https://t.co/1rgFIQUWiv,@149685 We'd like to see how we can help with this. Are you stating that you're not receiving the verification code or you didn't sign up to use a verification code?,m text verification code message phone number url,like help state receive verification code sign use verification code
AppleSupport,149686,@115858 really disappointed with the customer service shown to my 60 year old mother in your Exeter UK branch. 😡😡😡,@149686 We'd like to look into this. Click here to join us in DM and provide us with the details. https://t.co/GDrqU22YpT,disappoint customer service show year old mother exeter uk branch 😡 😡,like look click join dm provide detail url
AppleSupport,133450,@AppleSupport Whilst I appreciate these hints happen this is the third laptop to break on my in 3 years!!! The previous 22 years never an issue!! Now I can’t even get an appointment to get fixed! What do I do for the next week until there is an appointment?,@133450 We want your Mac working for and would be happy to look into other possible options for you. DM us so we can gather some details from you and we'll work with you there. https://t.co/GDrqU22YpT,appreciate hint happen laptop break year previous year issue appointment fix week appointment,want mac work happy look possible option dm gather detail work url
AppleSupport,141460,@AppleSupport Installed the iPhone software update 11.1.2 on my iPhone 6s and now my phone keeps crashing!,@141460 We want to help! Does is restart to the Apple logo or to a spinning circle? What apps are in use when this happens?,instal iphone software update iphone phone keep crash,want help restart apple logo spin circle app use happen
AppleSupport,200294,@AppleSupport “An unknown error occurred” in red. That’s all I’m getting.,@200294 Are you able to sign in correctly from https://t.co/tmRhWEkIq4? Let us know in DM. https://t.co/GDrqU22YpT,unknown error occur red get,able sign url let know dm url
AppleSupport,203976,@AppleSupport Yes I am a member and  I had to go to very artist and add the songs for an hour then when I stopped everything wanted to reappear,"@203976 Thanks for those details. Just to confirm, you've already redownloaded all your music. Is that correct?",member artist add song hour stop want reappear,thank detail confirm redownloade music correct
AppleSupport,130265,.@115858 my iPad and iPhone keep freezing up. What could the issue be?  Software is up to date.  A virus maybe?,@130265 We'd love to look into this with you. Click here to join us in DM. We'll pick up there: https://t.co/GDrqU22YpT,.@115858 ipad iphone freeze issue software date virus,love look click join dm pick url
AppleSupport,589984,@115858 #apple #iphone #ios11 #iphonekeyboard #help https://t.co/mShNXBCSnw,@589984 We're here to help! Send us a DM letting us know which iPhone &amp; iOS version you're using and we'll work from there: https://t.co/GDrqU22YpT,apple iphone ios11 iphonekeyboard help url,help send dm let know iphone amp version work url
AppleSupport,285478,"#ios11, six updates and a new iPhone 6s later: apps still hang, touchID and charging don’t play along, and the battery is a pumpkin. @AppleSupport, either fix this dumpster fire already or allow to downgrade to iOS 9.3.5, the last iOS that ran well (and looked good). #apple #fail",@285478  Thanks for reaching out. Please let us know all about the issues you're experiencing. We'd like to help you and look into this further. Please DM us to get started. https://t.co/GDrqU22YpT,ios11 update new iphone app hang charge play battery pumpkin fix dumpster fire allow downgrade ios ios run look good apple fail,thank reach let know issue experience like help look dm start url
AppleSupport,689907,Hey @AppleSupport - I haven’t updated to ios11 but my camera and safari have disappeared off my iphone!!! #help,@689907 We'd like to help. Let's take this to DM and we'll explore ways to provide you assistance. https://t.co/GDrqU22YpT,update ios11 camera safari disappear iphone help,like help let dm explore way provide assistance url
AppleSupport,689908,"@AppleSupport iCloud is sucking lately. Incredibly slow, lost most of my photos, I keep having to sign out and back in to get access to anything. What happened to “it just works?”",@689908 Thanks for reaching out to us. We are always happy to help. Send us a DM and we'd be happy to look into your iCloud issues with you. https://t.co/GDrqU22YpT,icloud suck slow lose photo have sign access happen work,thank reach happy help send dm happy look icloud issue url
AppleSupport,689909,"iOS 11.1.1 is absolute garbage! Phone (7plus) kept crashing when i tried to open messages &amp; had to do master reset, now it is running soooo slow.  @AppleSupport","@689909 Let's look into what's going on together. So we can work closer with you on this, reach out to us in DM and we'll continue from there. https://t.co/GDrqU22YpT",ios absolute garbage phone keep crash try open message amp master reset run soooo slow,let look go work reach dm continue url
AppleSupport,143664,@AppleSupport Thanks!!!,"@143664 You’re welcome! If you have any other questions, let us know. We’re available every day from 5 a.m. to 8 p.m. Pacific time.",thank,welcome question let know available day a.m. p.m. pacific time
AppleSupport,325990,Got my @115858 MacBook air screen replaced on Monday.. now the laptop is not turning on and neither the charger is working @AppleSupport,"@325990 Thanks for reaching out to us, we can help you. Please check out and follow the steps in this article: https://t.co/ly4dkKy6fh",got macbook air screen replace monday laptop turn charger work,thank reach help check follow step article url
AppleSupport,187661,"@AppleSupport It keep on freezing all the time,turns of automatically the touch id stop working phone takes at leat 3-4 minuetsto turn on.","@187661 A couple questions, DM us the answers. Which iOS version, Settings &gt; General &gt; About. Does the iPhone restart by itself? https://t.co/GDrqU22YpT",freeze time turn touch d stop work phone take leat minuetsto turn,couple question dm answer version settings gt general gt iphone restart url
AppleSupport,670388,"@AppleSupport The OS is the latest on both (i‘ve always make the updates). I also experienced problems with Carplay and A2DP (audio stream stops suddenly and starts again). Today i had to restart my iPhone, and it tooks over 10 Min. for it. it happens twice already...",@670388 Got it! Send us a DM with the country you are located in to continue. https://t.co/GDrqU22YpT,os late i‘ve update experience problem carplay a2dp audio stream stop start today restart iphone took min . happen,got send dm country locate continue url
AppleSupport,629599,These questions mark boxes irritating my soul fix it @115858,@629599 Here’s what you can do to work around the issue until it’s fixed in a future software update: https://t.co/xXaXeeSRt9,question mark box irritate soul fix,work issue fix future software update url
AppleSupport,628558,@AppleSupport what is this A? That keeps popping up when I️ type an I? It’s really annoying https://t.co/1pHIEncCi3,@628558 Here’s what you can do to work around the issue until it’s fixed in a future software update: https://t.co/xXaXeeSRt9,keep pop i️ type annoying url,work issue fix future software update url
AppleSupport,628557,"@AppleSupport I’ve tried the solution to fix the I️ but it still didn’t work for me. It’ll save initially, but then disappears later. What now? https://t.co/23O53SJLX4",@628557 We're here to help. So we can look into this with you can you please message us in DM? https://t.co/GDrqU22YpT,try solution fix i️ work save disappear url,help look message dm url
AppleSupport,628556,Hey @115858 @AppleSupport maps on my Mac shows directions as if I were driving on the right side of the road. Completely bonkers for UK maps! https://t.co/l2xWzj2dRp,@628556 We'd like to look into this with you. DM us details and we'll continue there. https://t.co/GDrqU22YpT,map mac show direction drive right road bonker uk map url,like look dm detail continue url
AppleSupport,628555,@115858 Me can’t send professional emails or post nothing on social sites because everytime I️ hit send this is what I️ get I️ ! FIX IT !!,@628555 Here’s what you can do to work around the issue until it’s fixed in a future software update: https://t.co/xXaXeeSRt9,send professional email post social site everytime i️ hit send i️ i️ fix,work issue fix future software update url
AppleSupport,577862,"@AppleSupport @115858 iOS11 is a battery killer! I’m losing 1% per min! Lucky I get X...oh wait, in 4-5 weeks.",@577862 Let's look into this battery issue for you. What version of iOS 11 are you currently on? Let us know in DM. https://t.co/GDrqU22YpT,ios11 battery killer lose % min ! lucky x week,let look battery issue version ios let know dm url
AppleSupport,670388,"lose connection to watch (Series 2), common #Bluetooth problems and long start on iPhone6S (approx. 10 Min.) #iOS11 @115858 : fix it! it‘s annoying!","@670388 Let's look into this together. To start, can you give us a few more details on what you're experiencing with your Apple Watch and iPhone? Also, can you let us know which watchOS and version of iOS 11 you're using?",lose connection watch series common bluetooth problem long start iphone6s approx min . fix annoying,let look start detail experience apple watch iphone let know watchos version ios
AppleSupport,629600,@AppleSupport @629599 That didn’t work for me. Any other tips?,@629600 We'd like to take a closer look at the settings. DM us with the link below and we'll continue. https://t.co/GDrqU22YpT,work tip,like close look setting dm link continue url
AppleSupport,149683,@AppleSupport my Apple Music is constantly crashing - I can’t even open the app! This recent iPhone updates have been shocking - I’ve had nothing but problems,"@149683 We want to help you out with your Apple Music. Meet us in DM with the following details:

Go to Settings &gt; General &gt; About,  and tell us what version of the iOS you currently have installed.
Does Apple Music give an error? If so, what does it say? https://t.co/GDrqU22YpT",apple music crash open app recent iphone update shocking problem,want help apple music meet dm following detail setting gt general gt tell version ios instal apple music error url
AppleSupport,127769,@AppleSupport I️ have the latest software.,@127769 The latest iOS version that's out is iOS 11.1. We'll be more than happy to assist you further with this issue. Please DM us. https://t.co/GDrqU22YpT,i️ late software,late ios version happy assist issue dm url
AppleSupport,149682,@AppleSupport how do I stop my WiFi from automatically connecting to a network by itself?,@149682 We're happy to help you with this. Which device are you using?,stop wifi connect network,happy help device
AppleSupport,689904,I updated so why do I still see these ol question mark boxes on my phone. Hmm @115858 🤔,"@689904 We're happy to see how we can help with this. To start, are you seeing this happen when you type, or from others?",update ol question mark box phone,happy help start see happen type
AppleSupport,629597,THATS IT IT HAPPENED AGAIN IM LOSING MY SHIT @115858 WHY DOES MY MESSAGE APP KEEP CRASHING WHEN TYPING LONG TEXTS. ANSWERS NOW,"@629597 We are here to help. Please DM us, and we will continue from there. https://t.co/GDrqU22YpT",thats happen im losing shit message app crash type long texts answer,help dm continue url
AppleSupport,629598,Update: chatting to Albert from @AppleSupport 😎 #prayforleah,@629598 We're here to help. Please reach out directly to our iTunes team so they can look into this with you: https://t.co/SDIe7UiyJN,update chat albert 😎,help reach itunes team look url
AppleSupport,689905,@AppleSupport you guys are killing me right now!!!!!!!,@689905 We want your experience to be a good one. What's going on?,guy kill,want experience good go
AppleSupport,137526,I’ve been refusing to do this iPhone update bc @115858  has been failing me lately. So my texts make no sense 😂,"@137526 What's happening with your texts? Let us know which iOS version and iPhone you're using, and we'll be happy to troubleshoot together. Send us a DM. We'll continue there. https://t.co/GDrqU22YpT",refuse iphone update bc fail text sense 😂,happen text let know ios version iphone happy troubleshoot send dm continue url
AppleSupport,217095,@AppleSupport hey how do I check what date these purchases were made https://t.co/t7z1iHz4Qe,@217095 We want to help. Send us a DM and we'll help you find the information you are looking for. https://t.co/GDrqU22YpT,check date purchase url,want help send dm help find information look url
AppleSupport,689906,Going to make my 5th trip to @115858 in the past two months 🙃🙂 My phone resets its self TWICE A DAY and they still insist that it is because I have too much storage used. I have 8GB of a 16GB phone used. Try again apple.,"@689906 We'd like to see if we can help with your iPhone. To get started, send us a DM with more information about what's going on, and the iOS version your iPhone is running. We'll meet you there. https://t.co/GDrqU22YpT",go 5th trip past month 🙃 🙂 phone reset self day insist storage gb gb phone try apple,like help iphone start send dm information go ios version iphone run meet url
AppleSupport,187662,@AppleSupport hey do i need to bring the box my macbook came in if i’m bringing it to the apple store to be repaired ?,@187662 You can if you're wanting to transport the MacBook in the box. It's not needed for anything else though: https://t.co/2wLFg768pI,need bring box macbook come bring apple store repair,want transport macbook box need url
AppleSupport,689907,@AppleSupport Turns out we had restrictions on for camera and safari. Sorted!!,@689907 We're so glad that is working again. Have a great day!,turn restriction camera safari sort,glad work great day
AppleSupport,456302,.@AppleSupport again i received these emails today!? https://t.co/2vlqpDKn2F,@456302 We can help. This looks like a phishing attempt. See how to handle and report these here: https://t.co/6Ye6EtSytB,.@applesupport receive email today url,help look phishing attempt handle report url
AppleSupport,370627,@AppleSupport I’d would like to know if you guys put code in for people with “cheap” phones so they have to upgrade?,"@370627 If you'd like to work on this, send us a Direct Message, we'd like to help! https://t.co/GDrqU22YpT",like know guy code people cheap phone upgrade,like work send direct message like help url
AppleSupport,370627,@AppleSupport 3 random reboots in 2 days. Ios 11.0.3 iPhone SE. Are you doing this so the SE users have to upgrade their phones?,@370627 We'd like to know more to assist. DM us using the link below and we'll continue. https://t.co/GDrqU22YpT,random reboot day ios iphone se se user upgrade phone,like know assist dm link continue url
AppleSupport,187662,@AppleSupport okay thank you!,@187662 It's our pleasure. Feel free to reach out if any questions come up.,thank,pleasure feel free reach question come
AppleSupport,246325,Why is my phone a piece of shit and freezing in every app since u done the ios11 update 😡😡😡@115858,@246325 We'd love to help. Let's take a look at this further for you. Reach out to us in DM. https://t.co/GDrqU22YpT,phone piece shit freeze app ios11 update 😡 😡,love help let look reach dm url
AppleSupport,497646,@AppleSupport estou a precisar de uma cabo de carregar bro’s,"@497646 Since our Twitter support is available in English, get help at https://t.co/IBIY3vMgPj or join https://t.co/pvaOFfPbjt",estou uma cabo carregar bro,twitter support available english help url join url
AppleSupport,497647,"@115858 ever since this update my phone freezes non stop on apps specifically @126972 , can’t even watch a video because of it smh",@497647 We're here for you. Send us a DM with your current iOS version and we'll continue there. https://t.co/GDrqU22YpT,update phone freeze non stop app watch video smh,send dm current version continue url
AppleSupport,187661,Since I updated my phone my phones completely fucked up 🙄@AppleSupport @115858,@187661 Please tell us what is happening with your iPhone. We're eager to help.,update phone phone fuck 🙄,tell happen iphone eager help
AppleSupport,589982,@AppleSupport @115858 we gotta get this “I️ “ shit together. No reason it autocorrects to hieroglyphics.,"@589982 You've come to the right place for help with your Apple products, DM us your device and iOS model. We'll go from there. https://t.co/GDrqU22YpT",get i️ shit reason autocorrect hieroglyphic,come right place help apple product dm device model url
AppleSupport,349668,@115858 I️ can’t handle the stupid I️ bug which is making the grammar police think I️ have lost my mind. Can you ship 11.1.1 so I️ can sleep soundly? #I️,@349668 Here’s what you can do to work around the issue until it’s fixed in a future software update: https://t.co/xXaXeeSRt9,i️ handle stupid i️ bug make grammar police think i️ lose mind ship i️ sleep i️,work issue fix future software update url
AppleSupport,216739,My #iphone6 on #ios1103 seems like an #android in a #iphone shell. Battery now drains even on standby! 😱 @AppleSupport,@216739 We can work on this together. DM us and we'll get started. https://t.co/GDrqU22YpT,# iphone6 ios1103 android iphone shell battery drain standby 😱,work dm start url
AppleSupport,509249,@AppleSupport when y’all gone fix this I bug?,@509249 Here’s what you can do to work around the issue until it’s fixed in a future software update: https://t.co/xXaXeeSRt9,go fix bug,work issue fix future software update url
AppleSupport,628553,ok seriously @115858 fix this question mark issue it’s driving me insane k thx love yall😘😘,@628553 Here’s what you can do to work around the issue until it’s fixed in a future software update: https://t.co/xXaXeeSRt9,fix question mark issue drive insane k love 😘,work issue fix future software update url
AppleSupport,629604,@AppleSupport why is popping up every time someone tries to type “I️” https://t.co/E8adWJu0NR,@629604 Here’s what you can do to work around the issue until it’s fixed in a future software update: https://t.co/xXaXeeSRt9,pop time try type i️ url,work issue fix future software update url
AppleSupport,325985,@AppleSupport my Spotify no longer shows up when I’m playing music so I have to go into app to change a song and my photos are no longer in order,"@325985 To better assist, where is Spotify failing to show up? In regard to photos, is this directly in the Photos app? https://t.co/GDrqU22YpT",spotify show play music app change song photo order,well assist spotify fail regard photo photos app url
AppleSupport,325984,I updated my iPhone 7 last night &amp; of course now there’s issues 🙄 where my contacts go @AppleSupport ?,@325984 We can help with your contacts. Do you use iCloud for Contacts or sync them from an email account?,update iphone night amp course issue 🙄 contact,help contact use icloud contact sync email account
AppleSupport,235771,"LMAO @115858 THOUGHT THEY WERE SLICK ADDING AN “I” EMOJI
😂😂😂
MY GUY JUST FIX THE KEYBOARD https://t.co/qRiPw47wxD",@235771 Here’s what you can do to work around the issue until it’s fixed in a future software update: https://t.co/xXaXeeSRt9,lmao think slick add emoji 😂 😂 😂 guy fix keyboard url,work issue fix future software update url
AppleSupport,629603,Fix this I️ I️ I️ I️ I️ I️ I️ I️ I️ I️ I️ I️ I️ I️ I️ I️ I️ I️ I️ I️ I️ I️ I️ I️ I️ I️ I️ I️ I️ I️ I️ I️ I️ I️ I️ I️ I️ I️ I️ @AppleSupport,@629603 Here’s what you can do to work around the issue until it’s fixed in a future software update: https://t.co/xXaXeeSRt9,fix i️ i️ i️ i️ i️ i️ i️ i️ i️ i️ i️ i️ i️ i️ i️ i️ i️ i️ i️ i️ i️ i️ i️ i️ i️ i️ i️ i️ i️ i️ i️ i️ i️ i️ i️ i️ i️ i️ i️,work issue fix future software update url
AppleSupport,629606,YALL ARE ABOUT TO RUN ME A NEW PHONE ALL MY MESSAGES JUST DELETED WTF @115858,"@629606 We know your messages are important. Meet us in DM, tell us which country you're in, and we'll take a look. https://t.co/GDrqU22YpT",yall run new phone messages delete wtf,know message important meet dm tell country look url
AppleSupport,325982,@115858 please fix all ios 11 issues soon.. so many bugs... phew 😔,@325982 Thank you for reaching out. We'd be glad to hear more about what you're experiencing. DM us. https://t.co/GDrqU22YpT,fix ios issue bug phew 😔,thank reach glad hear experience dm url
AppleSupport,325981,@AppleSupport the home screen control panel should CONTROL... not disconnect (for it to re connect 30 seconds later on its own) fix it,@325981 Thanks for reaching out. We're happy to explain. You can learn more here: https://t.co/Ikfbnj28qe,home screen control panel control disconnect connect second fix,thank reach happy explain learn url
AppleSupport,325980,@AppleSupport My iPhone 6s battery drains really fast could you help me?,"@325980 We know how important battery life is. Let's help. In this scenario, check out: https://t.co/bivpdfBNJ6 and keep us posted.",iphone battery drain help,know important battery life let help scenario check url post
AppleSupport,146939,@AppleSupport sent a message,@146939 Got it! Please keep an eye out for our response in DM.,send message,got eye response dm
AppleSupport,325979,@AppleSupport I've rec'd a possible scam email from AppleSupport/iTunes. Where can I forward it to for you to check it out please?,@325979 Thanks for letting us know about this! The following page has the steps to report fake emails: https://t.co/LNMCdqt6fD,rec'd possible scam email applesupport itunes forward check,thank let know following page step report fake email url
AppleSupport,325979,"@AppleSupport Ok many thanks, I've just forwarded the email.",@325979 Awesome. We really appreciate you taking the time out of your day to send that over to us.,thank forward email,awesome appreciate take time day send
AppleSupport,325978,"@AppleSupport 
Howdy. I have 6+ 16gb and latest IOS is 9.8gb’s - too big

Question - is there a secret way to delete ‘health’ and ‘wallet’?","@325978 We’re happy to answer your questions. To clarify, are you wanting to remove the Health and Wallet apps?",howdy gb late ios gb big question secret way delete health wallet,happy answer question clarify want remove health wallet app
AppleSupport,144214,"@115858 @AppleSupport Hell with IOS 11 ! Frustated to the core, WiFi Switches on automatically, its become a head ache. Wasting my data , power and unnecessary disturbance during sleep. Please fix my issue ASAP #iOS11 #frustatedcustomer #hateios11","@144214 Thanks for reaching out to us this evening. We'd be happy to look into what's going on. To start, can you let us know which iOS device and version of iOS 11 you're currently using? Also, can you let us know how you're disabling Wi-Fi?",hell ios frustate core wifi switch head waste data power unnecessary disturbance sleep fix issue ios11 frustatedcustomer hateios11,thank reach evening happy look go start let know ios device version ios let know disable wi fi
AppleSupport,325983,"@AppleSupport brings out a new phone, update my iOS &amp;phone freezes&amp; can’t hear when make call. Well apple going to lose a loyal customer","@325983 Let us know via DM which iPhone you have, then we can work together to resolve this. https://t.co/GDrqU22YpT",bring new phone update ios amp;phone hear apple go lose loyal customer,let know dm iphone work resolve url
AppleSupport,629602,omg @AppleSupport this is what texts look like in messages right now. #ios111 https://t.co/bdn21AOqZu,@629602 Here’s what you can do to work around the issue until it’s fixed in a future software update: https://t.co/xXaXeeSRt9,omg text look message ios111 url,work issue fix future software update url
AppleSupport,490614,@115858 please fix this glitch. It’s quite vexing. I️ I️ I️,@490614 Here’s what you can do to work around the issue until it’s fixed in a future software update: https://t.co/xXaXeeSRt9,fix glitch vexing i️ i️,work issue fix future software update url
AppleSupport,629601,I just looked back in my box to find the lightning to headphone jack adapter and it’s not in the packaging? Literally got this 3 days ago.. @AppleSupport,@629601 We'd like to point you in the right direction. Please send us a DM with the current country you're in. https://t.co/GDrqU22YpT,look box find lightning headphone jack adapter packaging get day,like point right direction send dm current country url
AppleSupport,416560,An unauthorized charge from iTunes! I hate it. @AppleSupport @115858 @118721,@416560 Help is here! We would love to assist you. Get started by reaching out to our iTunes Support team: https://t.co/SDIe7UiyJN,unauthorized charge itunes hate,help love assist start reach itunes support team url
AppleSupport,628552,@115858 pls fix my glitchy phone. Thx,@628552 Issue with your iPhone? We can help. DM us with more details on the issue you're having and we'll see what we can do for you. https://t.co/GDrqU22YpT,fix glitchy phone thx,issue iphone help dm detail issue have url
AppleSupport,325989,@AppleSupport I'm having trouble finding out who to contact! I need to update the description of my podcast. Any advice?,@325989 We want to help get you headed in the right direction. Take a look at this resource: https://t.co/vVJWifoJC0,have trouble find contact need update description podcast advice,want help head right direction look resource url
AppleSupport,325989,"@AppleSupport I've read all of the FAQs, there's nothing in there about how to update a description. Is there a number I can call?",@325989 The email address we provided is their only contact.,read faqs update description number,email address provide contact
AppleSupport,325989,@AppleSupport Can you give me that email address? I don't see it on the FAQ page.,"@325989 Absolutely, you can reach them by email at __email__",email address faq page,reach email email
AppleSupport,325988,Wtf @115858 https://t.co/dZzSZWJF3w,@325988 Does the keyboard appear on every screen? DM us using the link below. We'll work from there. https://t.co/GDrqU22YpT,wtf url,keyboard appear screen dm link work url
AppleSupport,325987,@115858 my 7+ is running fucking awful. Please stop wrecking old phones. At least with loyal customers. Cause this honestly makes me mad,@325987 We can help you get your iPhone working as expected. Can you tell us which iOS version you are currently using please?,+ run awful stop wreck old phone loyal customer cause make mad,help iphone work expect tell ios version
AppleSupport,325987,@AppleSupport I used to poo poo when ppl said you guys slowed phones when new ones came out but my phone behavior last two weeks got me suspicious!!!,"@325987 Since updating iOS, have you also fully updated your apps? If so, please DM us and we can go from there. https://t.co/GDrqU22YpT",poo poo ppl say guy slow phone new one come phone behavior week get suspicious,update update app dm url
AppleSupport,325987,@AppleSupport Ugh. The newest one! I have no fresh updates!,@325987 Let's take a closer look. Let us know the behaviors you're experiencing and we can go from there.,ugh new fresh update,let close look let know behavior experience
AppleSupport,577857,"Well @115858 you just lost a customer. IOS11 is a buggy, garbage excuse for IOS. I’m buying a Note 8.",@577857 Let us know via DM the issues that you're experiencing. We want to help out and get your device running properly again. https://t.co/GDrqU22YpT,lose customer ios11 buggy garbage excuse ios buy note,let know dm issue experience want help device run url
AppleSupport,670389,@AppleSupport is imovies free for macOS?,@670389 Thanks for reaching out to us. We are glad you asked this. iMovie comes with all new Macs and additionally you can go to this page to download it: https://t.co/UeK6wTH3zc,imovie free macos,thank reach glad ask imovie come new macs page download url
AppleSupport,354212,@115858 u keep saying to update my phone. Now my texts are screwed if I use a “-“......and only half a message gets sent. Stupid,@354212 We'd love to help. Does it only send the part of the message before the symbols? DM the answer below. https://t.co/GDrqU22YpT,say update phone text screw use -“ message get send stupid,love help send message symbol dm answer url
AppleSupport,354211,I hate my MacBook Air! It will literally just freeze in the middle of my homework and I forget to save and lose all my work! Why @115858 ???,@354211 Let's look into this together. Can you confirm what macOS you are running?,hate macbook air freeze middle homework forget save lose work,let look confirm macos run
AppleSupport,200281,It’s been 26 minutes for over an hour @115858 fix it https://t.co/sejFbaLMB8,@200281 We're happy to help. We device are you updating? How are you connected to the internet? Let us know to continue.,minute hour fix url,happy help device update connect internet let know continue
AppleSupport,325986,@AppleSupport can you just turn up to Apple Stores to get your broken screen fixed?,"@325986 A Genius Bar appointment would be needed. We’d love to help. To start, please send us a DM. https://t.co/GDrqU22YpT",turn apple stores broken screen fix,genius bar appointment need love help start send dm url
AppleSupport,325985,Weird indeed wouldn’t you say @115858? The 10.0 iOS update bricked my last phone and now with my newer phone the new iOS keeps crashing it https://t.co/8ctJzGXtBa,"@325985 If you're having issues with the iPhone, we're here to help! Let us know what's happening to get started.",weird update bricke phone new phone new ios keep crash url,have issue iphone help let know happen start
AppleSupport,325985,@AppleSupport Yes my photos app and Spotify no longer shows up on my home screen I have to enter my code then get in the app to change the song,@325985 Let's take a closer look. Please DM us the version of iOS 11 you're using and we can go from there. https://t.co/GDrqU22YpT,photo app spotify show home screen enter code app change song,let close look dm version ios url
AppleSupport,628554,"Dear @115858: Can you please fix the A ? bug sooner rather than later?  Signed, A lot of frustrated consumers #applebug",@628554 Here’s what you can do to work around the issue until it’s fixed in a future software update: https://t.co/xXaXeeSRt9,dear fix bug sign lot frustrated consumer applebug,work issue fix future software update url
AppleSupport,143661,Not sure what u have done with the latest update.                              Seriously my iPhone 7 plus is performing like a cheap android phone after the update. @115858 @AppleSupport,@143661 We're happy to help. DM us and tell us what specific issue you're having with your iPhone? https://t.co/GDrqU2kzhr,sure late update iphone perform cheap android phone update,happy help dm tell specific issue have iphone url
AppleSupport,501106,@AppleSupport This worked! Thank you so much!!,@501106 You're very welcome. Enjoy the rest of your day.,work thank,welcome enjoy rest day
AppleSupport,246278,"@AppleSupport Oh, and speaking of Siri. She didn’t understand the simplest German words today.

Not for the first time.",@246278 Thank you for contacting us about Siri. We'd love to help you. Please tell us more about what happened with Siri in a DM. https://t.co/GDrqU22YpT,speak siri understand simple german word today time,thank contact siri love help tell happen siri dm url
AppleSupport,331071,@AppleSupport Whenever I type it freezes and and responds really slow!,@331071 Got it. Thanks for confirming that for us. Do you experience this with every use or specific apps?,type freeze respond slow,got thank confirm experience use specific app
AppleSupport,331071,@AppleSupport why is my iPhone being so slow 😩 the software is up to date!,@331071 The performance of your device is crucial. Let's look into this together. Can you provide us details of what you're experiencing?,iphone slow 😩 software date,performance device crucial let look provide detail experience
AppleSupport,151381,@AppleSupport iOS 11.1.2 (15B202),@151381 Thank you. Have you restarted your iPad since noticing this? Are you running the tests from the iPad itself or from a computer connected to your router and modem? Do you have throttling enabled on your modem? Let us know in DM and we'll dig deeper. https://t.co/GDrqU22YpT,ios,thank restart ipad notice run test ipad computer connect router modem throttle enable modem let know dm dig url
AppleSupport,151381,@AppleSupport .@AppleSupport Good questions!👍My iPad Pro is restarted more than once per day (sometimes all by itself!). Speed tests run on independent computer AND iPad Pro: ALL return 20Mbs⬆️600+Mbs⬇️. No throttling. ISP confirms same result &amp; no throttling. ISP tech was here this AM.😕,@151381 Got it! Please DM us and we can continue from there. Speak with you soon. https://t.co/GDrqU22YpT,.@applesupport good questions! ipad pro restart day speed test run independent computer ipad pro return 20mbs ⬆ ️. throttling isp confirm result amp throttling isp tech,got dm continue speak url
AppleSupport,151381,".@AppleSupport Why are uploads to iCloud Drive, Google Drive, etc., from my iPad Pro running at 1.1Mbs with iOS 11?! That’s ONE POINT ONE! My ISP’s tests, and my own tests, show we’re otherwise getting the full 20Mbs upload speed we pay for. This was never an issue with iOS 10.",@151381 We want to help. Which version of iOS 11 is your device currently running?,upload icloud drive google drive ipad pro run point isp test test get 20mbs upload speed pay issue ios,want help version ios device run
AppleSupport,331072,@AppleSupport I have bought an iPhone 7 exactly a month ago and my usage is not much as compared to my friends iPhone still I face a lot of problems 1. Battery drains 2. Mobile heating 3. Hangs while using basic app 4. Charge doesnot works sometimes,@331072 Let's look into this together. Could you tell us the exact iOS version your iPhone is running? You can find this by going to Settings &gt; General &gt; About,buy iphone month usage compare friend iphone face lot problem battery drain mobile heating hang basic app charge doesnot work,let look tell exact ios version iphone run find go setting gt general gt
AppleSupport,588129,Not sure when I became one of these people but errrr...............I’m sorry 😐 #snookerplayerproblems #travelissues @115858 #waferthin https://t.co/hEtwWOMWT2,@588129 Let's see what options we have for your cable. DM us the country you're located in and we'll get started. https://t.co/GDrqU22YpT,sure people errrr i’m sorry 😐 snookerplayerproblem travelissue waferthin url,let option cable dm country locate start url
AppleSupport,331073,@115858 @AppleSupport Can you tell me why I'm getting emails from you saying I've just purchased #Netflix I can assure I have not made this purchase! 😡😠 https://t.co/DGLJ7BSqyp,@331073 Thanks for bringing his you our attention. We’d like to look at this further in a DM. Can you confirm who the sender is using this article in a DM? https://t.co/LNMCdqt6fD https://t.co/GDrqU22YpT,tell get email say purchase netflix assure purchase 😡 url,thank bring attention like look dm confirm sender article dm url url
AppleSupport,331074,Somebody hacked my Apple account and @115858 ain’t doing nothing to fix it.,@331074 We'd like to help. Let's take this to DM and we'll explore ways to provide you assistance. https://t.co/GDrqU22YpT,hack apple account ai fix,like help let dm explore way provide assistance url
AppleSupport,331075,"@AppleSupport Iphone 6, ios 11.1.2; problem is very annoying, keyboard is also problematic, vry slow",@331075 Let's move over to a DM where we can take a closer look. https://t.co/GDrqU22YpT,iphone problem annoying keyboard problematic vry slow,let dm close look url
AppleSupport,579330,@AppleSupport why is Bluetooth turned on every time I charge my phone?,@579330 Thanks for reaching out to us! Let's take a closer look at your Bluetooth together in DM. https://t.co/GDrqU22YpT,bluetooth turn time charge phone,thank reach let close look bluetooth dm url
AppleSupport,331075,@AppleSupport hi! What’s the problem with ur ios? Home button and touch screen is not as fluid as before? Help please tnx,@331075 Hey there. We'd like to look into this with you. Let us know which device you're using and the version of iOS installed to get started.,problem ur io home button touch screen fluid help tnx,like look let know device version ios instal start
AppleSupport,331076,"@AppleSupport There is a delayed touch response switching between apps and iPhone screens, and typing using the keyboard and also voice recognition. Also I have apps freeze now, and they didn’t used to before I upgraded.",@331076 We'd be happy to look into this with you further. DM us using the link below and we'll go from there. https://t.co/GDrqU22YpT,delayed touch response switch app iphone screen type keyboard voice recognition app freeze upgrade,happy look dm link url
AppleSupport,331076,"@AppleSupport I have 11.1.2 , and I have the iPhone 7+",@331076 Got it. You mentioned your phone being laggy. Please tell us more about what you're experiencing while using your phone. Does this happen while using certain apps?,iphone,get mention phone laggy tell experience phone happen certain app
AppleSupport,370211,@AppleSupport it's my 2nd IPhone 8plus in two weeks and still have the same issue - it freezes until baterry dies - HELP!! @115858,@370211 We'd be happy to look into this with you. Please join us in DM to get started. https://t.co/GDrqU22YpT,2nd iphone week issue freeze baterry dy help,happy look join dm start url
AppleSupport,666619,"@AppleSupport Fix the goddamn battery issues with iOS 11 holy shit. I easily got 8-9 hours on iOS 10 but on iOS 11 I can barely get 4 hours with the same usage, same settings, etc. Worst update yet.",@666619 We’re here to help. Let’s team up in DM and we’ll do our best to assist you. https://t.co/GDrqU22YpT,fix goddamn battery issue holy shit get hour hour usage setting bad update,help let team dm good assist url
AppleSupport,123696,"@AppleSupport why does the podcast app freeze up and not work, constantly?",@123696 Thanks for reaching out. DM which iPhone and specific iOS version you are using to get started. https://t.co/GDrqU22YpT,podcast app freeze work,thank reach dm iphone specific version start url
AppleSupport,361077,I've never been so upset with my Iphone ever.. like wtf is this glitching and freezing shit @115858 ???,"@361077 Have you had a chance to update to our latest version--11.1? We've received your DM, and will continue there. https://t.co/GDrqU22YpT",upset iphone wtf glitche freeze,chance update late version--11.1 receive dm continue url
AppleSupport,501098,"iPHONE X USERS: 

Anyone having issues with airdrop? I can’t get mine to work at all. 
#iPhoneX @115858 @AppleSupport","@501098 We can help! What happens when you try to use AirDrop? Also, which version of iOS are you on? https://t.co/GDrqU22YpT",iphone x user have issue airdrop work,help happen try use airdrop version url
AppleSupport,354432,@115858 tired of my WiFi dropping. There is a serious BUG with the newer iPhones (7 and up) !! My iPhone 6 can’t be near a 7/8 or ill drop!!,@354432 How many devices are connecting to your Wi-Fi network at a time? Does this issue happen when only a few iPhones are connected?,tired wifi dropping bug new iphone iphone ill drop,device connect wi fi network time issue happen iphone connect
AppleSupport,123697,@AppleSupport please check your DMs,@123697 We've received your DM and will reply to you there shortly. https://t.co/GDrqU22YpT,check dm,receive dm reply url
AppleSupport,331067,"@115858 Why does my 7P start blacking out and Siri doesn’t understand anything anymore, now that the 8 has been released? Do you hate me?",@331067 We'd like to work with you. Let's take a look at this together in DM. https://t.co/GDrqU22YpT,7p start black siri understand release hate,like work let look dm url
AppleSupport,497975,Aye @AppleSupport I️ did your little work around and look. https://t.co/LNxYaOzTWe,"@497975 Great job! If you ever need any help, please let us know. Have a great day!",aye i️ little work look url,great job need help let know great day
AppleSupport,575006,This new @115858 update is killing my battery. How do I reverse it? Or do I just have to buy a Samsung?,@575006 We don't like to hear your battery is having trouble. Let's chat over in Direct Message and look into this. https://t.co/GDrqU22YpT,new update kill battery reverse buy samsung,like hear battery have trouble let chat direct message look url
AppleSupport,331081,"@AppleSupport i have no pending updates, and the drain occurs no matter what i do. my phone could just be sitting there.",@331081 Thank you.  Please send us a DM and let's continue looking into this together. https://t.co/GDrqU22YpT,pending update drain occur phone sit,thank send dm let continue look url
AppleSupport,127013,@AppleSupport Also my @331070 Bolt not working w the X so makes it harder to locate my files to transfer to PC to upload from there,"@127013 If you do need help with uploading videos using iMovie, we recommend reaching out to our experts here: https://t.co/IBIY3vMgPj
Just select Apps &amp; Software.",bolt work x make hard locate file transfer pc upload,need help upload video imovie recommend reach expert url select apps amp software
AppleSupport,127013,@AppleSupport It says video failed to upload. I’m uploading directly from imovie to YT ios 11 latest version 1080p video. Has happened with others too. Also my 1080 60fps vids never uploaded in 60fps from old phone (6s plus),@127013 Let's take a look. Is it a project video you created in iMovie? Have you been able to upload other videos succuesfully in the past?,say video fail upload upload imovie yt late version video happen 60fps vid upload 60fps old phone 6s,let look project video create imovie able upload video past
AppleSupport,127013,"When my video won’t upload from my #iPhoneX 🤦🏻‍♀️ New @77282 🎬 today, uploaded from computer! 💋 @126972 @322876 @115858 @AppleSupport @77283 https://t.co/WcOzwGzJID",@127013 We're here to help. Can you tell us what happens when you try to upload your video? Any errors or specific behavior?,video upload iphonex 🏻‍ ♀ new today upload computer 💋 url,help tell happen try upload video error specific behavior
AppleSupport,331071,@AppleSupport Its responding really slow when I type,@331071 What steps have you tried so far to resolve this?,respond slow type,step try resolve
AppleSupport,331071,@AppleSupport Mostly messages,"@331071 Got it. Since you're experiencing this issue with the Messages app, does it happen with iMessage, SMS or both?",message,got experience issue messages app happen imessage sms
AppleSupport,501099,@115858 I am pretty sick of having to charge my phone sometimes three times  a day since the IOS 11 update. When will this be fixed?????,@501099 We'd be happy to help. Check out these steps to see if they help: https://t.co/bivpdfBNJ6,sick have charge phone time day ios update fix,happy help check step help url
AppleSupport,565226,"Had my iPhone plugged in overnight and somehow, it drained the charge when it should be gaining it... @AppleSupport",@565226 Always glad to help. Where is the iPhone plugged in for charging?  Is this a wall outlet or computer USB port?,iphone plug drain charge gain,glad help iphone plug charge wall outlet computer usb port
AppleSupport,813988,@AppleSupport I Lost My Contacts.......Again....For The Third Time!! Why Do Numbers Constantly Disappear Contacts??!!,"@813988 Let's make sure we can keep you connected with your iPhone and find out what's happening with those phone numbers. So we can get started, could you let us know more about what you're seeing in DM? https://t.co/GDrqU22YpT",lose contact time number disappear contact,let sure connect iphone find happen phone number start let know see dm url
AppleSupport,813989,@115858 @AppleSupport y’all are blowing me! I’m never trying to type I.T I just want to type it.,"@813989 Thank you for reaching out to us. Let’s work together to find the best course of action for this issue. To start, what device model and software version are you using?",blow try type i.t want type,thank reach let work find good course action issue start device model software version
AppleSupport,813991,"@AppleSupport Hi, Do I have to set my face ID on my iphone X ? Is it necessary? And how can I stop the warning message about setting it cause it’s showing every few minutes!!",@813991 Thanks for reaching out about the Face ID on your new iPhone X. We'll be happy to help out. You don't need to use this technology and can use a passcode instead. Is this pop-up you're seeing after completely setting up your iPhone X and during normal use?,set face id iphone x necessary stop warning message set cause show minute,thank reach face id new iphone x. happy help need use technology use passcode pop see set iphone x normal use
AppleSupport,331076,"Ever since I updated my iPhone 7+ , my phone is so laggy and my touch screen trips out on me .@AppleSupport please fix my iPhone and get your bugs situated in the updates!!! I didn’t pay $800 for a piece of shit.",@331076 We want to help. Please tell us which version of iOS you have installed on your iPhone. You can view this in Settings &gt; General &gt; About.,update iphone phone laggy touch screen trip fix iphone bug situate update pay piece shit,want help tell version ios instal iphone view settings gt general gt
AppleSupport,123697,hi @AppleSupport - there’s a bug with my iPhone 7 Plus! SOS - send help. 🆘📱🤕,@123697 We're here for you. Tell us what's happening with your iPhone 7 Plus.,bug iphone plus sos send help 🆘 📱 🤕,tell happen iphone plus
AppleSupport,370212,"Hey @AppleSupport! GPS isn’t working on iOS 11.0.3 iPhone 8. Goes in &amp; out when I’m driving using Waze, Google maps, or Apple Maps. Help!",@370212 We're here to help! Send us a DM with the country that you are located in to continue. https://t.co/GDrqU22YpT,! gps work ios iphone go amp drive waze google map apple maps help,help send dm country locate continue url
AppleSupport,331077,"Hi @AppleSupport, please open up iPhone #NFC to support FIDO #U2F #2FA...cc @67 @331078",@331077 Apple certainly welcomes your suggestions. Here’s a great link to submit feedback about this: https://t.co/eTPVYVFyd8,open iphone support fido u2f cc,apple welcome suggestion great link submit feedback url
AppleSupport,579331,@AppleSupport It worked! Thanks!,"@579331 We're glad that worked for you! If you have any other questions or concerns, don't hesitate to let us know.",work thank,glad work question concern hesitate let know
AppleSupport,579331,@AppleSupport I’ve been trying to install the iOS 11.0.3 but keep getting an error message. I have a 6S,@579331 Thanks for reaching out. Try these steps and let us know if you're still unable to update: https://t.co/Ui1yTnOCUz,try install ios get error message 6s,thank reach try step let know unable update url
AppleSupport,579332,Ever since I updated my phone to iOS11 my battery has been a piece of shit @115858 I’m looking at you 👀,"@579332 Hi! Check out these great tips on maintaining battery health, and DM us if you have any questions: https://t.co/bivpdfBNJ6 https://t.co/GDrqU22YpT",update phone ios11 battery piece shit look 👀,hi check great tip maintain battery health dm question url url
AppleSupport,370221,@applesupport how can i fix this problem ? please reply https://t.co/XLYlobPI2m,"@370221 Let's team up on this. DM us the iOS version your iPhone is running, and we'll meet you there. https://t.co/GDrqU22YpT",fix problem reply url,let team dm ios version iphone run meet url
AppleSupport,457798,@AppleSupport my notes on my phone are gone and it’s bc of ios 11? help pls,@457798 We’d be glad to help look for those. Can you confirm if the notes were saved in iCloud? https://t.co/8dVOArReao,note phone go bc ios help,glad help look confirm note save icloud url
AppleSupport,331081,@AppleSupport 11.1.2 the most up to date one,"@331081 Got it, thanks!  Do you have any pending app updates to install?  Do you notice the drain occurs more while using certain apps or programs over others?",date,get thank pending app update install notice drain occur certain app program
AppleSupport,579333,"Accidentally hit the upgrade button on the new iPhone OS, not only is it weird but my phone already crashed once since, thanks @115858!",@579333 That’s not the experience we want you to have. Let us know exactly how the iPhone crashed in DM so we can better assist. https://t.co/GDrqU22YpT,hit upgrade button new iphone os weird phone crash thank,experience want let know iphone crash dm assist url
AppleSupport,579335,@579336 @115858 i’ve bought 2 iphones within the past couple months and they both have  issues and glitch way more than any android i’ve ever had,@579335 Thanks for letting us know. That’s not the experience we want you to have. Please let us know more via DM. https://t.co/GDrqU22YpT,buy iphone past couple month issue glitch android,thank let know experience want let know dm url
AppleSupport,370218,@AppleSupport So how should this process work? Yesterday I spent some 3 minutes in the gym between workouts trying to make this work. Any help?,@370218 We can definitely look into this with you. Send us a DM and we'll go from there. https://t.co/GDrqU22YpT,process work yesterday spend minute gym workout try work help,look send dm url
AppleSupport,331088,@AppleSupport It won’t allow me to restart or shut down the computer because safari won’t quit. And I.T is only safari,"@331088 Thanks for trying that. Next, search Spotlight (command + space bar) for Activity Monitor &gt; In the CPU tab search for Safari and select it. Click the button with the X on the top left &gt; select Force Quit. Should you continue to experience this send us a DM. https://t.co/GDrqU2kzhr",allow restart shut computer safari quit i.t safari,thank try search spotlight command space bar activity monitor gt cpu tab search safari select click button x left gt select force quit continue experience send dm url
AppleSupport,331088,@AppleSupport Already tried those...nothing worked,@331088 Do you receive any error message when you force quit or does it allow you to select the app successfully and then click the button to do so?,try work,receive error message force quit allow select app click button
AppleSupport,331088,@AppleSupport why won’t my safari quit on my MacBook 😡😡 I can’t update it because safari won’t quit,@331088 We're here to help. We recommend the following steps: https://t.co/qyCtTUs7VU,safari quit macbook 😡 😡 update safari quit,help recommend following step url
AppleSupport,331089,@AppleSupport I have and I know that @135616 uses most of My battery but it used to last 8+ hours of active on screen GPS time for work. Now I close it after every like 10-20 min trip so Maybe 2-3 hrs of onscreen time a day now and it’s just dropping super fast.,"@331089 Thank you for taking a look at that. Please send us a DM, so we can look into this more closely with you. https://t.co/GDrqU22YpT",know use battery hour active screen gps time work close min trip hrs onscreen time day drop,thank take look send dm look url
AppleSupport,331089,My @115858 #iPhone 6S+ battery life is failing more and more by the day. I’m only an hour into work having used my GPS for about 15 minutes and my battery is already at 62% from full. I haven’t even finished paying off this phone from @115725 That @213709 phone is looking nice 👌,@331089 Your battery life is important to us. Let's look into this together. Can you provide us which iOS version is on your device? This can be located in Settings &gt; General &gt; About &gt; Version.,iphone battery life fail day hour work have gps minute battery % finish pay phone phone look nice,battery life important let look provide ios version device locate settings gt general gt gt version
AppleSupport,331090,"@AppleSupport FB, Snapchat, and my phone keep freezing. Very frustrating. I have the newest update. 11.1.2 iPhone 6s",@331090 Thanks for those details. Have all these apps been updated via the App Store? When did you first encounter these issues with the apps crashing?,fb snapchat phone freeze frustrating new update iphone,thank detail app update app store encounter issue app crash
AppleSupport,331090,@AppleSupport Everything is updated. I always update my apps. Once I did update before this last one. So week ago?,@331090 Got it. Let's take a closer look at this in DM. Let us know which version of iOS you were running before you installed this latest update. https://t.co/GDrqU22YpT,update update app update week,got let close look dm let know version ios run instal late update url
AppleSupport,331088,"@AppleSupport No error message, it allows me to click the button and then just doesn’t quit the application","@331088 When force quit fails, let's try to restart without re-opening apps. This can help to disable  the app from opening: https://t.co/yWi34yixdD

If it continues, are you having any issues quiting other apps?",error message allow click button quit application,force quit fail let try restart - opening app help disable app opening url continue have issue quit app
AppleSupport,370217,Why does it keep saying this every time I want to log in. I already tried resetting the security questions and this happens @AppleSupport https://t.co/a6ewxDxhUZ,@370217 The security of your account is important to us. Contact our Account Security team via: https://t.co/UJm15vmMM2,say time want log try reset security question happen url,security account important contact account security team url
AppleSupport,370216,@AppleSupport I’ve been having so many problems with my iPhone 7 after iOS 11 it’s the worst please help me!,@370216 We'd like to look into this with you. Please DM us your exact iOS version and we'll go from there. https://t.co/GDrqU22YpT,have problem iphone bad help,like look dm exact version url
AppleSupport,370215,Confirmed @AppleSupport https://t.co/ptLds8Aq0g,@370215 We'd like to look into this. Send us a DM to continue. https://t.co/GDrqU22YpT,confirm url,like look send dm continue url
AppleSupport,331079,@115858 @AppleSupport 4) @AppleSupport so “expedited” means “twice as slow to fix the mistake @115858 made”....,@331079 We can assist you. Please DM us via the following link the case number from your interaction with our phone support advisor. We can help you further from there. https://t.co/GDrqU22YpT,expedite mean slow fix mistake,assist dm following link case number interaction phone support advisor help url
AppleSupport,331080,@AppleSupport I️ got it figured out thanks for your help,"@331080 Any time! By the way, we see that when you used ""I"", your iPhone autocorrected to the special characters. We released an update recently to address that issue; 11.1.1. If you haven't updated, we'd recommend backing up and doing so to fix that. https://t.co/80YRnjVguS",i️ get figure thank help,time way iphone autocorrecte special character release update address issue update recommend backing fix url
AppleSupport,331080,so my phone wont stay charged.. thanks @115858 i know this is not a way to get me to purchase the next best thing,@331080 You're in the right spot. Join us in DM and we'll take a closer look together: https://t.co/GDrqU22YpT,phone stay charge thank know way purchase good thing,right spot join dm close look url
AppleSupport,314355,"@AppleSupport Hi, why i cant install update for my apple watch.? Thanks https://t.co/k5NTrj38RA",@314355 Hi there. We'd be happy to look into this with you. Which iOS are you running on your iPhone?,install update apple watch thank url,happy look ios run iphone
AppleSupport,331081,URGENT: @115858 can y’all please fix this update that just drained my phone from 100% to 84% in 30 minutes??????? i haven’t even touched my phone since i took it off the charger🙄,@331081 We're happy to assist. Which iOS 11 version are you currently running? Go to Settings &gt; General &gt; About for the version.,urgent fix update drain phone % % minute touch phone take charger 🙄,happy assist version run settings gt general gt version
AppleSupport,331082,"Dear @AppleSupport,
Your new updates continuously cause my phone to freeze up. I know you’re doing this to push everyone to buy the iPhone 8 &amp; X. I already ordered mine so can you leave me out of this mess until I have to chance go get my new phone pls. Tnx.",@331082 We want to help with your iPhone's performance. It sounds like you're experiencing some unresponsiveness. Could you please DM us details on what apps are in use when you experience this? We'll look further into this with you there. https://t.co/GDrqU22YpT,dear new update cause phone freeze know push buy iphone amp x. order leave mess chance new phone pls tnx,want help iphone performance sound experience unresponsiveness dm detail app use experience look url
AppleSupport,331083,@AppleSupport iPhone 6s to Sony MDR-ZX770BN Headphones for example.,"@331083 So we can dig into this in more details, let's connect over in Direct Message. Walk us through the steps you take to try and connect the two so we know what you're seeing. https://t.co/GDrqU22YpT",iphone sony mdr zx770bn headphones example,dig detail let connect direct message walk step try connect know see url
AppleSupport,331083,@AppleSupport Yes. It’s running 11.1.2,"@331083 To troubleshoot, we'll need to have one of the devices you were having trouble connecting to available. Let us know what kind of device that is and we'll go from there.",run,troubleshoot need device have trouble connect available let know kind device
AppleSupport,331083,"@AppleSupport Pretty much all devices. Speakers, headphones, car. My iPad or iPhone won’t pick up the Bluetooth.","@331083 So just to clarify, both your iPad and iPhone are not detecting that Bluetooth connections are available with multiple other devices?",device speaker headphone car ipad iphone pick bluetooth,clarify ipad iphone detect bluetooth connection available multiple device
AppleSupport,331083,@AppleSupport Hi Apple. Why is your Bluetooth connection so terrible?,@331083 We'd like to look into the issues you're having with Bluetooth on your devices. Which devices are you using this with? What exactly are you seeing happen with that connection?,hi apple bluetooth connection terrible,like look issue have bluetooth device device see happen connection
AppleSupport,331084,@AppleSupport This is all after I finished paying off my phone two months ago- have been paying it for 2 years. Now I’ve paid it off and it stops working?,@331084  Did all of this start immediately after the last update? Which version of iOS are you using? You can check that in Settings &gt; General &gt; About. Let us know in DM to continue. https://t.co/GDrqU22YpT,finish pay phone month pay year pay stop work,start update version check settings gt general gt let know dm continue url
AppleSupport,331084,@AppleSupport Why do things on my phone just stop working? cellular &amp; volume? iPhone 6 in perfect condition but funny its after the update 😒,@331084 We want your iPhone to be ready to work when you are. Could you let us know some more details on what you're seeing with these issues after the update?,thing phone stop work cellular amp volume iphone perfect condition funny update 😒,want iphone ready work let know detail see issue update
AppleSupport,757914,@AppleSupport what about fixing your keyboard in iOS 11... is soooo slow! Terrible UX !!!,@757914 We'd like to help. Which iOS version is your device running?,fix keyboard ios soooo slow terrible ux,like help ios version device run
AppleSupport,331085,"Contemplating some #Airpods, but concerned about the fit. The old wired Apple Earbuds just fall out of my ears, and Airpods don’t seem to come with any silicon covers to adjust fit. #Bluetooth #Apple @115858",@331085 When purchased directly from an Apple Retail Store or online you get a 14-day return policy. We'd suggest you try them out and see if they work better for you than the normal earpods. If you have more questions reach out to our sales team: https://t.co/8yjRd1Xo0i,contemplate airpods concerned fit old wire apple earbuds fall ear airpods come silicon cover adjust fit bluetooth apple,purchase apple retail store day return policy suggest try work normal earpod question reach sale team url
AppleSupport,331086,Thanks @115858. New iOS update makes my phone 50% SLOWER.,"@331086 We know how important the performance of your iPhone is. Please send us a DM telling us which iPhone you have, and when you first noticed the change in performance. Also, let us know of any troubleshooting steps you've already worked through. https://t.co/GDrqU22YpT",thank new ios update make phone % slower,know important performance iphone send dm tell iphone notice change performance let know troubleshooting step work url
AppleSupport,331087,@AppleSupport My friend lost her phone. Can we find it somehow even if it's offline? We activated find iPhone already. Can you otherwise find the phone? Thanks für your quick response,"@331087 Thanks for contacting us. So we can help your friend with her lost iPhone, please have her contact us directly either here via Twitter, or by reaching out to our support team following this link: https://t.co/IBIY3vMgPj",friend lose phone find offline activate find iphone find phone thank für quick response,thank contact help friend lose iphone contact twitter reach support team follow link url
AppleSupport,370214,@115858 @115948 just done a phone update and it’s deleted all my playlists and downloaded songs ffs 😡😡😡,@370214 Thanks for reaching out! We're here to help. Is iCloud Music Library turned on in Settings &gt; Music?,phone update delete playlist download song ffs 😡 😡 😡,thank reach help icloud music library turn settings gt music
AppleSupport,370213,"@AppleSupport I love this feature.  Problem, cannot launch Audible app when driving using siri in the car unless I say I'm not driving.",@370213 Check out this article on how to customize the Do Not Disturb while driving feature: https://t.co/BdISLrN866,love feature problem launch audible app drive siri car drive,check article customize disturb drive feature url
AppleSupport,331090,What’s going on with the apple updates? My phone keep closing apps. #mad #Apple @115858,@331090 We'd love to help out!  Which apps are you experiencing this issue with?  Are they all updated?  Which iOS version is on your iPhone?,go apple update phone closing app mad # apple,love help app experience issue update version iphone
AppleSupport,123698,@AppleSupport after updating to iOS 11.0.3 my home screen turns black when on a call. What’s the fix? Cust care not helping.,@123698 We're here for you. Let's take a closer look at this issue together in DM. https://t.co/GDrqU22YpT,update ios home screen turn black fix cust care help,let close look issue dm url
AppleSupport,314355,@AppleSupport Done now. Thanks,"@314355 You're welcome. It's been a pleasure to work with you. Reach out if you need us again, take care.",thank,welcome pleasure work reach need care
AppleSupport,331058,"So, my @115858 Mac just updated to High Sierra OS and it's glitchy as fuck - these people want us to trust them with self-driving cars? Nope, I'll drive my own damn self.",@331058 We'd be happy to help. Send us a DM with a few details and we can start there. https://t.co/GDrqU22YpT,mac update high sierra os glitchy fuck people want trust self drive car drive damn self,happy help send dm detail start url
AppleSupport,443581,11.0.3 de Dokunmatik bazen algılamıyor @AppleSupport touch screen problem 6s.,@443581 We offer support via Twitter in English. Contact us for help in your preferred language here: https://t.co/IBIY3vMgPj,dokunmatik bazen algılamıyor touch screen problem 6s,offer support twitter english contact help preferred language url
AppleSupport,574974,"Dear @116333,please try for a week to make all your calls with AirPods and ios11. The amount of times they are not connecting... 😤",@574974 We'd love to look into this further. Send us a DM with the iPhone model you're using and we'll go from there. https://t.co/GDrqU22YpT,dear try week call airpods ios11 time connect,love look send dm iphone model url
AppleSupport,671655,@AppleSupport Dose this mean jailbreck,"@671655 Can you please elaborate more on your question so that we can better support you? For example, can you tell us what you mean by jailbreak? Is your phone broken? If so, can you please tell us what is not working for you?",dose mean jailbreck,elaborate question support example tell mean jailbreak phone break tell work
AppleSupport,669674,me guess me gonna have to talk like this until @115858 gets their fucking shit together !!!,@669674 Here’s what you can do to work around the issue until it’s fixed in a future software update: https://t.co/xXaXeeSRt9,guess go talk get fucking shit,work issue fix future software update url
AppleSupport,671655,@AppleSupport I have iPhone x witch is not working,@671655 What kind of issues are you having with the iPhone X? We'd love to help.,iphone witch work,kind issue have iphone x love help
AppleSupport,123705,"@AppleSupport my iphone 6s is rendered two 2 hours. Drained battery, killed all non used apps and still two hours. #newiosblows",@123705 Let's look into what's happening together. Send us a DM telling us the country you're located in to begin. https://t.co/GDrqU22YpT,iphone 6s render hour drain battery kill non app hour # newiosblow,let look happen send dm tell country locate begin url
AppleSupport,579322,@579186 @AppleSupport Yeah the alarm alerts have gone totally bonkers on my phone too.,@579322 Let's get to the bottom of this. Which version of iOS are you on? You can find that in Settings &gt; General &gt; About. Reply in DM. https://t.co/GDrqU22YpT,alarm alert go bonker phone,let version find settings gt general gt reply dm url
AppleSupport,123704,"Dear @AppleSupport I have an iPhone 7 &amp; iTunes, both genuine. So why do I always get this message when I sync? Hope you can help. Thanks. https://t.co/QgJ14liJDw","@123704 We're happy to help out with your sync issues. To get started, let us know which version of Windows and iTunes you have installed.",dear iphone amp itunes genuine message sync hope help thank url,happy help sync issue start let know version windows itunes instal
AppleSupport,354458,Just realised that the links from social media take infinitely long to load after upgrading my iPad OS to 11. @AppleSupport,@354458 We want to check this out. Send us a DM and we will go from there. https://t.co/GDrqU22YpT,realise link social medium load upgrade ipad os,want check send dm url
AppleSupport,123703,@AppleSupport @TwitterSupport I thought the issue with icons not displaying correctly was a bug fix for watchOS 4.1? #AppleWatch https://t.co/r8h9zMExx7,"@123703 We'd be happy to look into this display issue with you. To start, can you tell us which Apple Watch you're using?",think issue icon display bug fix watchos applewatch url,happy look display issue start tell apple watch
AppleSupport,574982,@AppleSupport Fix the call issue! Every time I call someone they can’t hear me! I know it’s ios 11 because my iPhone SE and iPhone 8 have the same issue!,@574982 We'd like to help! Please check out https://t.co/rDJwu6CX24 for troubleshooting steps. Still having an issue? DM us. https://t.co/GDrqU22YpT,fix issue time hear know iphone se iphone issue,like help check url troubleshooting step have issue dm url
AppleSupport,579328,@AppleSupport iPhone 6 is getting  hang again and again after installation  of ios 11.0.2 pls help,@579328 Let's look into that. Send us a DM and we'll go from there. https://t.co/GDrqU22YpT,iphone get hang installation ios help,let look send dm url
AppleSupport,579329,@AppleSupport so my imessage is not activating my phone number after I updated my phone? I have a US phone number but am in the UK right now,@579329 We'd be happy to assist.  Please reach out to us via DM and we'll get started. https://t.co/GDrqU22YpT,imessage activate phone number update phone phone number uk,happy assist reach dm start url
AppleSupport,501105,fix these question marks @115858,@501105 We'd love to help! Check out this article for a workaround for this issue: https://t.co/xXaXeeSRt9,fix question mark,love help check article workaround issue url
AppleSupport,501103,@501104 Same here. And now I don’t have internet connection unless connected to WiFi @AppleSupport thanks a lot. #thisupdatesucks,@501103 That’s not what we’d like to hear. Let’s make sure to check all the steps on this page: https://t.co/5KootZbxj1,internet connection connect wifi thank lot # thisupdatesuck,like hear let sure check step page url
AppleSupport,123704,"@AppleSupport Thanks for getting back to me. I have Windows 10 &amp; the latest version of iTunes, which updated this morning just before I did the sync.",@123704 Thanks for letting us know. Check out this article for troubleshooting: https://t.co/czNgyf4Rgl DM us if the issue persists. https://t.co/GDrqU22YpT,thank get windows amp late version itunes update morning sync,thank let know check article troubleshooting url dm issue persist url
AppleSupport,812343,"Seriously??!!!
@AppleSupport @115858 
1+2+3= 24 https://t.co/RihYrUprft",@812343 We'd love to assist you with this. Please let us know which iOS version is installed in a DM. https://t.co/GDrqU22YpT,url,love assist let know ios version instal dm url
AppleSupport,713698,"@AppleSupport I have MacBook Air, 10.12.6 and iPhone 5, apple ID __email__. IMessage and iCal no?t synching. Can't fine out what I'm missing. Suggestions",@713698 We are always happy to help out. Let's start with the calendar issue. Which iOS version is installed on the iPhone? When did you first notice they weren't syncing? Has a restart been tried? DM us your answers: https://t.co/GDrqU22YpT,macbook air 10.12.6 iphone apple id email imessage ical no?t synching fine miss suggestion,happy help let start calendar issue version instal iphone notice sync restart try dm answer url
AppleSupport,354437,@AppleSupport Hey @AppleSupport the touch bar is not working in google chrome watching TV! Is it normal to have so many bugs with this https://t.co/yq6P4dWskq,"@354437 Thanks for reaching out, we'd be happy to look into this. To start what software version are you using on your MacBook?",touch bar work google chrome watch tv normal bug url,thank reach happy look start software version macbook
AppleSupport,821076,@AppleSupport Looking for some help. Upgraded phone and now cannot turn Bluetooth on/off. Therefore can’t pair watch/upgrade watch. Watch is now rendered useless.,@821076 Thanks for reaching out.  We know how important it is for Bluetooth to work as expected and we'll do everything we can to assist.  Are you trying to turn Bluetooth on and off from Settings or within Control Center?  Let us know in DM. https://t.co/GDrqU22YpT,look help upgrade phone turn bluetooth pair watch upgrade watch watch render useless,thank reach know important bluetooth work expect assist try turn bluetooth settings control center let know dm url
AppleSupport,501108,"@AppleSupport Had macbook pro from new 1 1/2 years old.  Keyboard and mouse completely unresponsive after sleep. My work computer, so pissed",@501108 Thanks for reaching out. We're here to help. DM us so we can look into this further with you. https://t.co/GDrqU22YpT,macbook pro new year old keyboard mouse unresponsive sleep work computer piss,thank reach help dm look url
AppleSupport,501107,Why didn’t my phone update for #DaylightSavingsTime ?This whole time I thought I was up at 530 but it was really 430. @115858,@501107 We're here to help. DM us which iOS version you're on. https://t.co/GDrqU22YpT,phone update daylightsavingstime time think,help dm ios version url
AppleSupport,501106,Why does this happen now?? How do I️ delete it?? Anyone?! @AppleSupport https://t.co/anlOntI0Ix,@501106 We've got you covered. Try all steps here: https://t.co/xXaXeeSRt9 DM us the iOS version if this article does not help. https://t.co/GDrqU22YpT,happen i️ delete url,get cover try step url dm ios version article help url
AppleSupport,821077,I have to go through all voicemails now?  @115858 I never listened to robocalls or those that somehow went to VM but no call log!? #11.1.1 👎,"@821077 We want you to be able to access your Voicemail in a way that's simple and convenient. Send us a message in DM, and to be sure we're on the same page, let us know if by log, you mean the voicemail transcription, or your call history. https://t.co/GDrqU22YpT",voicemail listen robocall go vm log 👎,want able access voicemail way simple convenient send message dm sure page let know log mean voicemail transcription history url
AppleSupport,520236,@AppleSupport I NEED HELP MY PHONE KEEPS FREEZING AND RANDOMLY RESTARTING AND ITS NEVER DONE THIS BEFORE,"@520236 Hey, we can help you with your iPhone. First, can you tell us the exact iOS version? Also, are all apps updated in the App Store?",need help phone keeps freeze randomly restarting,help iphone tell exact ios version app update app store
AppleSupport,365418,@AppleSupport @115858 Since the new iOS update my phone keeps freezing - do you know why?,"@365418 Let's get that taken care of together. Is this behavior happening with all apps, or is it isolated to certain specific apps?",new ios update phone keep freeze know,let take care behavior happen app isolate certain specific app
AppleSupport,321637,"@AppleSupport Really I'm fed up with my iPhone. It's really useless now after your stupid update(11.0.3).
It's really slow and lagging.","@321637 Your iPhone is important to you; we'll do all we can to help. To get started, connect with us in DM here: https://t.co/GDrqU22YpT",feed iphone useless stupid update(11.0.3 slow lag,iphone important help start connect dm url
AppleSupport,588131,"@115858 @59977 And this is a very sad succulent, not tapas. Definitely not edible, not even for a #vegan like me. https://t.co/LX6BNng6q1","@588131 We want to get this right for you. Please send us a DM with your current iOS version, and we'll look into this. https://t.co/GDrqU22YpT",sad succulent tapas edible vegan url,want right send dm current version look url
AppleSupport,123380,@AppleSupport What about the battery issue with iOS 11?,@123380 We can take a further look. DM us what iOS version. https://t.co/GDrqU22YpT,battery issue ios,look dm ios version url
AppleSupport,123380,@115858 FIX YOUR IPHONES! WHY THE HELL DO I️ HAVE AN I️ QUESTION MARK BOX???,"@123380 iOS 11.1.1 was recently released and it includes a fix for autocorrect issues. Be sure to back up your device prior to updating, and let us know if the issue persists afterwards. How to back up: https://t.co/4f8hwT5to6",fix iphone hell i️ i️ question mark box,release include fix autocorrect issue sure device update let know issue persist url
AppleSupport,574962,this fucking iOS update made my touchscreen stop working  twice already @115858 😡,@574962 We want to help. Does this happen on a specific area of the screen? Which device is this happening on? Please send us a DM. https://t.co/GDrqU22YpT,fucking update touchscreen stop work 😡,want help happen specific area screen device happen send dm url
AppleSupport,365418,"@AppleSupport It seems to be most apps, and just in general using the phone it freezes all the time",@365418 Got it. Does a restart help? What's the software version number you're running in Settings &gt; General &gt; About &gt; Version?,app general phone freeze time,got restart help software version number run settings gt general gt gt version
AppleSupport,365418,"@AppleSupport Ok, I’ll try that when I am connected to WiFi . Thanks",@365418 You're welcome. Sounds like a plan.,try connect wifi thank,welcome sound plan
AppleSupport,365418,@AppleSupport I have to keep restarting it when it freezes. It happens again though. I’m currently on 11.0,"@365418 Let's get you updated to the most current version, 11.0.3. Be sure to create a backup before updating. Let us know if that helps.",restart freeze happen,let update current version sure create backup update let know help
AppleSupport,365417,@115858 @116333 How long does installing High Sierra take?  I need percentages vs this over 12+ hours.  It feels like Frogger:( Restart? https://t.co/jhQXFOVUyt,@365417 We'd like to look into this. Send us a DM to continue. https://t.co/GDrqU22YpT,instal high sierra need percentage hour feel frogger restart url,like look send dm continue url
AppleSupport,370207,ive had my iphone 8 for less than a week &amp; it already wont connect to cellular/wifi &amp; the charger provided doesnt work:) SO done with @115858,@370207 We've responded to your DM. Please join us there.,ve iphone week amp connect cellular wifi amp charger provide work,respond dm join
AppleSupport,354433,"Everything stopped by the time I upgraded IOS11, a system lagged as shit.@116333 https://t.co/m2QLGYVq8K",@354433 We'd like to see how we can help. Send us a DM to get started. https://t.co/GDrqU22YpT,stop time upgrade ios11 system lag url,like help send dm start url
AppleSupport,501102,"@115948 @AppleSupport When I try, I get the spinning wheel that never goes away and I have to shut down the app completely. https://t.co/X08ExqjRCZ",@501102 We'll do everything we can to help! Does this behavior occur after restarting your iPhone? What iOS version is installed?,try spin wheel go shut app url,help behavior occur restart iphone ios version instal
AppleSupport,456918,If I have to buy another iPhone because @AppleSupport shitty ass update ruined it im buying a Samsung f it.,@456918 Thanks for reaching out. DM us using the link below. We'd like some details to assist. https://t.co/GDrqU22YpT,buy iphone shitty ass update ruin m buy samsung f,thank reach dm link like detail assist url
AppleSupport,354437,@AppleSupport Hello again. having camera difficulty when facetiming or using photobooth. The latest software is downloaded. what could this be? https://t.co/ZT2ZqntCP3,@354437 We'd love to help with your camera. How long has this been going on? Any recent changes?,have camera difficulty facetime photobooth late software download url,love help camera go recent change
AppleSupport,354437,"@AppleSupport Hello again, this screen froze over the video playing underneath. This happens sometimes, do you know what it’s about https://t.co/HircLHHwik","@354437 Let's resolve that issue. Which macOS version is running currently? Also, have you tried to restart? If not, try that out.",screen freeze video playing happen know url,let resolve issue macos version run try restart try
AppleSupport,354437,@AppleSupport macOS Sierra Version 10.12.6 Yes I’ve reset it too. I can never predict when it will happen https://t.co/Hqb7iIRSO3,@354437 Does this only happen while playing videos? What app are you using when this happened?,macos sierra version 10.12.6 reset predict happen url,happen play video app happen
AppleSupport,354437,@AppleSupport hey my touch bar isn't working again. In iTunes this time https://t.co/5GCRIP35Gw,@354437 We're here to help. Is it only having issues with iTunes? What version of macOS are you currently running?,touch bar work itunes time url,help have issue itunes version macos run
AppleSupport,354437,"@AppleSupport Google Chrome and Safari. Yes videos, but the screen wavers and flickers sometimes just on the desktop or non-video apps",@354437 Thank you for that information. DM us your current country. https://t.co/GDrqU22YpT,google chrome safari video screen waver flicker desktop non - video app,thank information dm current country url
AppleSupport,354434,"@115858 my Logic Pro X crashed, I lost a song that was saved, I'm very sad.... can you help me",@354434 We've got a team of specialists that would be happy to assist. You can connect with them here: https://t.co/IBIY3vMgPj,logic pro x crash lose song save sad help,get team specialist happy assist connect url
AppleSupport,331058,"@AppleSupport Instagram is one of the worst, but it happens with other apps. Chrome on the Mac is glitched out bad.",@331058 Does this happen when using Safari as well?,instagram bad happen app chrome mac glitche bad,happen safari
AppleSupport,123703,@AppleSupport Only twitter currently,@123703 Thanks. Let's start by updating both devices to see if the issues continues. This can help: https://t.co/80YRnjDFDk,twitter,thank let start update device issue continue help url
AppleSupport,123703,@AppleSupport 6s plus iOS 11.03,@123703 Do you notice this display issue with any other apps?,6s ios,notice display issue app
AppleSupport,331058,"@AppleSupport Everything should be seamless, be seamless, cause what you are doing is not seamless and i will drive my own fucking car",@331058  Please DM us so that we can look into this together. https://t.co/GDrqU22YpT,seamless seamless cause seamless drive fucking car,dm look url
AppleSupport,331058,@AppleSupport It's slow and unresponsive - kind of like the touch screen on my iPhone,@331058 Does this happen when you're using a specific app or apps?,slow unresponsive kind touch screen iphone,happen specific app app
AppleSupport,123703,@AppleSupport Series 3 LTE,@123703 Which iPhone and iOS version are you using on the paired iPhone?,series lte,iphone version paired iphone
AppleSupport,123702,"Hello,i have a question but i'm not sure is that possible, we have 150 ipads and we use apple configurator 2 for install apps to devices. First we connect devices to imac then we install with app configurator, can we install apps without connect to imac ?@AppleSupport #apple",@123702 Hello! You'll want to work with our Enterprise support team on this. You can reach them through this link: https://t.co/IBIY3vMgPj,question sure possible ipad use apple configurator install app device connect device imac install app configurator install app connect imac apple,want work enterprise support team reach link url
AppleSupport,123700,@123701 Well if you find out how to resolve it please let me know 😩 @AppleSupport can you help us ..... no I know I’ll stick with apple haha,@123700 We've received your DM and will contiue with you from there. Keep an eye out for our response.,find resolve let know 😩 help know stick apple haha,receive dm contiue eye response
AppleSupport,123699,@AppleSupport suspect fraud for you to look into #fraud #crime #dontfallforit https://t.co/hbQ7PGl3bV,@123699 We can help. This looks like a phishing attempt. See how to handle and report these here: https://t.co/6Ye6EtSytB,suspect fraud look fraud crime dontfallforit url,help look phishing attempt handle report url
AppleSupport,331058,@AppleSupport I stopped using Safari months ago cause there is no RES Reddit support for it anymore.,"@331058 Do you experience problems with any of your Apple apps as well, or does this only happen with third-party apps you’ve downloaded? Are there any troubleshooting steps you have tried such as restarting your Mac or deleting and reinstalling those apps?",stop safari month cause res reddit support,experience problem apple app happen party app download troubleshooting step try restart mac delete reinstall app
AppleSupport,354437,@AppleSupport the SMC took care of both problems thank you for the information!,"@354437 Excellent to hear it! If there's anything you need in the future, reach out. We'll be happy to help.",smc take care problem thank information,excellent hear need future reach happy help
AppleSupport,354437,"@AppleSupport when I click on a message, the options do not appear on touch bar. And yes the FaceTime doesn't work for any contact https://t.co/oqFWccxWAI","@354437 Have you been able to restart computer? If so, let's perform an SMC reset and then try: https://t.co/FYojVXHuwn",click message option appear touch bar facetime work contact url,able restart computer let perform smc reset try url
AppleSupport,354437,"@AppleSupport the text reactions aren't working in iMessage. also when I FacetTme from my MacBook, the person I'm talking to can't see me",@354437 We can help with both issues. What happens when trying to use reactions? Does this affect multiple contacts?,text reaction work imessage facettme macbook person talk,help issue happen try use reaction affect multiple contact
AppleSupport,354447,"@AppleSupport my photos aren’t loading and have a cloud in the corner... tried to delete and they all reappear, so tired of this craziness",@354447 We want to make sure you're taken care of. Which device are you seeing this on?,photo load cloud corner try delete reappear tired craziness,want sure take care device see
AppleSupport,354447,@AppleSupport iPhone 7 +,"@354447 Thanks. To make sure you get the help you need, let's have you work with our Photos experts: https://t.co/IBIY3vMgPj",iphone,thank sure help need let work photos expert url
AppleSupport,354446,@AppleSupport my iPhone 7 is stuck,@354446 We'd be happy to look into what's going on. Can you tell us more about what's happening with your iPhone?,iphone stick,happy look go tell happen iphone
AppleSupport,354445,I am unable to update applications and install new apps #worstIOS11Update #apple @115858 @118936,@354445 We're glad to help! Have you restarted your iPhone since noticing it? We've got a guide to share with you: https://t.co/FgWA1fgP26,unable update application install new app worstios11update apple,glad help restart iphone notice get guide share url
AppleSupport,354442,@342218 @115858 Amen. Any fix for the battery drain?,@354442 We'd love to work with you to address your battery life issues. Tell us what kind of device you're using via DM. https://t.co/GDrqU22YpT,fix battery drain,love work address battery life issue tell kind device dm url
AppleSupport,354440,@AppleSupport @354442 The keyboard blocks my texts - can’t see what I’m typing,@354440 Let's see how we can help. Which device are you using? Which app do you see this issue happening in?,keyboard block text type,let help device app issue happen
AppleSupport,354440,@AppleSupport In messaging - can’t see my text - covered by keyboard - also the done button does not work,"@354440 Thanks for the additional information. Send us a DM, letting us know which device you're using, and we'll continue from there. https://t.co/GDrqU22YpT",messaging text cover keyboard button work,thank additional information send dm let know device continue url
AppleSupport,354439,"@115858 Thanks again, @115858 for bricking my phone w your awesome new update. I'm sure it is very awesome.",@354439 We’d like to see how we can help. Can you DM us some more details about the issue you're having? https://t.co/GDrqU22YpT,thank bricke phone awesome new update sure awesome,like help dm detail issue have url
AppleSupport,354432,@AppleSupport tired of my WiFi dropping. There is a serious BUG with the newer iPhones (7 &amp; up)!My iPhone 6 cant be near a 7/8 or ill drop!,@354432 We're happy to assist. Which iOS 11 version are you currently running? Go to Settings &gt; General &gt; About for the version.,tired wifi dropping bug new iphone amp iphone ill drop,happy assist version run settings gt general gt version
AppleSupport,354438,@AppleSupport Please sort out the IOS 11.03 problems. It’s the worst it’s ever been. C’mon it’s time to get it right. #iPhone7Plus,@354438 We've got your DM and will continue with you there! Thanks so much.,sort ios problem bad c’m time right iphone7plus,get dm continue thank
AppleSupport,190289,@116333 @348896 My iPhone 7 Plus freeze up &amp; I couldn’t reboot my iPhone till it died,@190289 We can take a look at what's going on with your device. Send us more information in a DM. https://t.co/GDrqU22YpT,iphone freeze amp reboot iphone die,look go device send information dm url
AppleSupport,354437,@AppleSupport my touch bar isn't working! https://t.co/Exw41Bcg2p,@354437 We want your Mac to always work as expected. Does the Touch Bar work in any apps outside of Messages?,touch bar work url,want mac work expect touch bar work app message
AppleSupport,354437,@AppleSupport yes it works in my other programs,@354437 Let's try force-closing Messages using the steps here: https://t.co/qyCtTUs7VU and then reopening Messages.,work program,let try force close message step url reopen message
AppleSupport,354437,@AppleSupport ok that settled it for now. Thank you for your assistance 🤳🏾,@354437 You're welcome. If you have any other questions feel free to reach out.,settle thank assistance 🤳 🏾,welcome question feel free reach
AppleSupport,291963,@496400 @501100 @501101 @115858 @AppleSupport SOMEONE HELP ME.,"@291963 We'd like to help, but we'll need more details about what's happening first. Also, which model is it and which OS version?",help,like help need detail happen model os version
AppleSupport,437935,@AppleSupport IOS 11.0.3 needs a new update,@437935 We're happy to help with any issues you're having since the update. DM us details of what's going on &amp; we'll get started. https://t.co/GDrqU22YpT,ios need new update,happy help issue have update dm detail go amp start url
AppleSupport,164340,".@AskTarget sold me a new iPhone locked to @TMobileHelp when I have @115990 and they tell me to go to @AppleSupport but basically no one, including Apple, will help get the phone unlocked. So frustrating.",@164340 We'd like to hear more about what's going on with your iPhone. Please DM us and we'll continue there. https://t.co/GDrqU22YpT,.@asktarget sell new iphone lock tell include apple help phone unlocked frustrating,like hear go iphone dm continue url
AppleSupport,314364,"The lastest @115858 #iOS11 update is rubbish. Apps don’t open, phone keeps freezing, and can’t make calls without turning it off first 😡😡😡😡","@314364 We want your iPhone to work perfectly after an update. Meet us in DM, and we'll troubleshoot there. https://t.co/GDrqU22YpT",last ios11 update rubbish app open phone keep freeze call turn 😡 😡 😡 😡,want iphone work update meet dm troubleshoot url
AppleSupport,123694,"@AppleSupport Sorry, I don’t know what is DM? Can u please help me out.",@123694 DM is a Direct Message. Click the link here: https://t.co/GDrqU22YpT,sorry know dm help,dm direct message click link url
AppleSupport,503409,Hey @AppleSupport when is the update that fixes my i from turning into an a and a ?,@503409 Here’s what you can do to work around the issue until it’s fixed in a future software update: https://t.co/qODbOsp4wz,update fix turn,work issue fix future software update url
AppleSupport,265817,"@AppleSupport Excuse you, after the software update the letter I️ “eye” comes out as an A followed by a question mark in a box 🧐🙄",@265817 Here’s what you can do to work around the issue until it’s fixed in a future software update: https://t.co/xXaXeeSRt9,excuse software update letter i️ eye come follow question mark box 🧐 🙄,work issue fix future software update url
AppleSupport,503410,"@AppleSupport I’ve been to Apple store twice and the second time y’all replaced my phone, which also doesn’t work",@503410 We want you to have a working phone. Let us know in DM what exactly is going on with the new unit. https://t.co/GDrqU22YpT,apple store second time replace phone work,want work phone let know dm go new unit url
AppleSupport,503411,@AppleSupport @503412 Why do I️ have to put in the work to fix it?,@503411 You can use the workaround for the issue until it’s fixed in a future software update.,work fix,use workaround issue fix future software update
AppleSupport,503412,@503411 I’m gunna get them now. @115858 @AppleSupport,@503412 Thanks for reaching out. We have a workaround for this here: https://t.co/xXaXeeSRt9 DM us if you still need help. https://t.co/GDrqU22YpT,gunna,thank reach workaround url dm need help url
AppleSupport,503413,Fix this capital I️ bullshit @115858,@503413 Here’s what you can do to work around the issue until it’s fixed in a future software update: https://t.co/xXaXeeSRt9,fix capital i️ bullshit,work issue fix future software update url
AppleSupport,629578,"Come on yo, I️t was just working  @115858. https://t.co/cwaq5Wp6vk",@629578 Here’s what you can do to work around the issue until it’s fixed in a future software update: https://t.co/xXaXeeSRt9,come yo i️t work url,work issue fix future software update url
AppleSupport,503414,@AppleSupport That has nothing to do with Face ID. That talks about iMessage and FaceTime.,@503414 We'd like to continue working with you via DM so we can dig into this in greater detail. Reach out to us here: https://t.co/GDrqU22YpT,face id talk imessage facetime,like continue work dm dig great detail reach url
AppleSupport,503414,Yo @115858 @AppleSupport! What is the deal?!!?! https://t.co/e1qrJcayRj,@503414 We can help! Take a look at: https://t.co/t5OLK0UjJp &amp; let us know if you still need us.,deal url,help look url amp let know need
AppleSupport,503415,You know there is something wrong with your @115858 iPhone when the time is still in day light savings time 12 hours after the time change.,@503415 We have a great resource to help with this: https://t.co/31y1X19me6 Still issues? Let us know.,know wrong iphone time day light saving time hour time change,great resource help url issue let know
AppleSupport,503416,@503417 @AppleSupport @115858 Yeah bro! 🧐,@503416 Here’s what you can do to work around the issue until it’s fixed in a future software update: https://t.co/xXaXeeSRt9,bro 🧐,work issue fix future software update url
AppleSupport,629580,This iOS bug is ANNOYING AF @AppleSupport,"@629580 Let us know via DM which device this is on and what exactly is occurring, then we can help from there. https://t.co/GDrqU22YpT",ios bug annoying af,let know dm device occur help url
AppleSupport,629581,@AppleSupport PLEEEEASEEEEEEE https://t.co/zJwHpumOXS,@629581 Here’s what you can do to work around the issue until it’s fixed in a future software update: https://t.co/xXaXeeSRt9 https://t.co/GDrqU22YpT,pleeeeaseeeeeee url,work issue fix future software update url url
AppleSupport,629582,Yo uh @115858 can we get an iOS update to fix these whack ass glitches? 🙄,"@629582 We'd like to help. DM us, and we'll get started. https://t.co/GDrqU22YpT",ios update fix whack ass glitch 🙄,like help dm start url
AppleSupport,582463,"@AppleSupport y’all are being really productive in fixing this keyboard glitch, aren’t ya?",@582463 Here’s what you can do to work around the issue until it’s fixed in a future software update: https://t.co/xXaXeeSRt9,productive fix keyboard glitch ya,work issue fix future software update url
AppleSupport,629579,@115858 y’all can fix these type of things in 3 seconds “ I️ “ don’t wanna see this BULLSHIT,@629579 Here’s what you can do to work around the issue until it’s fixed in a future software update: https://t.co/xXaXeeSRt9,fix type thing second i️ wanna bullshit,work issue fix future software update url
AppleSupport,503408,"@115858 Everything is ssslllooowww. Podcasts a) won’t load, b) frequently crash, c) are WAY harder to navigate, d) are now horribly organized. BOOOO",@503408 We’re here to help. Would you please DM us which iOS version is currently installed on your iPad? https://t.co/GDrqU22YpT,ssslllooowww podcast load crash hard navigate organize boooo,help dm ios version instal ipad url
AppleSupport,629577,@TwitterSupport why is this happening to me? Is it an iOS bug? @AppleSupport https://t.co/pTuTFQ96JO,@629577 Here’s what you can do to work around the issue until it’s fixed in a future software update: https://t.co/xXaXeeSRt9,happen ios bug url,work issue fix future software update url
AppleSupport,629576,@AppleSupport @118936 @23150 @160959 I️ I️ I️ I️ I️ I️ I️ I️ I️ I️ I️ I️ I️ I️ please help I️ I️ I️ I️ I️,@629576 Here’s what you can do to work around the issue until it’s fixed in a future software update: https://t.co/xXaXeeSRt9,i️ i️ i️ i️ i️ i️ i️ i️ i️ i️ i️ i️ i️ i️ help i️ i️ i️ i️ i️,work issue fix future software update url
AppleSupport,370236,@AppleSupport Hi is there anyway to turn off memories and or stop the memories notifications from appearing in my photos/phone. Thanks,@370236 Hey there! Great question. You can turn off these notifications by going to Settings &gt; Notifications &gt; Photos &gt; Memories.,turn memory stop memory notification appear photos phone thank,great question turn notification go setting gt notifications gt photos gt memories
AppleSupport,123695,This new @115858 update sucks! I’m not getting any texts in group chats and it’s terribly slow!,@123695 Hi. We'd like to help. DM us and tell us the exact version of iOS you're running on your device. https://t.co/GDrqU22YpT,new update suck get text group chat slow,like help dm tell exact version ios run device url
AppleSupport,370237,@115948 @AppleSupport the new public beta for iOS 11 just signed me out of Apple Music and deleted all my songs and playlists....,@370237 Send us a DM with the country that you are located in to continue. https://t.co/GDrqU22YpT,new public beta ios sign apple music delete song playlist,send dm country locate continue url
AppleSupport,314322,@AppleSupport Having the same issue too. I opened a radar #34904227,"@314322 If you're having issues with Handoff, go ahead and meet us within DM here: https://t.co/GDrqU22YpT",have issue open radar,have issue handoff meet dm url
AppleSupport,354424,"@115858 #Today I am hating apple, I have been in contact with apple support for5days, but the problems in my phone are still happening!!",@354424 We'd like to know more. Please meet us in DM and provide more info concerning your issue. https://t.co/GDrqU22YpT,today hat apple contact apple support for5days problem phone happen,like know meet dm provide info concern issue url
AppleSupport,575012,@AppleSupport i just got my series 3 watch and it’s.... a totally different gold than my iphone 7 and my dad’s series 1. is this normal? https://t.co/gAvd72T0ya,@575012 You can compare your Apple Watch to the product page: https://t.co/jD4ilgjPHG DM us if you have any further questions. https://t.co/GDrqU22YpT,get series watch different gold iphone dad series normal url,compare apple watch product page url dm question url
AppleSupport,575014,@AppleSupport Ok. Are you a Real Human talking to me or a computer?,@575014 We are real humans responding on this end. Reach out to us via DM and we'll be happy to help. https://t.co/GDrqU22YpT,ok real human talk computer,real human respond end reach dm happy help url
AppleSupport,370238,"Is it me or is there something wrong with @115858 ‘s latest #iOS ?
#iPhone7 acting strangely","@370238 Your iPhone is important to you; we'll do all we can to help. To start, let us know what unexpected behavior you're seeing.",wrong late iphone7 act,iphone important help start let know unexpected behavior see
AppleSupport,575014,WEIRD ASS GLITCH! @115858 FIX IT https://t.co/gsBRZUEzKq,@575014 Let's team up and sort this out. DM us the iOS version installed and any troubleshooting performed to try to correct this. https://t.co/GDrqU22YpT,weird ass glitch fix url,let team sort dm ios version instal troubleshooting perform try correct url
AppleSupport,575015,@AppleSupport :( https://t.co/znvTSbc8OA,@575015 We'd be happy to look into this with you more in detail.  Please reach out to us via DM and we'll get started. https://t.co/GDrqU22YpT,url,happy look detail reach dm start url
AppleSupport,123694,"@116333 Hi,can you please update iOS software to 11.2 because I am facing a lots of issues with the latest version iOS 10.1","@123694 Good morning, Sai! We're sorry that the update isn't working out. Send us a DM, and tell us why. We'd love to sort it out. https://t.co/GDrqU22YpT",hi update software face lot issue late version,good morning sai sorry update work send dm tell love sort url
AppleSupport,189132,@AppleSupport spam alert... thought you’d like to know. https://t.co/67ZU1HfX3t,@189132 Thanks for the tip! You can find steps on reporting phishing messages to us here as well: https://t.co/LNMCdqt6fD https://t.co/GDrqU22YpT,spam alert think like know url,thank tip find step report phishe message url url
AppleSupport,575023,@AppleSupport dropped my new watch.  Is this the same as dropping a phone?  Expensive? https://t.co/i5TJdcmVPG,"@575023 We'd love to work with you! Join us in DM with additional information, including your country, to get started: https://t.co/GDrqU22YpT",drop new watch drop phone expensive url,love work join dm additional information include country start url
AppleSupport,656930,FIX THE I️ @115858,@656930 We'd like to help out. Does this happen when you enter text or when viewing text from another iOS device? Which iOS version is installed? Tell us more in a DM. https://t.co/GDrqU22YpT,fix i️,like help happen enter text view text ios device version instal tell dm url
AppleSupport,656931,"@AppleSupport Yes, it keeps dropping connection then reconnecting only been happening last 2 days.",@656931 Let's get to the bottom of what's going on. Is it happening with multiple Wi-Fi networks? Which OS version and device are we working with?,keep drop connection reconnecte happen day,let go happen multiple wi fi network os version device work
AppleSupport,579344,"@AppleSupport #iPadpro  iOS 11.0.3 made it worse, battery drain, freezes! Time to move on to #Android #news #BatteryDrain #Apple",@579344 Reach out to us via DM and we'll be happy to work with you on resolving this from there. https://t.co/GDrqU22YpT,ipadpro bad battery drain freeze time android news # batterydrain apple,reach dm happy work resolve url
AppleSupport,629576,@AppleSupport Thanks so much 💛,@629576 We're glad that we were able to assist. Thanks for taking the time to reach out!,thank 💛,glad able assist thank take time reach
AppleSupport,629583,Omg. Now it’s happening to my O’s! @AppleSupport https://t.co/khvGbhLkDN,@629583 We'd be happy to look into this. Can you DM us the exact version of iOS you are running? https://t.co/GDrqU22YpT,omg happen o url,happy look dm exact version ios run url
AppleSupport,370236,@AppleSupport Thanks for your help 😀,@370236 It's our pleasure. Let us know if we can help with anything else.,thank help 😀,pleasure let know help
AppleSupport,629584,@AppleSupport iOS 10.0.1,"@629584 Thanks! Tell us in DM how long the device lasts from a full charge, please. https://t.co/GDrqU22YpT",ios,thank tell dm device last charge url
AppleSupport,293785,Ummmm why doesn’t the letter that comes after H work on my phone anymore after the most recent iOS update? @115858,@293785 Here’s what you can do to work around the issue until it’s fixed in a future software update: https://t.co/qODbOsp4wz,ummmm letter come h work phone recent update,work issue fix future software update url
AppleSupport,457800,"@AppleSupport  @115858 Great job with IOS 11. Even after 3 updates, you are still bug ridden!! https://t.co/VQCk57AMl0","@457800 We can help. Were you able to install the latest update, iOS 11.1?  Let us know what problems you are experiencing.",great job ios update bug ride url,help able install late update let know problem experience
AppleSupport,669664,I updated my phone and I still see boxes with questions marks @115858,@669664 Let's have a look at this together. Can you please DM us? https://t.co/GDrqU22YpT,update phone box question mark,let look dm url
AppleSupport,503424,"Dear @115858 
What going on Fam. 
Why so many glitches on my keyboard 
#softwareupdatefail #apple #fixit",@503424 We're here for you. Can you tell us the details on what's going on with your keyboard?,dear go fam glitch keyboard softwareupdatefail apple fixit,tell detail go keyboard
AppleSupport,121475,"@AppleSupport , I just wanted to let you know that this is the second time facing a problem (sudden shutdown) with my iPhone which lead me to restore, delete everything and fresh install due to your recent software updates. Pls fix this issue quickly!!","@121475 We're glad you reached out to let us know. It's never our intention for you to have issues after updating the iOS on your iPhone. Did restoring help? If not, send us a DM and let us know. We're always happy to help work through any concerns with your iPhone. https://t.co/GDrqU22YpT",want let know second time face problem sudden shutdown iphone lead restore delete fresh install recent software update fix issue,glad reach let know intention issue update ios iphone restore help send dm let know happy help work concern iphone url
AppleSupport,123689,@AppleSupport why is my alarm sound not working when on silent and volume on lock screen not working after the update??,@123689 We're here for you. Does this happen when Do Not Disturb is enabled? Do newly created alarms have the same issue?,alarm sound work silent volume lock screen work update,happen disturb enable create alarm issue
AppleSupport,457801,@115858 fix this problem with typing I️ and sending these damn lines.... messing my work emails all up 🤯🤬🤯🤬,@457801 We can definitely help to look into this together. Reach out to us in DM and we'll continue there. https://t.co/GDrqU22YpT,fix problem type i️ send damn line mess work email 🤯 🤬 🤯 🤬,help look reach dm continue url
AppleSupport,123688,"Got burned and scarred with my magsafe charger and Apple didn't give a shit, so I'm switching to Microsoft. @AppleSupport @115858 https://t.co/GivRMgiSWk",@123688 We want to look into this with you. Send us a DM letting us know more about what happened. https://t.co/GDrqU22YpT,got burn scar magsafe charger apple shit switch microsoft url,want look send dm let know happen url
AppleSupport,501096,HOW COME EVERY TIME I️ TYPE I IT TURNS INTO I️ @AppleSupport help pls,"@501096 Thanks for contacting us, we're here for you. Please follow the steps in this support article: https://t.co/xXaXeeSRt9",come time i️ type turn i️ help,thank contact follow step support article url
AppleSupport,813991,"@AppleSupport Unfortunately yes, I’m still seeing this pop-up message after I’m done setting up my iPhone about two days ago.","@813991 Let's work on this together via DM. We want your iPhone X to be a joy and pleasure to use. Please tap here, then share a screenshot of the alert: https://t.co/GDrqU22YpT",see pop message set iphone day,let work dm want iphone x joy pleasure use tap share screenshot alert url
AppleSupport,143666,I have a loving/hate relationship with my iphone 7. It’s not even 1 year old and the fucking battery sucks. I love iphones but i hate their battery jfc do something @115858,@143666 Thanks for reaching out to us for support. We would love to help you. Please DM us so that we can look into this together. https://t.co/GDrqU22YpT,loving hate relationship iphone year old fucking battery suck love iphone hate battery jfc,thank reach support love help dm look url
AppleSupport,143665,"@AppleSupport if i buy the WiFi only iPad, can i later add the cellular package to it?",@143665 The Wi-Fi only models do not have the capability to run cellular. You would need to buy a cellular version to have the option to activate later.,buy wifi ipad add cellular package,wi fi model capability run cellular need buy cellular version option activate
AppleSupport,370235,@AppleSupport screenshot function not working. https://t.co/Szra1O5tnN,"@370235 Hey, let's look into what's going on. Does the issue persist after a restart? Also, what's the exact iOS version?",screenshot function work url,let look go issue persist restart exact ios version
AppleSupport,503425,"@AppleSupport 

Cannot send work emails because of this I️ I️ I️ I️ I️ I️ I️ I️ situation. 

FIX IT OR IM THROWING MY IPHONE AWAY",@503425 Here’s what you can do to work around the issue until it’s fixed in a future software update: https://t.co/qODbOsp4wz,send work email i️ i️ i️ i️ i️ i️ i️ situation fix im throw iphone,work issue fix future software update url
AppleSupport,590740,@117735 @AppleSupport Cellular data suddenly not working on iPhone 8. Not sure if this is a network or software problem. 2 bars/LTE.,"@590740 We can take a look into that and see what's going on. To start, let us know via DM which iOS version your device is on. https://t.co/GDrqU22YpT",cellular datum work iphone sure network software problem bar lte,look go start let know dm ios version device url
AppleSupport,201222,@115858 @AppleSupport how long of a video can i make on my iphone?if i leave my phone all day to record my dog will it record forever?,@201222 We'd like to help! DM us and we'll be happy to help.,video leave phone day record dog record,like help dm happy help
AppleSupport,669663,Yo @115858 @AppleSupport ever since this last update my phone has crashed multiple times a day and it’s relatively new. What is going on?!,@669663 We want to help. Send us a DM and tell us which iPhone you have so we can help you. https://t.co/GDrqU22YpT,yo update phone crash multiple time day new go,want help send dm tell iphone help url
AppleSupport,265026,@115858 @AppleSupport ayo y’all need to fix this dumb ass “A box question mark” bullshit because now it’s changing into that when i say “I️t” now &amp; it’s pissing me off 😡,"@265026 Please update to the latest version of iOS, 11.1.1. This resolves the auto-correct issue. Remember to back up your device first.

How to update your iOS device: https://t.co/80YRnjDFDk
How to back up your iOS device: https://t.co/4f8hwT5to6",ayo need fix dumb ass box question mark bullshit change i️t amp piss 😡,update late version ios resolve auto correct issue remember device update ios device url ios device url
AppleSupport,457802,@AppleSupport Could you pls fix this ? https://t.co/2oxlKDIpm8,"@457802 We’d love to help. To start, please send us a DM with more details on the behavior you’re experiencing. https://t.co/GDrqU22YpT",fix url,love help start send dm detail behavior experience url
AppleSupport,123690,"@AppleSupport 7 Plus, iOS 11.1","@123690 DM us your country, and we'll continue working there. https://t.co/GDrqU22YpT",plus,dm country continue work url
AppleSupport,123690,@AppleSupport These question mark boxes are about to make me mad lol please help,@123690 We'd be happy to see how we can help. Which device and OS version are you experiencing this on?,question mark box mad lol help,happy help device os version experience
AppleSupport,123691,@AppleSupport Phone was 😴 Apple Watch ⌚️ 👌. I was wearing during workout this a.m.  usually get all Twitter notifications,@123691 Thanks for clarifying this for us. Have you restarted both devices since you noticed this behavior?,phone apple watch ⌚ 👌 wear workout a.m. twitter notification,thank clarify restart device notice behavior
AppleSupport,503418,@115858 @797 @13071 bruh y’all gotta fix this I️ mess just cause it’s the weekend don’t mean y’all can’t be working,@503418 Here’s what you can do to work around the issue until it’s fixed in a future software update: https://t.co/xXaXeeSRt9,bruh get fix i️ mess cause weekend mean work,work issue fix future software update url
AppleSupport,503419,Can y’all fix this whole I️ thing like yesterday plz @115858,@503419 Here’s what you can do to work around the issue until it’s fixed in a future software update: https://t.co/qODbOsp4wz,fix i️ thing yesterday,work issue fix future software update url
AppleSupport,503420,Say @115858 yall stay on some shit patch!! Tf all the I's looking like exclamations for??,@503420 Here’s what you can do to work around the issue until it’s fixed in a future software update: https://t.co/xXaXeeSRt9,stay shit patch look exclamation,work issue fix future software update url
AppleSupport,629584,"Dear @115858, I am a broke college gal and will not be able to get the iphone 8 or X, so please if you could stop making my 7 act like trash i would really appreciate it. Love, Sofi",@629584 We'd like to help any way we can. What's the issue happening on it and any steps tried? Which iOS is installed?,dear broke college gal able iphone x stop make act trash appreciate love sofi,like help way issue happen step try instal
AppleSupport,123693,new iOS 11.1 bug? @AppleSupport https://t.co/EPcqhcyxPd,@123693 We'll be happy to look into this. DM us which iPhone you're using and we'll go from there. https://t.co/GDrqU22YpT,new bug url,happy look dm iphone url
AppleSupport,123692,"Yay for the rock solid @115858 update process. Such upgrade, much Sierra. WTF is with firmware verification errors on a working MacBook Pro? https://t.co/GKCY32Z8Ob","@123692 We're here for you. Send us a DM, and we'll take a closer look at updating your macOS. https://t.co/GDrqU22YpT",yay rock solid update process upgrade sierra wtf firmware verification error work macbook pro url,send dm close look update macos url
AppleSupport,629585,I don't understand how @115858 can come out with a new phone every two seconds but they can't send us an update to fix the dumb bug. It's been way too long and I'm over it.,@629585 Here’s what you can do to work around the issue until it’s fixed in a future software update: https://t.co/xXaXeeSRt9,understand come new phone second send update fix dumb bug long,work issue fix future software update url
AppleSupport,629586,"@AppleSupport It’s the new features, the dock, the swiping! Why change something that works perfectly! It’s not an improvement",@629586 We value feedback and suggestions. Tell us more here: https://t.co/eTPVYVFyd8,new feature dock swiping change work improvement,value feedback suggestion tell url
AppleSupport,629586,@115858 how do I go back to ios10 on iPad! This is absolutely shocking 👎🏼,"@629586 At this time, we don’t provide support to downgrade your device. Can you tell us what is happening since you updated? https://t.co/GDrqU22YpT",ios10 ipad shocking 👎 🏼,time provide support downgrade device tell happen update url
AppleSupport,123692,"@AppleSupport Thanks for the prompt reply. Scary error, seemingly unrelated to the actual issue: I think a bit of Disk Utility love will get me there.",@123692 OK. Feel free to send us a DM if you still have questions.,thank prompt reply scary error unrelated actual issue think bit disk utility love,ok feel free send dm question
AppleSupport,123691,@AppleSupport did update on 📱 n ⌚️ result? No more Twitter notifications😱 Yup mirrors my 📱 #itsalwayssomething,@123691 We want to be sure you receive notifications as you'd expect. Let us know if this helps: https://t.co/vXqj8bZGU7,update 📱 ⌚ ️ result twitter notification 😱 yup mirror 📱 itsalwayssomethe,want sure receive notification expect let know help url
